date,GAZP
2016-09-19,136.59
2016-09-20,137.0
2016-09-21,136.25
2016-09-22,136.7
2016-09-23,136.7
2016-09-26,135.26
2016-09-27,133.92
2016-09-28,134.09
2016-09-29,135.31
2016-09-30,134.9
2016-10-03,135.37
2016-10-04,136.23
2016-10-05,134.8
2016-10-06,135.9
2016-10-07,136.1
2016-10-10,139.1
2016-10-11,138.98
2016-10-12,138.07
2016-10-13,137.47
2016-10-14,136.2
2016-10-17,135.57
2016-10-18,135.81
2016-10-19,135.49
2016-10-20,134.72
2016-10-21,134.96
2016-10-24,135.05
2016-10-25,135.3
2016-10-26,135.32
2016-10-27,135.04
2016-10-28,135.0
2016-10-31,138.84
2016-11-01,141.98
2016-11-02,140.81
2016-11-03,139.9
2016-11-07,138.5
2016-11-08,139.32
2016-11-09,145.62
2016-11-10,147.4
2016-11-11,147.88
2016-11-14,146.26
2016-11-15,145.9
2016-11-16,145.5
2016-11-17,147.7
2016-11-18,146.96
2016-11-21,149.6
2016-11-22,150.0
2016-11-23,149.49
2016-11-24,151.11
2016-11-25,151.31
2016-11-28,148.94
2016-11-29,147.75
2016-11-30,148.8
2016-12-01,152.81
2016-12-02,152.35
2016-12-05,153.78
2016-12-06,151.5
2016-12-07,151.95
2016-12-08,153.05
2016-12-09,152.99
2016-12-12,158.63
2016-12-13,158.95
2016-12-14,157.2
2016-12-15,158.25
2016-12-16,156.2
2016-12-19,154.6
2016-12-20,155.3
2016-12-21,153.06
2016-12-22,150.27
2016-12-23,149.05
2016-12-26,148.95
2016-12-27,150.38
2016-12-28,151.0
2016-12-29,152.62
2016-12-30,154.55
2017-01-03,157.7
2017-01-04,157.44
2017-01-05,154.0
2017-01-06,154.1
2017-01-09,154.4
2017-01-10,157.97
2017-01-11,157.01
2017-01-12,157.25
2017-01-13,157.95
2017-01-16,155.81
2017-01-17,153.65
2017-01-18,152.86
2017-01-19,150.85
2017-01-20,149.7
2017-01-23,148.1
2017-01-24,150.15
2017-01-25,147.65
2017-01-26,150.49
2017-01-27,154.09
2017-01-30,150.8
2017-01-31,149.8
2017-02-01,149.65
2017-02-02,148.8
2017-02-03,149.35
2017-02-06,148.5
2017-02-07,148.7
2017-02-08,145.2
2017-02-09,142.11
2017-02-10,140.5
2017-02-13,141.2
2017-02-14,140.62
2017-02-15,139.72
2017-02-16,139.16
2017-02-17,138.12
2017-02-20,138.5
2017-02-21,138.35
2017-02-22,136.68
2017-02-24,136.75
2017-02-27,135.07
2017-02-28,134.0
2017-03-01,133.85
2017-03-02,131.3
2017-03-03,134.8
2017-03-06,134.6
2017-03-07,132.89
2017-03-09,129.0
2017-03-10,128.78
2017-03-13,129.93
2017-03-14,128.8
2017-03-15,127.6
2017-03-16,128.05
2017-03-17,128.94
2017-03-20,128.79
2017-03-21,129.3
2017-03-22,131.65
2017-03-23,130.99
2017-03-24,130.05
2017-03-27,128.8
2017-03-28,129.2
2017-03-29,128.81
2017-03-30,128.49
2017-03-31,127.9
2017-04-03,127.21
2017-04-04,128.81
2017-04-05,130.69
2017-04-06,130.5
2017-04-07,128.72
2017-04-10,126.16
2017-04-11,126.0
2017-04-12,125.05
2017-04-13,124.54
2017-04-14,122.85
2017-04-17,123.7
2017-04-18,122.22
2017-04-19,121.55
2017-04-20,121.99
2017-04-21,123.0
2017-04-24,128.0
2017-04-25,130.2
2017-04-26,133.43
2017-04-27,133.41
2017-04-28,136.75
2017-05-02,136.52
2017-05-03,135.81
2017-05-04,134.93
2017-05-05,134.41
2017-05-10,134.19
2017-05-11,131.1
2017-05-12,132.5
2017-05-15,131.5
2017-05-16,131.13
2017-05-17,132.07
2017-05-18,126.9
2017-05-19,124.19
2017-05-22,122.52
2017-05-23,123.23
2017-05-24,122.0
2017-05-25,121.61
2017-05-26,122.2
2017-05-29,123.11
2017-05-30,122.1
2017-05-31,120.28
2017-06-01,118.0
2017-06-02,119.69
2017-06-05,119.0
2017-06-06,119.05
2017-06-07,118.92
2017-06-08,119.3
2017-06-09,120.5
2017-06-13,118.15
2017-06-14,115.35
2017-06-15,115.49
2017-06-16,116.02
2017-06-19,117.33
2017-06-20,117.44
2017-06-21,117.97
2017-06-22,119.55
2017-06-23,119.1
2017-06-26,118.67
2017-06-27,119.35
2017-06-28,119.7
2017-06-29,119.16
2017-06-30,118.49
2017-07-03,119.86
2017-07-04,122.73
2017-07-05,122.7
2017-07-06,122.68
2017-07-07,123.0
2017-07-10,124.25
2017-07-11,124.78
2017-07-12,124.87
2017-07-13,125.55
2017-07-14,125.0
2017-07-17,125.14
2017-07-18,124.49
2017-07-19,120.11
2017-07-20,120.6
2017-07-21,118.95
2017-07-24,119.17
2017-07-25,118.4
2017-07-26,119.0
2017-07-27,118.68
2017-07-28,116.9
2017-07-31,116.1
2017-08-01,117.99
2017-08-02,119.09
2017-08-03,119.58
2017-08-04,119.45
2017-08-07,119.5
2017-08-08,119.67
2017-08-09,118.68
2017-08-10,118.05
2017-08-11,116.93
2017-08-14,117.4
2017-08-15,117.59
2017-08-16,116.75
2017-08-17,116.22
2017-08-18,116.0
2017-08-21,115.92
2017-08-22,116.0
2017-08-23,115.75
2017-08-24,116.56
2017-08-25,117.85
2017-08-28,118.75
2017-08-29,118.3
2017-08-30,118.2
2017-08-31,117.97
2017-09-01,117.4
2017-09-04,117.0
2017-09-05,116.0
2017-09-06,117.14
2017-09-07,117.95
2017-09-08,120.34
2017-09-11,121.0
2017-09-12,121.99
2017-09-13,123.55
2017-09-14,123.33
2017-09-15,122.5
2017-09-18,122.72
2017-09-19,121.75
2017-09-20,122.25
2017-09-21,122.34
2017-09-22,121.95
2017-09-25,123.03
2017-09-26,123.03
2017-09-27,123.36
2017-09-28,122.5
2017-09-29,122.2
2017-10-02,121.9
2017-10-03,120.78
2017-10-04,121.76
2017-10-05,123.5
2017-10-06,123.47
2017-10-09,124.81
2017-10-10,124.44
2017-10-11,126.0
2017-10-12,125.93
2017-10-13,126.86
2017-10-16,127.17
2017-10-17,125.15
2017-10-18,126.7
2017-10-19,125.5
2017-10-20,126.7
2017-10-23,126.8
2017-10-24,126.02
2017-10-25,125.0
2017-10-26,124.2
2017-10-27,125.94
2017-10-30,125.98
2017-10-31,125.9
2017-11-01,126.5
2017-11-02,125.67
2017-11-03,125.9
2017-11-07,132.28
2017-11-08,132.3
2017-11-09,131.5
2017-11-10,132.5
2017-11-13,133.32
2017-11-14,132.93
2017-11-15,131.21
2017-11-16,129.2
2017-11-17,129.65
2017-11-20,129.96
2017-11-21,132.49
2017-11-22,132.57
2017-11-23,131.6
2017-11-24,133.57
2017-11-27,133.5
2017-11-28,135.18
2017-11-29,133.55
2017-11-30,132.15
2017-12-01,133.02
2017-12-04,133.77
2017-12-05,133.65
2017-12-06,134.0
2017-12-07,133.02
2017-12-08,132.6
2017-12-11,134.65
2017-12-12,135.5
2017-12-13,135.56
2017-12-14,135.91
2017-12-15,135.5
2017-12-18,134.25
2017-12-19,133.96
2017-12-20,132.5
2017-12-21,131.7
2017-12-22,132.42
2017-12-25,131.96
2017-12-26,131.2
2017-12-27,130.99
2017-12-28,130.53
2017-12-29,130.5
2018-01-03,132.2
2018-01-04,135.89
2018-01-05,137.12
2018-01-09,140.0
2018-01-10,143.43
2018-01-11,144.58
2018-01-12,143.99
2018-01-15,142.99
2018-01-16,145.29
2018-01-17,148.7
2018-01-18,150.35
2018-01-19,149.13
2018-01-22,150.3
2018-01-23,148.8
2018-01-24,149.7
2018-01-25,149.8
2018-01-26,147.19
2018-01-29,144.75
2018-01-30,143.5
2018-01-31,143.36
2018-02-01,145.39
2018-02-02,144.0
2018-02-05,144.53
2018-02-06,141.59
2018-02-07,141.0
2018-02-08,137.2
2018-02-09,135.56
2018-02-12,137.3
2018-02-13,139.85
2018-02-14,138.89
2018-02-15,137.06
2018-02-16,137.06
2018-02-19,138.31
2018-02-20,141.32
2018-02-21,144.0
2018-02-22,145.97
2018-02-26,147.0
2018-02-27,146.5
2018-02-28,143.16
2018-03-01,140.1
2018-03-02,138.57
2018-03-05,141.6
2018-03-06,140.59
2018-03-07,138.56
2018-03-09,139.81
2018-03-12,141.35
2018-03-13,142.75
2018-03-14,138.8
2018-03-15,138.25
2018-03-16,141.0
2018-03-19,139.91
2018-03-20,142.45
2018-03-21,141.51
2018-03-22,139.5
2018-03-23,142.0
2018-03-26,138.27
2018-03-27,140.8
2018-03-28,140.47
2018-03-29,142.8
2018-03-30,142.33
2018-04-02,140.32
2018-04-03,141.13
2018-04-04,140.18
2018-04-05,140.5
2018-04-06,141.5
2018-04-09,135.01
2018-04-10,141.8
2018-04-11,145.27
2018-04-12,145.99
2018-04-13,142.58
2018-04-16,141.5
2018-04-17,142.4
2018-04-18,144.75
2018-04-19,143.4
2018-04-20,144.4
2018-04-23,143.99
2018-04-24,144.14
2018-04-25,142.7
2018-04-26,145.48
2018-04-27,144.5
2018-04-28,144.3
2018-04-30,145.93
2018-05-02,144.94
2018-05-03,142.7
2018-05-04,143.73
2018-05-07,144.05
2018-05-08,145.48
2018-05-10,146.38
2018-05-11,150.7
2018-05-14,150.98
2018-05-15,149.2
2018-05-16,148.59
2018-05-17,147.15
2018-05-18,145.65
2018-05-21,146.76
2018-05-22,146.5
2018-05-23,146.06
2018-05-24,145.27
2018-05-25,145.09
2018-05-28,145.09
2018-05-29,143.9
2018-05-30,143.26
2018-05-31,145.0
2018-06-01,144.0
2018-06-04,146.44
2018-06-05,146.0
2018-06-06,146.9
2018-06-07,146.05
2018-06-08,143.05
2018-06-09,144.08
2018-06-11,142.28
2018-06-13,141.0
2018-06-14,139.4
2018-06-15,137.73
2018-06-18,136.52
2018-06-19,135.5
2018-06-20,136.91
2018-06-21,134.4
2018-06-22,136.76
2018-06-25,137.1
2018-06-26,138.07
2018-06-27,139.0
2018-06-28,138.76
2018-06-29,141.01
2018-07-02,144.0
2018-07-03,142.49
2018-07-04,142.24
2018-07-05,145.55
2018-07-06,144.96
2018-07-09,148.0
2018-07-10,147.3
2018-07-11,144.77
2018-07-12,145.08
2018-07-13,146.87
2018-07-16,147.0
2018-07-17,145.31
2018-07-18,138.29
2018-07-19,137.58
2018-07-20,136.47
2018-07-23,138.37
2018-07-24,138.85
2018-07-25,138.21
2018-07-26,138.18
2018-07-27,137.99
2018-07-30,138.9
2018-07-31,143.79
2018-08-01,142.14
2018-08-02,140.36
2018-08-03,142.39
2018-08-06,141.34
2018-08-07,142.74
2018-08-08,144.1
2018-08-09,145.2
2018-08-10,144.8
2018-08-13,142.9
2018-08-14,141.24
2018-08-15,141.5
2018-08-16,140.88
2018-08-17,141.01
2018-08-20,141.51
2018-08-21,143.3
2018-08-22,144.16
2018-08-23,141.5
2018-08-24,143.6
2018-08-27,144.52
2018-08-28,145.6
2018-08-29,147.88
2018-08-30,145.98
2018-08-31,149.95
2018-09-03,148.73
2018-09-04,147.4
2018-09-05,147.06
2018-09-06,147.06
2018-09-07,148.8
2018-09-10,150.75
2018-09-11,152.36
2018-09-12,155.05
2018-09-13,153.5
2018-09-14,152.15
2018-09-17,155.46
2018-09-18,157.08
2018-09-19,157.39
2018-09-20,154.35
2018-09-21,158.64
2018-09-24,159.0
2018-09-25,160.84
2018-09-26,159.27
2018-09-27,161.8
2018-09-28,162.61
2018-10-01,161.89
2018-10-02,162.59
2018-10-03,169.47
2018-10-04,168.5
2018-10-05,170.5
2018-10-08,171.81
2018-10-09,172.11
2018-10-10,166.2
2018-10-11,161.92
2018-10-12,167.0
2018-10-15,164.0
2018-10-16,165.99
2018-10-17,164.56
2018-10-18,160.18
2018-10-19,161.32
2018-10-22,155.7
2018-10-23,153.61
2018-10-24,154.7
2018-10-25,155.65
2018-10-26,152.5
2018-10-29,152.52
2018-10-30,151.3
2018-10-31,155.47
2018-11-01,153.5
2018-11-02,153.71
2018-11-06,156.0
2018-11-07,157.85
2018-11-08,157.51
2018-11-09,153.19
2018-11-12,150.89
2018-11-13,148.83
2018-11-14,151.85
2018-11-15,154.14
2018-11-16,153.16
2018-11-19,154.1
2018-11-20,151.51
2018-11-21,152.4
2018-11-22,153.91
2018-11-23,151.79
2018-11-26,149.53
2018-11-27,153.8
2018-11-28,165.58
2018-11-29,164.99
2018-11-30,161.29
2018-12-03,165.4
2018-12-04,164.2
2018-12-05,164.57
2018-12-06,160.62
2018-12-07,163.0
2018-12-10,161.0
2018-12-11,158.6
2018-12-12,155.79
2018-12-13,156.49
2018-12-14,155.4
2018-12-17,153.53
2018-12-18,151.89
2018-12-19,152.98
2018-12-20,152.27
2018-12-21,151.12
2018-12-24,149.73
2018-12-25,147.01
2018-12-26,148.41
2018-12-27,150.68
2018-12-28,153.0
2018-12-29,153.5
2019-01-03,156.28
2019-01-04,159.15
2019-01-08,158.26
2019-01-09,160.24
2019-01-10,160.2
2019-01-11,161.0
2019-01-14,160.48
2019-01-15,158.15
2019-01-16,156.9
2019-01-17,157.1
2019-01-18,159.2
2019-01-21,158.3
2019-01-22,158.5
2019-01-23,159.9
2019-01-24,160.9
2019-01-25,162.82
2019-01-28,160.56
2019-01-29,162.95
2019-01-30,165.4
2019-01-31,162.82
2019-02-01,163.33
2019-02-04,163.2
2019-02-05,164.25
2019-02-06,163.21
2019-02-07,160.39
2019-02-08,159.8
2019-02-11,161.29
2019-02-12,163.68
2019-02-13,159.27
2019-02-14,155.15
2019-02-15,159.04
2019-02-18,156.43
2019-02-19,154.03
2019-02-20,154.43
2019-02-21,153.5
2019-02-22,154.64
2019-02-25,154.6
2019-02-26,155.36
2019-02-27,156.4
2019-02-28,158.99
2019-03-01,156.71
2019-03-04,154.4
2019-03-05,153.2
2019-03-06,154.2
2019-03-07,151.9
2019-03-11,151.6
2019-03-12,151.64
2019-03-13,153.3
2019-03-14,152.68
2019-03-15,154.56
2019-03-18,155.84
2019-03-19,155.5
2019-03-20,156.09
2019-03-21,155.33
2019-03-22,152.29
2019-03-25,152.29
2019-03-26,151.12
2019-03-27,149.49
2019-03-28,149.98
2019-03-29,149.61
2019-04-01,154.53
2019-04-02,155.0
2019-04-03,156.99
2019-04-04,158.89
2019-04-05,158.6
2019-04-08,160.5
2019-04-09,162.7
2019-04-10,162.88
2019-04-11,158.04
2019-04-12,159.12
2019-04-15,158.33
2019-04-16,162.24
2019-04-17,164.0
2019-04-18,161.79
2019-04-19,162.57
2019-04-22,163.5
2019-04-23,162.42
2019-04-24,160.57
2019-04-25,159.31
2019-04-26,161.0
2019-04-29,163.93
2019-04-30,163.95
2019-05-02,165.71
2019-05-03,166.31
2019-05-06,165.45
2019-05-07,164.21
2019-05-08,163.57
2019-05-10,163.61
2019-05-13,163.0
2019-05-14,189.67
2019-05-15,195.61
2019-05-16,202.7
2019-05-17,198.89
2019-05-20,200.8
2019-05-21,207.8
2019-05-22,208.1
2019-05-23,208.86
2019-05-24,204.5
2019-05-27,206.2
2019-05-28,203.13
2019-05-29,207.14
2019-05-30,213.1
2019-05-31,215.1
2019-06-03,235.51
2019-06-04,230.16
2019-06-05,230.01
2019-06-06,231.45
2019-06-07,230.5
2019-06-10,232.1
2019-06-11,234.86
2019-06-13,234.44
2019-06-14,231.51
2019-06-17,229.81
2019-06-18,232.13
2019-06-19,232.46
2019-06-20,232.52
2019-06-21,229.09
2019-06-24,232.38
2019-06-25,232.09
2019-06-26,233.1
2019-06-27,232.6
2019-06-28,232.83
2019-07-01,245.5
2019-07-02,246.65
2019-07-03,251.6
2019-07-04,255.35
2019-07-05,250.89
2019-07-08,248.51
2019-07-09,250.17
2019-07-10,250.21
2019-07-11,247.2
2019-07-12,245.5
2019-07-15,240.3
2019-07-16,238.01
2019-07-17,220.19
2019-07-18,218.3
2019-07-19,216.0
2019-07-22,217.12
2019-07-23,217.39
2019-07-24,212.0
2019-07-25,219.0
2019-07-26,234.23
2019-07-29,236.73
2019-07-30,237.1
2019-07-31,236.9
2019-08-01,234.28
2019-08-02,227.91
2019-08-05,223.61
2019-08-06,226.76
2019-08-07,227.67
2019-08-08,231.21
2019-08-09,229.96
2019-08-12,230.24
2019-08-13,229.87
2019-08-14,227.1
2019-08-15,227.15
2019-08-16,224.71
2019-08-19,226.8
2019-08-20,231.54
2019-08-21,231.22
2019-08-22,232.06
2019-08-23,229.35
2019-08-26,228.9
2019-08-27,227.0
2019-08-28,228.48
2019-08-29,233.2
2019-08-30,232.15
2019-09-02,233.67
2019-09-03,231.02
2019-09-04,233.71
2019-09-05,236.18
2019-09-06,234.49
2019-09-09,234.85
2019-09-10,233.0
2019-09-11,235.07
2019-09-12,232.88
2019-09-13,232.5
2019-09-16,234.88
2019-09-17,233.58
2019-09-18,233.46
2019-09-19,230.52
2019-09-20,230.41
2019-09-23,230.36
2019-09-24,227.7
2019-09-25,228.43
2019-09-26,231.97
2019-09-27,229.01
2019-09-30,225.9
2019-10-01,226.49
2019-10-02,223.6
2019-10-03,223.1
2019-10-04,221.66
2019-10-07,226.36
2019-10-08,223.2
2019-10-09,223.18
2019-10-10,224.5
2019-10-11,227.37
2019-10-14,226.0
2019-10-15,226.0
2019-10-16,227.7
2019-10-17,228.0
2019-10-18,228.0
2019-10-21,228.54
2019-10-22,235.36
2019-10-23,236.2
2019-10-24,243.94
2019-10-25,246.71
2019-10-28,244.4
2019-10-29,253.1
2019-10-30,261.6
2019-10-31,260.0
2019-11-01,263.79
2019-11-05,263.0
2019-11-06,266.98
2019-11-07,270.74
2019-11-08,266.0
2019-11-11,260.4
2019-11-12,257.25
2019-11-13,251.8
2019-11-14,248.34
2019-11-15,248.01
2019-11-18,246.15
2019-11-19,248.01
2019-11-20,248.0
2019-11-21,254.35
2019-11-22,251.99
2019-11-25,255.2
2019-11-26,254.0
2019-11-27,253.89
2019-11-28,254.0
2019-11-29,257.54
2019-12-02,254.05
2019-12-03,247.93
2019-12-04,248.93
2019-12-05,246.36
2019-12-06,247.83
2019-12-09,248.7
2019-12-10,246.9
2019-12-11,247.34
2019-12-12,250.48
2019-12-13,249.5
2019-12-16,250.78
2019-12-17,252.05
2019-12-18,251.29
2019-12-19,251.4
2019-12-20,255.5
2019-12-23,255.0
2019-12-24,254.87
2019-12-25,253.25
2019-12-26,254.1
2019-12-27,257.11
2019-12-30,256.4
2020-01-03,259.0
2020-01-06,256.55
2020-01-08,255.79
2020-01-09,254.07
2020-01-10,251.9
2020-01-13,251.5
2020-01-14,250.0
2020-01-15,251.3
2020-01-16,254.26
2020-01-17,255.39
2020-01-20,253.5
2020-01-21,252.99
2020-01-22,248.1
2020-01-23,239.3
2020-01-24,237.95
2020-01-27,230.96
2020-01-28,235.0
2020-01-29,232.0
2020-01-30,231.53
2020-01-31,226.7
2020-02-03,227.64
2020-02-04,230.5
2020-02-05,232.56
2020-02-06,231.38
2020-02-07,229.11
2020-02-10,225.2
2020-02-11,233.9
2020-02-12,238.03
2020-02-13,233.55
2020-02-14,232.5
2020-02-17,233.75
2020-02-18,230.5
2020-02-19,231.9
2020-02-20,234.6
2020-02-21,232.0
2020-02-25,224.68
2020-02-26,224.76
2020-02-27,217.5
2020-02-28,202.65
2020-03-02,198.78
2020-03-03,201.48
2020-03-04,200.0
2020-03-05,198.0
2020-03-06,188.27
2020-03-10,171.0
2020-03-11,172.03
2020-03-12,163.73
2020-03-13,166.1
2020-03-16,168.07
2020-03-17,167.0
2020-03-18,166.34
2020-03-19,174.56
2020-03-20,176.26
2020-03-23,168.35
2020-03-24,177.95
2020-03-25,180.2
2020-03-26,181.5
2020-03-27,174.5
2020-03-30,176.44
2020-03-31,181.41
2020-04-01,180.06
2020-04-02,187.04
2020-04-03,189.77
2020-04-06,191.1
2020-04-07,191.22
2020-04-08,194.11
2020-04-09,193.86
2020-04-10,192.0
2020-04-13,188.07
2020-04-14,190.11
2020-04-15,184.25
2020-04-16,184.3
2020-04-17,184.68
2020-04-20,185.51
2020-04-21,181.92
2020-04-22,188.36
2020-04-23,188.73
2020-04-24,185.71
2020-04-27,186.29
2020-04-28,188.5
2020-04-29,193.87
2020-04-30,190.0
2020-05-04,185.7
2020-05-05,190.0
2020-05-06,187.05
2020-05-07,185.85
2020-05-08,185.34
2020-05-12,186.17
2020-05-13,184.2
2020-05-14,183.91
2020-05-15,183.85
2020-05-18,192.5
2020-05-19,194.2
2020-05-20,196.74
2020-05-21,194.74
2020-05-22,194.35
2020-05-25,197.55
2020-05-26,196.86
2020-05-27,194.73
2020-05-28,196.86
2020-05-29,199.95
2020-06-01,198.72
2020-06-02,201.97
2020-06-03,208.0
2020-06-04,201.46
2020-06-05,203.05
2020-06-08,204.91
2020-06-09,204.84
2020-06-10,201.75
2020-06-11,196.74
2020-06-15,194.2
2020-06-16,196.59
2020-06-17,195.86
2020-06-18,193.0
2020-06-19,195.81
2020-06-22,194.3
2020-06-23,194.83
2020-06-25,192.25
2020-06-26,193.0
2020-06-29,197.94
2020-06-30,194.31
2020-07-02,195.28
2020-07-03,197.2
2020-07-06,199.99
2020-07-07,197.96
2020-07-08,201.17
2020-07-09,199.44
2020-07-10,200.94
2020-07-13,195.7
2020-07-14,193.6
2020-07-15,182.26
2020-07-16,183.32
2020-07-17,184.65
2020-07-20,188.36
2020-07-21,186.78
2020-07-22,187.15
2020-07-23,184.69
2020-07-24,185.45
2020-07-27,185.03
2020-07-28,184.3
2020-07-29,184.69
2020-07-30,182.52
2020-07-31,182.59
2020-08-03,183.6
2020-08-04,183.31
2020-08-05,189.15
2020-08-06,189.07
2020-08-07,187.23
2020-08-10,187.7
2020-08-11,189.7
2020-08-12,192.8
2020-08-13,193.76
2020-08-14,192.83
2020-08-17,190.47
2020-08-18,190.3
2020-08-19,189.26
2020-08-20,186.95
2020-08-21,184.51
2020-08-24,187.1
2020-08-25,186.25
2020-08-26,187.48
2020-08-27,184.58
2020-08-28,182.9
2020-08-31,181.01
2020-09-01,184.22
2020-09-02,181.95
2020-09-03,179.13
2020-09-04,179.55
2020-09-07,177.04
2020-09-08,172.95
2020-09-09,173.69
2020-09-10,173.8
2020-09-11,178.05
2020-09-14,178.19
2020-09-15,182.22
2020-09-16,183.26
2020-09-17,183.9
2020-09-18,181.52
2020-09-21,177.17
2020-09-22,179.0
2020-09-23,177.0
2020-09-24,174.23
2020-09-25,173.77
2020-09-28,172.74
2020-09-29,171.44
2020-09-30,169.97
2020-10-01,168.4
2020-10-02,169.47
2020-10-05,170.64
2020-10-06,171.35
2020-10-07,168.23
2020-10-08,167.43
2020-10-09,166.97
2020-10-12,169.05
2020-10-13,166.37
2020-10-14,167.24
2020-10-15,167.16
2020-10-16,163.98
2020-10-19,163.6
2020-10-20,166.53
2020-10-21,164.37
2020-10-22,165.27
2020-10-23,164.96
2020-10-26,162.17
2020-10-27,159.21
2020-10-28,154.3
2020-10-29,156.74
2020-10-30,154.28
2020-11-02,157.74
2020-11-03,161.09
2020-11-05,163.7
2020-11-06,164.92
2020-11-09,170.13
2020-11-10,172.92
2020-11-11,170.53
2020-11-12,172.91
2020-11-13,180.3
2020-11-16,185.32
2020-11-17,182.9
2020-11-18,185.0
2020-11-19,184.16
2020-11-20,183.21
2020-11-23,184.15
2020-11-24,186.76
2020-11-25,188.03
2020-11-26,185.52
2020-11-27,185.9
2020-11-30,181.89
2020-12-01,185.34
2020-12-02,187.22
2020-12-03,185.12
2020-12-04,188.79
2020-12-07,190.76
2020-12-08,190.0
2020-12-09,189.35
2020-12-10,192.95
2020-12-11,201.5
2020-12-14,199.91
2020-12-15,201.0
2020-12-16,206.2
2020-12-17,214.52
2020-12-18,212.69
2020-12-21,203.46
2020-12-22,208.4
2020-12-23,207.63
2020-12-24,206.24
2020-12-25,205.03
2020-12-28,206.11
2020-12-29,208.75
2020-12-30,212.98
2021-01-04,212.71
2021-01-05,215.32
2021-01-06,214.38
2021-01-08,225.49
2021-01-11,227.6
2021-01-12,228.69
2021-01-13,226.8
2021-01-14,228.86
2021-01-15,226.5
2021-01-18,226.88
2021-01-19,223.15
2021-01-20,224.3
2021-01-21,217.28
2021-01-22,215.49
2021-01-25,218.68
2021-01-26,218.8
2021-01-27,217.4
2021-01-28,217.7
2021-01-29,212.83
2021-02-01,214.66
2021-02-02,214.42
2021-02-03,218.1
2021-02-04,219.79
2021-02-05,222.01
2021-02-08,228.0
2021-02-09,227.73
2021-02-10,223.24
2021-02-11,221.35
2021-02-12,226.71
2021-02-15,229.22
2021-02-16,232.46
2021-02-17,229.14
2021-02-18,224.47
2021-02-19,226.0
2021-02-20,225.84
2021-02-22,225.63
2021-02-24,222.55
2021-02-25,221.7
2021-02-26,217.56
2021-03-01,221.47
2021-03-02,222.74
2021-03-03,222.15
2021-03-04,221.14
2021-03-05,227.0
2021-03-09,232.1
2021-03-10,231.69
2021-03-11,232.47
2021-03-12,233.8
2021-03-15,237.79
2021-03-16,234.02
2021-03-17,229.9
2021-03-18,224.35
2021-03-19,225.4
2021-03-22,221.88
2021-03-23,221.62
2021-03-24,223.65
2021-03-25,224.84
2021-03-26,227.3
2021-03-29,228.74
2021-03-30,225.93
2021-03-31,227.24
2021-04-01,226.94
2021-04-02,228.4
2021-04-05,225.06
2021-04-06,222.95
2021-04-07,224.51
2021-04-08,224.3
2021-04-09,222.15
2021-04-12,222.87
2021-04-13,227.99
2021-04-14,235.32
2021-04-15,234.63
2021-04-16,235.1
2021-04-19,231.17
2021-04-20,230.0
2021-04-21,230.84
2021-04-22,230.93
2021-04-23,232.62
2021-04-26,233.23
2021-04-27,232.0
2021-04-28,232.96
2021-04-29,230.51
2021-04-30,231.38
2021-05-04,233.8
2021-05-05,237.5
2021-05-06,243.0
2021-05-07,241.7
2021-05-10,241.41
2021-05-11,242.5
2021-05-12,241.79
2021-05-13,247.16
2021-05-14,249.55
2021-05-17,255.15
2021-05-18,266.22
2021-05-19,260.9
2021-05-20,259.16
2021-05-21,258.0
2021-05-24,261.24
2021-05-25,259.79
2021-05-26,263.09
2021-05-27,262.96
2021-05-28,262.0
2021-05-31,261.03
2021-06-01,263.86
2021-06-02,271.15
2021-06-03,272.1
2021-06-04,274.3
2021-06-07,275.67
2021-06-08,275.36
2021-06-09,275.65
2021-06-10,276.1
2021-06-11,277.05
2021-06-14,279.5
2021-06-15,272.72
2021-06-16,271.8
2021-06-17,272.5
2021-06-18,270.06
2021-06-21,272.62
2021-06-22,277.0
2021-06-23,277.35
2021-06-24,277.47
2021-06-25,277.19
2021-06-28,276.99
2021-06-29,276.8
2021-06-30,281.8
2021-07-01,285.74
2021-07-02,285.65
2021-07-05,291.1
2021-07-06,293.45
2021-07-07,297.39
2021-07-08,292.86
2021-07-09,295.22
2021-07-12,297.39
2021-07-13,293.83
2021-07-14,284.6
2021-07-15,280.01
2021-07-16,279.65
2021-07-19,275.51
2021-07-20,277.3
2021-07-21,282.9
2021-07-22,283.28
2021-07-23,279.51
2021-07-26,281.05
2021-07-27,278.08
2021-07-28,282.2
2021-07-29,287.0
2021-07-30,287.35
2021-08-02,286.75
2021-08-03,287.09
2021-08-04,287.94
2021-08-05,285.95
2021-08-06,282.27
2021-08-09,286.68
2021-08-10,288.61
2021-08-11,290.35
2021-08-12,293.23
2021-08-13,292.7
2021-08-16,295.1
2021-08-17,298.32
2021-08-18,295.05
2021-08-19,293.68
2021-08-20,292.57
2021-08-23,297.69
2021-08-24,298.7
2021-08-25,296.7
2021-08-26,294.34
2021-08-27,299.66
2021-08-30,305.17
2021-08-31,305.65
2021-09-01,312.89
2021-09-02,312.3
2021-09-03,317.94
2021-09-06,328.93
2021-09-07,327.73
2021-09-08,327.6
2021-09-09,324.57
2021-09-10,326.43
2021-09-13,332.75
2021-09-14,338.98
2021-09-15,343.34
2021-09-16,338.5
2021-09-17,334.5
2021-09-20,325.7
2021-09-21,335.3
2021-09-22,340.59
2021-09-23,343.47
2021-09-24,344.29
2021-09-27,355.19
2021-09-28,354.07
2021-09-29,360.88
2021-09-30,360.8
2021-10-01,363.25
2021-10-04,376.06
2021-10-05,389.82
2021-10-06,381.3
2021-10-07,370.7
2021-10-08,366.17
2021-10-11,369.81
2021-10-12,364.1
2021-10-13,362.77
2021-10-14,367.0
2021-10-15,367.76
2021-10-18,363.5
2021-10-19,368.83
2021-10-20,369.97
2021-10-21,363.37
2021-10-22,358.12
2021-10-25,364.84
2021-10-26,364.82
2021-10-27,362.17
2021-10-28,353.21
2021-10-29,350.18
2021-11-01,359.1
2021-11-02,352.48
2021-11-03,353.02
2021-11-05,350.6
2021-11-08,351.47
2021-11-09,349.46
2021-11-10,345.8
2021-11-11,347.44
2021-11-12,333.6
2021-11-15,340.3
2021-11-16,336.79
2021-11-17,349.98
2021-11-18,345.56
2021-11-19,337.62
2021-11-22,319.2
2021-11-23,341.77
2021-11-24,338.3
2021-11-25,337.55
2021-11-26,326.0
2021-11-29,339.2
2021-11-30,334.24
2021-12-01,345.21
2021-12-02,350.3
2021-12-03,345.99
2021-12-06,338.94
2021-12-07,344.96
2021-12-08,340.5
2021-12-09,336.6
2021-12-10,332.0
2021-12-13,307.26
2021-12-14,319.35
2021-12-15,324.09
2021-12-16,328.39
2021-12-17,327.3
2021-12-20,325.9
2021-12-21,339.88
2021-12-22,345.55
2021-12-23,339.81
2021-12-24,338.79
2021-12-27,343.97
2021-12-28,343.23
2021-12-29,340.33
2021-12-30,342.39
2022-01-03,353.73
2022-01-04,352.55
2022-01-05,335.0
2022-01-06,346.13
2022-01-10,344.0
2022-01-11,343.74
2022-01-12,347.43
2022-01-13,337.6
2022-01-14,335.76
2022-01-17,327.81
2022-01-18,301.11
2022-01-19,318.36
2022-01-20,310.42
2022-01-21,311.6
2022-01-24,294.59
2022-01-25,302.96
2022-01-26,299.6
2022-01-27,325.25
2022-01-28,329.58
2022-01-31,334.8
2022-02-01,330.95
2022-02-02,331.7
2022-02-03,323.75
2022-02-04,324.6
2022-02-07,321.25
2022-02-08,331.7
2022-02-09,335.08
2022-02-10,328.93
2022-02-11,318.1
2022-02-14,321.85
2022-02-15,333.6
2022-02-16,336.5
2022-02-17,323.51
2022-02-18,309.48
2022-02-21,257.3
2022-02-22,283.51
2022-02-24,210.0
2022-02-25,228.0
2022-03-24,258.51
2022-03-25,227.0
2022-03-28,218.6
2022-03-29,208.0
2022-03-30,216.0
2022-03-31,242.48
2022-04-01,251.4
2022-04-04,252.9
2022-04-05,243.5
2022-04-06,239.7
2022-04-07,245.0
2022-04-08,241.07
2022-04-11,234.55
2022-04-12,236.3
2022-04-13,234.87
2022-04-14,222.11
2022-04-15,224.0
2022-04-18,216.99
2022-04-19,220.72
2022-04-20,218.92
2022-04-21,210.29
2022-04-22,208.0
2022-04-25,206.35
2022-04-26,225.85
2022-04-27,237.15
2022-04-28,237.53
2022-04-29,240.4
2022-05-04,234.16
2022-05-05,238.6
2022-05-06,240.1
2022-05-11,241.99
2022-05-12,230.56
2022-05-13,235.52
2022-05-16,244.2
2022-05-17,258.8
2022-05-18,264.84
2022-05-19,266.68
2022-05-20,263.0
2022-05-23,263.0
2022-05-24,265.8
2022-05-25,271.4
2022-05-26,295.89
2022-05-27,294.5
2022-05-30,300.8
2022-05-31,293.75
2022-06-01,297.69
2022-06-02,296.0
2022-06-03,297.0
2022-06-06,296.5
2022-06-07,297.99
2022-06-08,308.0
2022-06-09,306.5
2022-06-10,309.2
2022-06-14,317.69
2022-06-15,316.2
2022-06-16,316.99
2022-06-17,315.5
2022-06-20,311.98
2022-06-21,301.58
2022-06-22,295.8
2022-06-23,303.5
2022-06-24,296.0
2022-06-27,296.2
2022-06-28,297.2
2022-06-29,297.65
2022-06-30,207.0
2022-07-01,192.5
2022-07-04,186.25
2022-07-05,197.3
2022-07-06,195.42
2022-07-07,197.92
2022-07-08,198.0
2022-07-11,188.9
2022-07-12,191.4
2022-07-13,186.0
2022-07-14,184.55
2022-07-15,187.61
2022-07-18,186.7
2022-07-19,189.51
2022-07-20,193.3
2022-07-21,189.59
2022-07-22,192.25
2022-07-25,192.0
2022-07-26,193.95
2022-07-27,196.49
2022-07-28,196.25
2022-07-29,195.26
2022-08-01,192.0
2022-08-02,187.16
2022-08-03,187.04
2022-08-04,184.9
2022-08-05,176.58
2022-08-08,177.86
2022-08-09,181.04
2022-08-10,178.81
2022-08-11,174.1
2022-08-12,174.36
2022-08-15,174.8
2022-08-16,181.3
2022-08-17,176.5
2022-08-18,178.87
2022-08-19,177.6
2022-08-22,181.7
2022-08-23,184.3
2022-08-24,182.83
2022-08-25,181.9
2022-08-26,183.62
2022-08-29,190.0
2022-08-30,204.0
2022-08-31,254.9
2022-09-01,249.11
2022-09-02,252.8
2022-09-05,250.0
2022-09-06,246.0
2022-09-07,241.55
2022-09-08,243.95
2022-09-09,245.34
2022-09-12,243.3
2022-09-13,242.64
2022-09-14,243.32
2022-09-15,243.68
2022-09-16,243.8
2022-09-19,244.21
2022-09-20,221.15
2022-09-21,214.07
2022-09-22,231.45
2022-09-23,224.84
2022-09-26,206.0
2022-09-27,217.3
2022-09-28,217.38
2022-09-29,226.46
2022-09-30,217.7
2022-10-03,215.83
2022-10-04,210.72
2022-10-05,209.05
2022-10-06,212.86
2022-10-07,195.15
2022-10-10,163.89
2022-10-11,162.89
2022-10-12,161.8
2022-10-13,160.84
2022-10-14,159.6
2022-10-17,163.24
2022-10-18,160.2
2022-10-19,161.29
2022-10-20,160.75
2022-10-21,166.99
2022-10-24,165.47
2022-10-25,172.38
2022-10-26,171.98
2022-10-27,172.47
2022-10-28,170.73
2022-10-31,170.27
2022-11-01,169.92
2022-11-02,167.72
2022-11-03,169.14
2022-11-07,169.85
2022-11-08,169.97
2022-11-09,167.1
2022-11-10,168.9
2022-11-11,169.86
2022-11-14,169.6
2022-11-15,166.25
2022-11-16,168.76
2022-11-17,168.99
2022-11-18,168.79
2022-11-21,168.13
2022-11-22,168.08
2022-11-23,169.15
2022-11-24,168.96
2022-11-25,169.03
2022-11-28,168.1
2022-11-29,168.1
2022-11-30,167.7
2022-12-01,166.98
2022-12-02,165.86
2022-12-05,165.03
2022-12-06,164.3
2022-12-07,163.7
2022-12-08,163.0
2022-12-09,162.75
2022-12-12,162.89
2022-12-13,162.4
2022-12-14,160.74
2022-12-15,160.31
2022-12-16,160.24
2022-12-19,157.61
2022-12-20,158.94
2022-12-21,157.59
2022-12-22,157.95
2022-12-23,160.89
2022-12-26,162.12
2022-12-27,164.07
2022-12-28,161.82
2022-12-29,162.91
2022-12-30,162.56
2023-01-03,163.52
2023-01-04,162.51
2023-01-05,161.2
2023-01-06,162.1
2023-01-09,162.71
2023-01-10,162.1
2023-01-11,165.83
2023-01-12,164.17
2023-01-13,164.56
2023-01-16,165.8
2023-01-17,162.33
2023-01-18,162.18
2023-01-19,160.53
2023-01-20,158.85
2023-01-23,160.06
2023-01-24,157.88
2023-01-25,158.99
2023-01-26,157.58
2023-01-27,159.08
2023-01-30,158.41
2023-01-31,158.1
2023-02-01,158.12
2023-02-02,158.1
2023-02-03,160.87
2023-02-06,160.14
2023-02-07,159.87
2023-02-08,158.18
2023-02-09,159.19
2023-02-10,158.68
2023-02-13,158.01
2023-02-14,156.52
2023-02-15,153.09
2023-02-16,153.56
2023-02-17,153.62
2023-02-20,153.24
2023-02-21,154.97
2023-02-22,155.31
2023-02-24,154.22
2023-02-27,156.34
2023-02-28,157.66
2023-03-01,164.5
2023-03-02,160.9
2023-03-03,162.27
2023-03-06,163.35
2023-03-07,162.57
2023-03-09,161.21
2023-03-10,160.04
2023-03-13,159.03
2023-03-14,161.0
2023-03-15,159.68
2023-03-16,159.71
2023-03-17,163.29
2023-03-20,175.7
2023-03-21,170.55
2023-03-22,168.72
2023-03-23,168.84
2023-03-24,169.03
2023-03-27,172.33
2023-03-28,171.07
2023-03-29,170.95
2023-03-30,171.71
2023-03-31,169.83
2023-04-03,170.38
2023-04-04,172.55
2023-04-05,173.86
2023-04-06,171.6
2023-04-07,173.09
2023-04-10,174.54
2023-04-11,177.18
2023-04-12,178.75
2023-04-13,178.73
2023-04-14,179.5
2023-04-17,181.99
2023-04-18,184.39
2023-04-19,182.01
2023-04-20,181.74
2023-04-21,181.72
2023-04-24,181.56
2023-04-25,178.93
2023-04-26,178.38
2023-04-27,183.95
2023-04-28,181.13
2023-05-02,177.97
2023-05-03,172.87
2023-05-04,173.66
2023-05-05,172.09
2023-05-08,170.84
2023-05-10,175.53
2023-05-11,174.13
2023-05-12,173.95
2023-05-15,179.04
2023-05-16,177.05
2023-05-17,176.3
2023-05-18,175.26
2023-05-19,174.43
2023-05-22,172.47
2023-05-23,166.59
2023-05-24,162.96
2023-05-25,162.3
2023-05-26,164.48
2023-05-29,163.6
2023-05-30,161.9
2023-05-31,162.94
2023-06-01,161.55
2023-06-02,162.58
2023-06-05,162.47
2023-06-06,163.16
2023-06-07,164.65
2023-06-08,166.18
2023-06-09,165.58
2023-06-13,168.43
2023-06-14,167.88
2023-06-15,171.86
2023-06-16,169.87
2023-06-19,170.19
2023-06-20,169.64
2023-06-21,170.2
2023-06-22,168.41
2023-06-23,165.8
2023-06-26,166.91
2023-06-27,166.45
2023-06-28,168.05
2023-06-29,167.88
2023-06-30,166.86
2023-07-03,166.82
2023-07-04,165.5
2023-07-05,165.71
2023-07-06,166.36
2023-07-07,166.34
2023-07-10,167.59
2023-07-11,168.85
2023-07-12,170.3
2023-07-13,168.96
2023-07-14,169.7
2023-07-17,170.63
2023-07-18,174.89
2023-07-19,173.04
2023-07-20,169.92
2023-07-21,171.19
2023-07-24,171.98
2023-07-25,171.86
2023-07-26,171.35
2023-07-27,172.0
2023-07-28,171.44
2023-07-31,174.33
2023-08-01,173.21
2023-08-02,174.07
2023-08-03,177.1
2023-08-04,173.46
2023-08-07,172.52
2023-08-08,172.71
2023-08-09,174.51
2023-08-10,176.65
2023-08-11,176.35
2023-08-14,177.09
2023-08-15,176.16
2023-08-16,174.14
2023-08-17,174.14
2023-08-18,175.48
2023-08-21,176.36
2023-08-22,176.48
2023-08-23,173.65
2023-08-24,174.97
2023-08-25,174.7
2023-08-28,176.2
2023-08-29,178.69
2023-08-30,177.47
2023-08-31,177.99
2023-09-01,178.22
2023-09-04,181.11
2023-09-05,182.48
2023-09-06,180.96
2023-09-07,177.64
2023-09-08,175.95
2023-09-11,174.64
2023-09-12,177.62
2023-09-13,174.94
2023-09-14,173.52
2023-09-15,173.79
2023-09-18,172.8
2023-09-19,168.93
2023-09-20,169.11
2023-09-21,165.85
2023-09-22,166.7
2023-09-25,165.87
2023-09-26,165.36
2023-09-27,165.53
2023-09-28,169.58
2023-09-29,167.09
2023-10-02,166.08
2023-10-03,166.75
2023-10-04,165.4
2023-10-05,166.06
2023-10-06,166.59
2023-10-09,167.06
2023-10-10,168.03
2023-10-11,167.89
2023-10-12,169.5
2023-10-13,170.2
2023-10-16,172.55
2023-10-17,171.97
2023-10-18,170.18
2023-10-19,170.38
2023-10-20,171.39
2023-10-23,170.39
2023-10-24,170.19
2023-10-25,169.62
2023-10-26,168.45
2023-10-27,167.26
2023-10-30,167.16
2023-10-31,167.88
2023-11-01,170.08
2023-11-02,168.18
2023-11-03,169.19
2023-11-06,169.48
2023-11-07,168.53
2023-11-08,168.49
2023-11-09,168.16
2023-11-10,168.25
2023-11-13,167.85
2023-11-14,165.86
2023-11-15,166.46
2023-11-16,165.48
2023-11-17,165.31
2023-11-20,165.51
2023-11-21,165.15
2023-11-22,165.37
2023-11-23,164.11
2023-11-24,164.71
2023-11-27,162.79
2023-11-28,164.21
2023-11-29,163.17
2023-11-30,163.23
2023-12-01,162.61
2023-12-04,160.01
2023-12-05,160.46
2023-12-06,158.74
2023-12-07,163.38
2023-12-08,161.5
2023-12-11,164.87
2023-12-12,162.46
2023-12-13,163.92
2023-12-14,160.89
2023-12-15,164.2
2023-12-18,167.0
2023-12-19,165.48
2023-12-20,163.56
2023-12-21,161.57
2023-12-22,162.09
2023-12-25,161.09
2023-12-26,161.0
2023-12-27,159.86
2023-12-28,159.14
2023-12-29,159.52
2024-01-03,161.44
2024-01-04,161.25
2024-01-05,161.94
2024-01-08,163.05
2024-01-09,162.41
2024-01-10,162.87
2024-01-11,162.5
2024-01-12,163.37
2024-01-15,163.34
2024-01-16,163.22
2024-01-17,164.04
2024-01-18,166.52
2024-01-19,165.9
2024-01-22,166.06
2024-01-23,168.31
2024-01-24,166.36
2024-01-25,165.42
2024-01-26,163.99
2024-01-29,163.5
2024-01-30,163.22
2024-01-31,166.33
2024-02-01,165.25
2024-02-02,164.4
2024-02-05,164.87
2024-02-06,164.56
2024-02-07,164.62
2024-02-08,163.21
2024-02-09,163.23
2024-02-12,162.49
2024-02-13,162.29
2024-02-14,161.92
2024-02-15,161.59
2024-02-16,161.19
2024-02-19,161.24
2024-02-20,159.5
2024-02-21,158.64
2024-02-22,158.12
2024-02-26,160.09
2024-02-27,159.04
2024-02-28,160.65
2024-02-29,161.82
2024-03-01,161.34
2024-03-04,161.24
2024-03-05,160.98
2024-03-06,161.65
2024-03-07,160.91
2024-03-11,160.56
2024-03-12,162.99
2024-03-13,161.77
2024-03-14,161.1
2024-03-15,160.86
2024-03-18,160.58
2024-03-19,158.55
2024-03-20,158.42
2024-03-21,158.28
2024-03-22,156.44
2024-03-25,158.84
2024-03-26,157.94
2024-03-27,157.79
2024-03-28,157.05
2024-03-29,157.22
2024-04-01,158.06
2024-04-02,164.18
2024-04-03,162.63
2024-04-04,162.69
2024-04-05,163.59
2024-04-08,163.89
2024-04-09,164.08
2024-04-10,164.74
2024-04-11,166.24
2024-04-12,164.83
2024-04-15,163.33
2024-04-16,164.38
2024-04-17,164.62
2024-04-18,165.4
2024-04-19,167.03
2024-04-22,166.77
2024-04-23,163.7
2024-04-24,162.86
2024-04-25,163.35
2024-04-26,162.46
2024-04-27,164.06
2024-04-29,164.03
2024-04-30,163.22
2024-05-02,157.75
2024-05-03,155.2
2024-05-06,153.64
2024-05-07,154.16
2024-05-08,154.22
2024-05-10,154.58
2024-05-13,157.9
2024-05-14,156.16
2024-05-15,156.97
2024-05-16,157.88
2024-05-17,155.17
2024-05-20,145.03
2024-05-21,139.54
2024-05-22,139.25
2024-05-23,134.69
2024-05-24,133.34
2024-05-27,128.42
2024-05-28,128.47
2024-05-29,128.89
2024-05-30,124.93
2024-05-31,126.46
2024-06-03,124.14
2024-06-04,125.1
2024-06-05,124.02
2024-06-06,123.6
2024-06-07,122.78
2024-06-10,119.0
2024-06-11,117.53
2024-06-13,119.63
2024-06-14,121.65
2024-06-17,121.54
2024-06-18,118.02
2024-06-19,113.85
2024-06-20,115.92
2024-06-21,115.4
2024-06-24,113.67
2024-06-25,114.97
2024-06-26,117.0
2024-06-27,115.65
2024-06-28,115.94
2024-07-01,121.4
2024-07-02,126.2
2024-07-03,124.96
2024-07-04,122.17
2024-07-05,126.74
2024-07-08,127.74
2024-07-09,124.05
2024-07-10,117.81
2024-07-11,121.75
2024-07-12,119.65
2024-07-15,119.28
2024-07-16,124.74
2024-07-17,124.46
2024-07-18,129.81
2024-07-19,130.88
2024-07-22,131.61
2024-07-23,134.07
2024-07-24,136.73
2024-07-25,135.1
2024-07-26,135.0
2024-07-29,130.99
2024-07-30,132.4
2024-07-31,133.31
2024-08-01,132.05
2024-08-02,131.45
2024-08-05,127.25
2024-08-06,128.7
2024-08-07,129.84
2024-08-08,128.14
2024-08-09,128.64
2024-08-12,128.71
2024-08-13,130.49
2024-08-14,129.84
2024-08-15,127.6
2024-08-16,126.36
2024-08-19,126.29
2024-08-20,125.85
2024-08-21,123.38
2024-08-22,118.51
2024-08-23,116.81
2024-08-26,126.8
2024-08-27,124.47
2024-08-28,124.51
2024-08-29,130.27
2024-08-30,122.97
2024-09-02,123.86
2024-09-03,120.6
2024-09-04,122.46
2024-09-05,123.76
2024-09-06,123.0
2024-09-09,125.04
2024-09-10,123.44
2024-09-11,121.62
2024-09-12,118.78
2024-09-13,119.91
2024-09-16,121.73
2024-09-17,123.1
2024-09-18,122.18
2024-09-19,122.24
2024-09-20,122.4
2024-09-23,130.35
2024-09-24,139.71
2024-09-25,135.44
2024-09-26,137.35
2024-09-27,140.5
2024-09-30,138.19
2024-10-01,136.21
2024-10-02,132.12
2024-10-03,133.87
2024-10-04,133.32
2024-10-07,133.5
2024-10-08,133.83
2024-10-09,132.51
2024-10-10,132.69
2024-10-11,131.82
2024-10-14,131.92
2024-10-15,133.97
2024-10-16,137.24
2024-10-17,136.05
2024-10-18,135.67
2024-10-21,135.97
2024-10-22,136.24
2024-10-23,134.76
2024-10-24,134.12
2024-10-25,133.0
2024-10-28,124.87
2024-10-29,125.97
2024-10-30,123.8
2024-10-31,123.44
2024-11-01,125.6
2024-11-02,128.7
2024-11-05,128.77
2024-11-06,131.92
2024-11-07,135.52
2024-11-08,135.9
2024-11-11,138.12
2024-11-12,135.16
2024-11-13,132.6
2024-11-14,131.61
2024-11-15,133.37
2024-11-18,129.12
2024-11-19,125.49
2024-11-20,121.89
2024-11-21,124.1
2024-11-22,119.47
2024-11-25,117.44
2024-11-26,114.5
2024-11-27,119.41
2024-11-28,120.29
2024-11-29,124.29
2024-12-02,123.9
2024-12-03,121.48
2024-12-04,115.3
2024-12-05,116.63
2024-12-06,114.99
2024-12-09,117.06
2024-12-10,114.7
2024-12-11,115.16
2024-12-12,113.1
2024-12-13,112.86
2024-12-16,108.71
2024-12-17,107.26
2024-12-18,108.05
2024-12-19,107.16
2024-12-20,115.24
2024-12-23,119.75
2024-12-24,121.7
2024-12-25,128.11
2024-12-26,126.89
2024-12-27,127.79
2024-12-28,129.6
2024-12-30,133.12
2025-01-03,128.66
2025-01-06,128.34
2025-01-08,129.45
2025-01-09,124.01
2025-01-10,126.6
2025-01-13,131.47
2025-01-14,132.99
2025-01-15,136.36
2025-01-16,135.33
2025-01-17,138.76
2025-01-20,137.1
2025-01-21,138.01
2025-01-22,136.83
2025-01-23,137.84
2025-01-24,138.43
2025-01-27,134.26
2025-01-28,137.54
2025-01-29,137.05
2025-01-30,140.47
2025-01-31,140.84
2025-02-03,139.63
2025-02-04,136.84
2025-02-05,140.45
2025-02-06,141.98
2025-02-07,141.9
2025-02-10,142.46
2025-02-11,142.97
2025-02-12,154.6
2025-02-13,166.32
2025-02-14,168.1
2025-02-17,180.05
2025-02-18,171.2
2025-02-19,176.25
2025-02-20,173.0
2025-02-21,171.09
2025-02-24,177.16
2025-02-25,175.1
2025-02-26,169.26
2025-02-27,166.7
2025-02-28,170.87
2025-03-03,169.26
2025-03-04,173.92
2025-03-05,170.95
2025-03-06,172.93
2025-03-07,171.56
2025-03-10,171.09
2025-03-11,170.42
2025-03-12,168.29
2025-03-13,168.11
2025-03-14,170.45
2025-03-17,172.73
2025-03-18,168.52
2025-03-19,168.33
2025-03-20,168.09
2025-03-21,166.61
2025-03-24,164.56
2025-03-25,164.46
2025-03-26,161.85
2025-03-27,155.25
2025-03-28,145.43
2025-03-31,145.69
2025-04-01,137.5
2025-04-02,139.23
2025-04-03,134.54
2025-04-04,126.7
2025-04-07,125.57
2025-04-08,121.91
2025-04-09,127.76
2025-04-10,127.77
2025-04-11,132.91
2025-04-14,132.05
2025-04-15,131.6
2025-04-16,132.0
2025-04-17,136.79
2025-04-18,134.77
2025-04-21,139.53
2025-04-22,145.0
2025-04-23,143.38
2025-04-24,144.29
2025-04-25,150.23
2025-04-28,153.27
2025-04-29,149.25
2025-04-30,149.89
2025-05-02,138.89
2025-05-05,135.09
2025-05-06,137.71
2025-05-07,139.9
2025-05-08,142.9
2025-05-12,146.73
2025-05-13,145.64
2025-05-14,141.74
2025-05-15,139.44
2025-05-16,139.1
2025-05-19,139.72
2025-05-20,137.1
2025-05-21,136.5
2025-05-22,130.87
2025-05-23,131.13
2025-05-26,125.52
2025-05-27,127.41
2025-05-28,131.95
2025-05-29,129.42
2025-05-30,132.26
2025-06-02,129.87
2025-06-03,130.56
2025-06-04,129.58
2025-06-05,129.48
2025-06-06,125.56
2025-06-09,123.5
2025-06-10,122.8
2025-06-11,122.84
2025-06-13,123.39
2025-06-16,123.05
2025-06-17,127.17
2025-06-18,126.67
2025-06-19,125.92
2025-06-20,124.27
2025-06-23,124.28
2025-06-24,125.13
2025-06-25,126.35
2025-06-26,126.69
2025-06-27,127.59
2025-06-30,129.89
2025-07-01,128.26
2025-07-02,127.11
2025-07-03,127.85
2025-07-04,127.83
2025-07-07,124.02
2025-07-08,121.03
2025-07-09,119.67
2025-07-10,120.32
2025-07-11,116.24
2025-07-14,122.3
2025-07-15,121.63
2025-07-16,122.83
2025-07-17,120.8
2025-07-18,126.75
2025-07-21,128.34
2025-07-22,129.07
2025-07-23,129.2
2025-07-24,128.04
2025-07-25,126.5
2025-07-28,122.86
2025-07-29,122.69
2025-07-30,121.34
2025-07-31,122.57
2025-08-01,121.63
2025-08-04,125.94
2025-08-05,125.98
2025-08-06,130.11
2025-08-07,134.24
2025-08-08,141.16
2025-08-11,140.0
2025-08-12,140.8
2025-08-13,139.39
2025-08-14,140.26
2025-08-15,142.53
2025-08-18,139.5
2025-08-19,137.81
2025-08-20,135.31
2025-08-21,131.13
2025-08-22,132.57
2025-08-25,132.38
2025-08-26,133.69
2025-08-27,135.51
2025-08-28,133.25
2025-08-29,135.88
2025-09-01,134.91
2025-09-02,132.18
2025-09-03,132.18
2025-09-04,130.8
2025-09-05,131.87
2025-09-08,133.48
2025-09-09,133.52
2025-09-10,130.73
2025-09-11,130.02
2025-09-12,125.44
2025-09-15,124.07
2025-09-16,122.58
2025-09-17,125.0
2025-09-18,122.77
2025-09-19,120.44
2025-09-22,119.5
2025-09-23,117.11
2025-09-24,118.9
2025-09-25,117.66
2025-09-26,120.15
2025-09-29,117.05
2025-09-30,118.19
2025-10-01,116.43
2025-10-02,116.07
2025-10-03,115.09
2025-10-06,119.17
2025-10-07,118.74
2025-10-08,114.22
2025-10-09,116.83
2025-10-10,115.18
2025-10-13,115.84
2025-10-14,115.27
2025-10-15,115.13
2025-10-16,124.36
2025-10-17,124.74
2025-10-20,126.02
2025-10-21,120.9
2025-10-22,119.14
2025-10-23,117.8
2025-10-24,116.94
2025-10-27,115.16
2025-10-28,116.43
2025-10-29,116.37
2025-10-30,117.25
2025-10-31,116.11
2025-11-01,116.2
2025-11-03,117.52
2025-11-05,116.46
2025-11-06,117.12
2025-11-07,120.45
2025-11-10,119.34
2025-11-11,121.53
2025-11-12,119.14
2025-11-13,119.28
2025-11-14,118.16
2025-11-17,118.14
2025-11-18,121.06
2025-11-19,124.0
2025-11-20,128.11
2025-11-21,127.06
2025-11-24,126.0
2025-11-25,127.6
2025-11-26,126.6
2025-11-27,124.06
2025-11-28,127.7
2025-12-01,127.8
2025-12-02,127.02
2025-12-03,125.01
2025-12-04,125.32
2025-12-05,128.67
2025-12-08,127.12
2025-12-09,129.28
2025-12-10,128.32
2025-12-11,130.3
2025-12-12,127.44
2025-12-15,129.12
2025-12-16,130.51
2025-12-17,129.11
2025-12-18,128.76
2025-12-19,127.46
2025-12-22,124.6
2025-12-23,125.32
2025-12-24,125.04
2025-12-25,124.2
2025-12-26,127.37
2025-12-29,125.29
2025-12-30,125.36
2026-01-05,123.72
2026-01-06,123.64
2026-01-08,122.21
2026-01-09,123.23
2026-01-12,120.81
2026-01-13,120.27
2026-01-14,121.47
2026-01-15,122.0
2026-01-16,123.63
2026-01-19,123.14
2026-01-20,123.42
2026-01-21,126.62
2026-01-22,125.74
2026-01-23,127.6
2026-01-26,125.6
2026-01-27,128.27
2026-01-28,127.07
2026-01-29,129.35
2026-01-30,127.6
2026-02-02,127.84
2026-02-03,127.27
2026-02-04,126.8
2026-02-05,125.59
2026-02-06,125.53
2026-02-09,124.14
2026-02-10,122.95
2026-02-11,124.76
2026-02-12,125.2
2026-02-13,127.5
2026-02-16,126.74
2026-02-17,126.18
2026-02-18,126.18
2026-02-19,125.7
2026-02-20,125.93
2026-02-24,126.89
2026-02-25,127.1
2026-02-26,126.6
2026-02-27,127.03
2026-03-02,130.26
2026-03-03,128.49
2026-03-04,127.5
2026-03-05,128.49
2026-03-06,132.17
2026-03-09,130.22
2026-03-10,130.27
2026-03-11,130.14
2026-03-12,130.32
2026-03-13,129.38
2026-03-16,128.28
2026-03-17,127.64
2026-03-18,129.76
2026-03-19,130.74
2026-03-20,131.89
2026-03-23,131.67
2026-03-24,134.28
2026-03-25,136.4
2026-03-26,136.79
2026-03-27,137.49
2026-03-30,136.49
2026-03-31,133.27
2026-04-01,134.95
2026-04-02,133.99
2026-04-03,133.02
2026-04-06,133.32
2026-04-07,133.3
2026-04-08,131.08
2026-04-09,128.74
2026-04-10,127.84
2026-04-13,128.05
2026-04-14,127.9
2026-04-15,128.5
2026-04-16,127.56
2026-04-17,124.68
2026-04-20,125.83
2026-04-21,125.35
2026-04-22,125.15
2026-04-23,125.17
2026-04-24,123.25
2026-04-27,123.29
2026-04-28,120.51
2026-04-29,119.04
2026-04-30,121.13
2026-05-04,118.97
2026-05-05,119.54
2026-05-06,118.24
2026-05-07,117.29
2026-05-08,118.42
2026-05-11,120.68
2026-05-12,123.94
2026-05-13,124.24
2026-05-14,121.27
2026-05-15,120.6
2026-05-18,124.01
2026-05-19,123.38
2026-05-20,119.01
2026-05-21,118.67
2026-05-22,117.29
2026-05-25,116.66
2026-05-26,115.5
2026-05-27,116.09
2026-05-28,115.7
2026-05-29,115.52
2026-06-01,116.15
2026-06-02,118.01
2026-06-03,115.97
2026-06-04,116.69
2026-06-05,115.4
2026-06-08,113.49
2026-06-09,113.09
2026-06-10,113.05
2026-06-11,112.29
2026-06-15,114.02
2026-06-16,111.54
2026-06-17,109.82
2026-06-18,106.7
2026-06-19,104.49
2026-06-22,99.16
2026-06-23,101.91
2026-06-24,98.02
2026-06-25,98.07
2026-06-26,99.07
2026-06-29,101.98
2026-06-30,100.9
2026-07-01,101.03
2026-07-02,97.05
2026-07-03,96.84
2026-07-06,94.81
2026-07-07,94.26
2026-07-08,95.86
2026-07-09,93.2
2026-07-10,92.77
2026-07-13,94.41
2026-07-14,93.01
2026-07-15,88.44
2026-07-16,83.46
2026-07-17,78.38
2026-07-20,85.4
2026-07-21,86.45
2026-07-22,91.06
2026-07-23,90.17
2026-07-24,93.22
2026-07-27,93.1
2026-07-28,91.65
2026-07-29,92.34
2026-07-30,91.81
2026-07-31,92.06
2026-08-03,94.12
2026-08-04,93.15
2026-08-05,95.41
2026-08-06,93.19
2026-08-07,91.64
2026-08-10,93.39
2026-08-11,93.53
2026-08-12,91.68
2026-08-13,88.53
2026-08-14,84.59
2026-08-17,83.16
2026-08-18,85.24
2026-08-19,84.86
2026-08-20,82.87
2026-08-21,84.78
2026-08-24,83.09
2026-08-25,85.01
2026-08-26,82.34
2026-08-27,85.09
2026-08-28,85.09
2026-08-31,88.91
2026-09-01,86.76
2026-09-02,87.93
2026-09-03,90.61
2026-09-04,91.67
2026-09-07,91.13
2026-09-08,90.88
2026-09-09,88.74
2026-09-10,93.5
2026-09-11,92.42
2026-09-14,96.65
2026-09-15,96.69
