date,GMKN
2016-09-20,9562.0
2016-09-21,9420.0
2016-09-22,9715.0
2016-09-23,9730.0
2016-09-26,9667.0
2016-09-27,9780.0
2016-09-28,9952.0
2016-09-29,9918.0
2016-09-30,9812.0
2016-10-03,9648.0
2016-10-04,9639.0
2016-10-05,9530.0
2016-10-06,9475.0
2016-10-07,9401.0
2016-10-10,9406.0
2016-10-11,9450.0
2016-10-12,9432.0
2016-10-13,9400.0
2016-10-14,9390.0
2016-10-17,9250.0
2016-10-18,9364.0
2016-10-19,9269.0
2016-10-20,9200.0
2016-10-21,9376.0
2016-10-24,9250.0
2016-10-25,9304.0
2016-10-26,9307.0
2016-10-27,9451.0
2016-10-28,9345.0
2016-10-31,9344.0
2016-11-01,9310.0
2016-11-02,9200.0
2016-11-03,9157.0
2016-11-07,9230.0
2016-11-08,9400.0
2016-11-09,9590.0
2016-11-10,10046.0
2016-11-11,10150.0
2016-11-14,10380.0
2016-11-15,10367.0
2016-11-16,10270.0
2016-11-17,10289.0
2016-11-18,10144.0
2016-11-21,10137.0
2016-11-22,10277.0
2016-11-23,10490.0
2016-11-24,10498.0
2016-11-25,10450.0
2016-11-28,10550.0
2016-11-29,10468.0
2016-11-30,10371.0
2016-12-01,10620.0
2016-12-02,10680.0
2016-12-05,10830.0
2016-12-06,10900.0
2016-12-07,10990.0
2016-12-08,11070.0
2016-12-09,10996.0
2016-12-12,10909.0
2016-12-13,10804.0
2016-12-14,10590.0
2016-12-15,10512.0
2016-12-16,10525.0
2016-12-19,10260.0
2016-12-20,10249.0
2016-12-21,10194.0
2016-12-22,10190.0
2016-12-23,10170.0
2016-12-26,10202.0
2016-12-27,9896.0
2016-12-28,9790.0
2016-12-29,9951.0
2016-12-30,10122.0
2017-01-03,10245.0
2017-01-04,10195.0
2017-01-05,10025.0
2017-01-06,10040.0
2017-01-09,10115.0
2017-01-10,10397.0
2017-01-11,10439.0
2017-01-12,9994.0
2017-01-13,9756.0
2017-01-16,9761.0
2017-01-17,9615.0
2017-01-18,9549.0
2017-01-19,9590.0
2017-01-20,9360.0
2017-01-23,9424.0
2017-01-24,9486.0
2017-01-25,9535.0
2017-01-26,9790.0
2017-01-27,9792.0
2017-01-30,9772.0
2017-01-31,9629.0
2017-02-01,9848.0
2017-02-02,10255.0
2017-02-03,10089.0
2017-02-06,9922.0
2017-02-07,10136.0
2017-02-08,10135.0
2017-02-09,9999.0
2017-02-10,10072.0
2017-02-13,9890.0
2017-02-14,9740.0
2017-02-15,9940.0
2017-02-16,9957.0
2017-02-17,9720.0
2017-02-20,9585.0
2017-02-21,9677.0
2017-02-22,9600.0
2017-02-24,9498.0
2017-02-27,9341.0
2017-02-28,9311.0
2017-03-01,9371.0
2017-03-02,9306.0
2017-03-03,9336.0
2017-03-06,9324.0
2017-03-07,9061.0
2017-03-09,8807.0
2017-03-10,8855.0
2017-03-13,8965.0
2017-03-14,9097.0
2017-03-15,9057.0
2017-03-16,9054.0
2017-03-17,9169.0
2017-03-20,9011.0
2017-03-21,9109.0
2017-03-22,9180.0
2017-03-23,9182.0
2017-03-24,9165.0
2017-03-27,8891.0
2017-03-28,9011.0
2017-03-29,8985.0
2017-03-30,8989.0
2017-03-31,8929.0
2017-04-03,8974.0
2017-04-04,9000.0
2017-04-05,9186.0
2017-04-06,9133.0
2017-04-07,9025.0
2017-04-10,8956.0
2017-04-11,8964.0
2017-04-12,8924.0
2017-04-13,8775.0
2017-04-14,8710.0
2017-04-17,8841.0
2017-04-18,8556.0
2017-04-19,8553.0
2017-04-20,8620.0
2017-04-21,8538.0
2017-04-24,8685.0
2017-04-25,8873.0
2017-04-26,8890.0
2017-04-27,8750.0
2017-04-28,8747.0
2017-05-02,8809.0
2017-05-03,8688.0
2017-05-04,8701.0
2017-05-05,8765.0
2017-05-10,8658.0
2017-05-11,8500.0
2017-05-12,8405.0
2017-05-15,8530.0
2017-05-16,8402.0
2017-05-17,8372.0
2017-05-18,8420.0
2017-05-19,8305.0
2017-05-22,8275.0
2017-05-23,8359.0
2017-05-24,8399.0
2017-05-25,8227.0
2017-05-26,8200.0
2017-05-29,8143.0
2017-05-30,8050.0
2017-05-31,7902.0
2017-06-01,7791.0
2017-06-02,7829.0
2017-06-05,7887.0
2017-06-06,7898.0
2017-06-07,7865.0
2017-06-08,8013.0
2017-06-09,8100.0
2017-06-13,8058.0
2017-06-14,8113.0
2017-06-15,8011.0
2017-06-16,8154.0
2017-06-19,8250.0
2017-06-20,8311.0
2017-06-21,8290.0
2017-06-22,7850.0
2017-06-23,8015.0
2017-06-26,7999.0
2017-06-27,8126.0
2017-06-28,8175.0
2017-06-29,8180.0
2017-06-30,8068.0
2017-07-03,8246.0
2017-07-04,8197.0
2017-07-05,8288.0
2017-07-06,8343.0
2017-07-07,8373.0
2017-07-10,8515.0
2017-07-11,8591.0
2017-07-12,8600.0
2017-07-13,8496.0
2017-07-14,8480.0
2017-07-17,8593.0
2017-07-18,8574.0
2017-07-19,8693.0
2017-07-20,8410.0
2017-07-21,8388.0
2017-07-24,8585.0
2017-07-25,8675.0
2017-07-26,8646.0
2017-07-27,8865.0
2017-07-28,8831.0
2017-07-31,8930.0
2017-08-01,9055.0
2017-08-02,9142.0
2017-08-03,9095.0
2017-08-04,9099.0
2017-08-07,9270.0
2017-08-08,9200.0
2017-08-09,9269.0
2017-08-10,9180.0
2017-08-11,9000.0
2017-08-14,9050.0
2017-08-15,8919.0
2017-08-16,8725.0
2017-08-17,8768.0
2017-08-18,8899.0
2017-08-21,9005.0
2017-08-22,9071.0
2017-08-23,9130.0
2017-08-24,9220.0
2017-08-25,9150.0
2017-08-28,9289.0
2017-08-29,9473.0
2017-08-30,9500.0
2017-08-31,9790.0
2017-09-01,9803.0
2017-09-04,9746.0
2017-09-05,9692.0
2017-09-06,9825.0
2017-09-07,9660.0
2017-09-08,9675.0
2017-09-11,9667.0
2017-09-12,9867.0
2017-09-13,9650.0
2017-09-14,9560.0
2017-09-15,9535.0
2017-09-18,9547.0
2017-09-19,9613.0
2017-09-20,9673.0
2017-09-21,9710.0
2017-09-22,9593.0
2017-09-25,9650.0
2017-09-26,9607.0
2017-09-27,9649.0
2017-09-28,9648.0
2017-09-29,9920.0
2017-10-02,10134.0
2017-10-03,10253.0
2017-10-04,10213.0
2017-10-05,10328.0
2017-10-06,10313.0
2017-10-09,10438.0
2017-10-10,10254.0
2017-10-11,10275.0
2017-10-12,10155.0
2017-10-13,10490.0
2017-10-16,10780.0
2017-10-17,10730.0
2017-10-18,10756.0
2017-10-19,10527.0
2017-10-20,10696.0
2017-10-23,10673.0
2017-10-24,10666.0
2017-10-25,10390.0
2017-10-26,10425.0
2017-10-27,10532.0
2017-10-30,10590.0
2017-10-31,10592.0
2017-11-01,11050.0
2017-11-02,11350.0
2017-11-03,11551.0
2017-11-07,11610.0
2017-11-08,11455.0
2017-11-09,11465.0
2017-11-10,11400.0
2017-11-13,11470.0
2017-11-14,11151.0
2017-11-15,10803.0
2017-11-16,11044.0
2017-11-17,10813.0
2017-11-20,10544.0
2017-11-21,10515.0
2017-11-22,10768.0
2017-11-23,10609.0
2017-11-24,10750.0
2017-11-27,10550.0
2017-11-28,10220.0
2017-11-29,10107.0
2017-11-30,9876.0
2017-12-01,10080.0
2017-12-04,10166.0
2017-12-05,10077.0
2017-12-06,10166.0
2017-12-07,10063.0
2017-12-08,10077.0
2017-12-11,10423.0
2017-12-12,10787.0
2017-12-13,10512.0
2017-12-14,10669.0
2017-12-15,10595.0
2017-12-18,10680.0
2017-12-19,10653.0
2017-12-20,10613.0
2017-12-21,10531.0
2017-12-22,10710.0
2017-12-25,10655.0
2017-12-26,10629.0
2017-12-27,10621.0
2017-12-28,10694.0
2017-12-29,10850.0
2018-01-03,11302.0
2018-01-04,11585.0
2018-01-05,11565.0
2018-01-09,11675.0
2018-01-10,11655.0
2018-01-11,11662.0
2018-01-12,11600.0
2018-01-15,11750.0
2018-01-16,11375.0
2018-01-17,11498.0
2018-01-18,11560.0
2018-01-19,11470.0
2018-01-22,11488.0
2018-01-23,11198.0
2018-01-24,11325.0
2018-01-25,11537.0
2018-01-26,11420.0
2018-01-29,11539.0
2018-01-30,11483.0
2018-01-31,11608.0
2018-02-01,11639.0
2018-02-02,11496.0
2018-02-05,11581.0
2018-02-06,11308.0
2018-02-07,11268.0
2018-02-08,11110.0
2018-02-09,11101.0
2018-02-12,11147.0
2018-02-13,11500.0
2018-02-14,11761.0
2018-02-15,11785.0
2018-02-16,10810.0
2018-02-19,11171.0
2018-02-20,11060.0
2018-02-21,11300.0
2018-02-22,11380.0
2018-02-26,11874.0
2018-02-27,11550.0
2018-02-28,11159.0
2018-03-01,11173.0
2018-03-02,11248.0
2018-03-05,11199.0
2018-03-06,11161.0
2018-03-07,11160.0
2018-03-09,11077.0
2018-03-12,11157.0
2018-03-13,11101.0
2018-03-14,10881.0
2018-03-15,10890.0
2018-03-16,10927.0
2018-03-19,10911.0
2018-03-20,10950.0
2018-03-21,10932.0
2018-03-22,11003.0
2018-03-23,10998.0
2018-03-26,10750.0
2018-03-27,10728.0
2018-03-28,10695.0
2018-03-29,10795.0
2018-03-30,10760.0
2018-04-02,10800.0
2018-04-03,10830.0
2018-04-04,10735.0
2018-04-05,10744.0
2018-04-06,10733.0
2018-04-09,9170.0
2018-04-10,9810.0
2018-04-11,9888.0
2018-04-12,10376.0
2018-04-13,10490.0
2018-04-16,9900.0
2018-04-17,10229.0
2018-04-18,10672.0
2018-04-19,10685.0
2018-04-20,10615.0
2018-04-23,10875.0
2018-04-24,10860.0
2018-04-25,10803.0
2018-04-26,10988.0
2018-04-27,10989.0
2018-04-28,10949.0
2018-04-30,10814.0
2018-05-02,11040.0
2018-05-03,10856.0
2018-05-04,10996.0
2018-05-07,11150.0
2018-05-08,11094.0
2018-05-10,10730.0
2018-05-11,10729.0
2018-05-14,10778.0
2018-05-15,10915.0
2018-05-16,10800.0
2018-05-17,10790.0
2018-05-18,10732.0
2018-05-21,10922.0
2018-05-22,10998.0
2018-05-23,10850.0
2018-05-24,10880.0
2018-05-25,11090.0
2018-05-28,11170.0
2018-05-29,11144.0
2018-05-30,11066.0
2018-05-31,11111.0
2018-06-01,11150.0
2018-06-04,11474.0
2018-06-05,11551.0
2018-06-06,11640.0
2018-06-07,11644.0
2018-06-08,11355.0
2018-06-09,11484.0
2018-06-11,11500.0
2018-06-13,11275.0
2018-06-14,11161.0
2018-06-15,11066.0
2018-06-18,11051.0
2018-06-19,11126.0
2018-06-20,11243.0
2018-06-21,11224.0
2018-06-22,11222.0
2018-06-25,11285.0
2018-06-26,11222.0
2018-06-27,11100.0
2018-06-28,11115.0
2018-06-29,11399.0
2018-07-02,11600.0
2018-07-03,11540.0
2018-07-04,11458.0
2018-07-05,11566.0
2018-07-06,11698.0
2018-07-09,11799.0
2018-07-10,11725.0
2018-07-11,11260.0
2018-07-12,11359.0
2018-07-13,11398.0
2018-07-16,10680.0
2018-07-17,10610.0
2018-07-18,10574.0
2018-07-19,10350.0
2018-07-20,10255.0
2018-07-23,10314.0
2018-07-24,10760.0
2018-07-25,10845.0
2018-07-26,10827.0
2018-07-27,10848.0
2018-07-30,10866.0
2018-07-31,10882.0
2018-08-01,10782.0
2018-08-02,10700.0
2018-08-03,10814.0
2018-08-06,10770.0
2018-08-07,10830.0
2018-08-08,10830.0
2018-08-09,10999.0
2018-08-10,10800.0
2018-08-13,11005.0
2018-08-14,10990.0
2018-08-15,11000.0
2018-08-16,10901.0
2018-08-17,10821.0
2018-08-20,10950.0
2018-08-21,10930.0
2018-08-22,11074.0
2018-08-23,10950.0
2018-08-24,11015.0
2018-08-27,11072.0
2018-08-28,11250.0
2018-08-29,11338.0
2018-08-30,11262.0
2018-08-31,11220.0
2018-09-03,11287.0
2018-09-04,11250.0
2018-09-05,11136.0
2018-09-06,11206.0
2018-09-07,11200.0
2018-09-10,11365.0
2018-09-11,11456.0
2018-09-12,11565.0
2018-09-13,11637.0
2018-09-14,11525.0
2018-09-17,11540.0
2018-09-18,11587.0
2018-09-19,11651.0
2018-09-20,11705.0
2018-09-21,12073.0
2018-09-24,11916.0
2018-09-25,11957.0
2018-09-26,11886.0
2018-09-27,11830.0
2018-09-28,11388.0
2018-10-01,11307.0
2018-10-02,11229.0
2018-10-03,11365.0
2018-10-04,11416.0
2018-10-05,11292.0
2018-10-08,11321.0
2018-10-09,11403.0
2018-10-10,11376.0
2018-10-11,11253.0
2018-10-12,11170.0
2018-10-15,11088.0
2018-10-16,11264.0
2018-10-17,11430.0
2018-10-18,11360.0
2018-10-19,11378.0
2018-10-22,11291.0
2018-10-23,11061.0
2018-10-24,11025.0
2018-10-25,10902.0
2018-10-26,10650.0
2018-10-29,10679.0
2018-10-30,10702.0
2018-10-31,11000.0
2018-11-01,11250.0
2018-11-02,11470.0
2018-11-06,11565.0
2018-11-07,11695.0
2018-11-08,11698.0
2018-11-09,11689.0
2018-11-12,11608.0
2018-11-13,11608.0
2018-11-14,11683.0
2018-11-15,11701.0
2018-11-16,11714.0
2018-11-19,11746.0
2018-11-20,11742.0
2018-11-21,11820.0
2018-11-22,11876.0
2018-11-23,11954.0
2018-11-26,11959.0
2018-11-27,12379.0
2018-11-28,12770.0
2018-11-29,12691.0
2018-11-30,12738.0
2018-12-03,12817.0
2018-12-04,12666.0
2018-12-05,12820.0
2018-12-06,12699.0
2018-12-07,12745.0
2018-12-10,12630.0
2018-12-11,12738.0
2018-12-12,12890.0
2018-12-13,13220.0
2018-12-14,13160.0
2018-12-17,13349.0
2018-12-18,13212.0
2018-12-19,13125.0
2018-12-20,13217.0
2018-12-21,13014.0
2018-12-24,12783.0
2018-12-25,12555.0
2018-12-26,12867.0
2018-12-27,12889.0
2018-12-28,13073.0
2018-12-29,13039.0
2019-01-03,12993.0
2019-01-04,13070.0
2019-01-08,13128.0
2019-01-09,13229.0
2019-01-10,13343.0
2019-01-11,13437.0
2019-01-14,13389.0
2019-01-15,13389.0
2019-01-16,13180.0
2019-01-17,13282.0
2019-01-18,13359.0
2019-01-21,13353.0
2019-01-22,13306.0
2019-01-23,13378.0
2019-01-24,13369.0
2019-01-25,13312.0
2019-01-28,13089.0
2019-01-29,13260.0
2019-01-30,13639.0
2019-01-31,13596.0
2019-02-01,13534.0
2019-02-04,13500.0
2019-02-05,13588.0
2019-02-06,13690.0
2019-02-07,13650.0
2019-02-08,13732.0
2019-02-11,13702.0
2019-02-12,13780.0
2019-02-13,13552.0
2019-02-14,13740.0
2019-02-15,13750.0
2019-02-18,13660.0
2019-02-19,13800.0
2019-02-20,14250.0
2019-02-21,14052.0
2019-02-22,14122.0
2019-02-25,14594.0
2019-02-26,14420.0
2019-02-27,14302.0
2019-02-28,14114.0
2019-03-01,14100.0
2019-03-04,13794.0
2019-03-05,13770.0
2019-03-06,14442.0
2019-03-07,14442.0
2019-03-11,14100.0
2019-03-12,14380.0
2019-03-13,13850.0
2019-03-14,13952.0
2019-03-15,14226.0
2019-03-18,14284.0
2019-03-19,14350.0
2019-03-20,14316.0
2019-03-21,14290.0
2019-03-22,14280.0
2019-03-25,14280.0
2019-03-26,14300.0
2019-03-27,13874.0
2019-03-28,13436.0
2019-03-29,13720.0
2019-04-01,13994.0
2019-04-02,14160.0
2019-04-03,14186.0
2019-04-04,14288.0
2019-04-05,14332.0
2019-04-08,14348.0
2019-04-09,14400.0
2019-04-10,14440.0
2019-04-11,14230.0
2019-04-12,14418.0
2019-04-15,14392.0
2019-04-16,14558.0
2019-04-17,14600.0
2019-04-18,14510.0
2019-04-19,14510.0
2019-04-22,14528.0
2019-04-23,14430.0
2019-04-24,14316.0
2019-04-25,14470.0
2019-04-26,14720.0
2019-04-29,14490.0
2019-04-30,14342.0
2019-05-02,14280.0
2019-05-03,14238.0
2019-05-06,14400.0
2019-05-07,14152.0
2019-05-08,14108.0
2019-05-10,13922.0
2019-05-13,13970.0
2019-05-14,13954.0
2019-05-15,13800.0
2019-05-16,13560.0
2019-05-17,13590.0
2019-05-20,13358.0
2019-05-21,13548.0
2019-05-22,13782.0
2019-05-23,13520.0
2019-05-24,13602.0
2019-05-27,13710.0
2019-05-28,13640.0
2019-05-29,13708.0
2019-05-30,13700.0
2019-05-31,13718.0
2019-06-03,13770.0
2019-06-04,13796.0
2019-06-05,13772.0
2019-06-06,13850.0
2019-06-07,13802.0
2019-06-10,13852.0
2019-06-11,14304.0
2019-06-13,14676.0
2019-06-14,14602.0
2019-06-17,14506.0
2019-06-18,14750.0
2019-06-19,14868.0
2019-06-20,14224.0
2019-06-21,14180.0
2019-06-24,14272.0
2019-06-25,14060.0
2019-06-26,14148.0
2019-06-27,14168.0
2019-06-28,14308.0
2019-07-01,14236.0
2019-07-02,14420.0
2019-07-03,14432.0
2019-07-04,14280.0
2019-07-05,14450.0
2019-07-08,14366.0
2019-07-09,14292.0
2019-07-10,14270.0
2019-07-11,14146.0
2019-07-12,14194.0
2019-07-15,14266.0
2019-07-16,14440.0
2019-07-17,14480.0
2019-07-18,14770.0
2019-07-19,14902.0
2019-07-22,14652.0
2019-07-23,14668.0
2019-07-24,14648.0
2019-07-25,14590.0
2019-07-26,14392.0
2019-07-29,14416.0
2019-07-30,14510.0
2019-07-31,14646.0
2019-08-01,14448.0
2019-08-02,14320.0
2019-08-05,14192.0
2019-08-06,14482.0
2019-08-07,14700.0
2019-08-08,15084.0
2019-08-09,14800.0
2019-08-12,15024.0
2019-08-13,14858.0
2019-08-14,14804.0
2019-08-15,14924.0
2019-08-16,14652.0
2019-08-19,14758.0
2019-08-20,15150.0
2019-08-21,15120.0
2019-08-22,15460.0
2019-08-23,15382.0
2019-08-26,15340.0
2019-08-27,15386.0
2019-08-28,15430.0
2019-08-29,15558.0
2019-08-30,16088.0
2019-09-02,16500.0
2019-09-03,16340.0
2019-09-04,16500.0
2019-09-05,16390.0
2019-09-06,16198.0
2019-09-09,15940.0
2019-09-10,15944.0
2019-09-11,16004.0
2019-09-12,15950.0
2019-09-13,15650.0
2019-09-16,15846.0
2019-09-17,15830.0
2019-09-18,16100.0
2019-09-19,15954.0
2019-09-20,16128.0
2019-09-23,16308.0
2019-09-24,16096.0
2019-09-25,16272.0
2019-09-26,16388.0
2019-09-27,16468.0
2019-09-30,16686.0
2019-10-01,16720.0
2019-10-02,16670.0
2019-10-03,16602.0
2019-10-04,15894.0
2019-10-07,16048.0
2019-10-08,16030.0
2019-10-09,16104.0
2019-10-10,16140.0
2019-10-11,16078.0
2019-10-14,15940.0
2019-10-15,16022.0
2019-10-16,16156.0
2019-10-17,16170.0
2019-10-18,16250.0
2019-10-21,16306.0
2019-10-22,16462.0
2019-10-23,16544.0
2019-10-24,17130.0
2019-10-25,17200.0
2019-10-28,17714.0
2019-10-29,17948.0
2019-10-30,18192.0
2019-10-31,17888.0
2019-11-01,18186.0
2019-11-05,18140.0
2019-11-06,18304.0
2019-11-07,18706.0
2019-11-08,18520.0
2019-11-11,18112.0
2019-11-12,17642.0
2019-11-13,17422.0
2019-11-14,17426.0
2019-11-15,17680.0
2019-11-18,17358.0
2019-11-19,17592.0
2019-11-20,17646.0
2019-11-21,17658.0
2019-11-22,17476.0
2019-11-25,17344.0
2019-11-26,17240.0
2019-11-27,17212.0
2019-11-28,17172.0
2019-11-29,17046.0
2019-12-02,17094.0
2019-12-03,17304.0
2019-12-04,17246.0
2019-12-05,17622.0
2019-12-06,18048.0
2019-12-09,18420.0
2019-12-10,18478.0
2019-12-11,18678.0
2019-12-12,18928.0
2019-12-13,19474.0
2019-12-16,19722.0
2019-12-17,19504.0
2019-12-18,19626.0
2019-12-19,19796.0
2019-12-20,19776.0
2019-12-23,19676.0
2019-12-24,19630.0
2019-12-25,19890.0
2019-12-26,19220.0
2019-12-27,19292.0
2019-12-30,19102.0
2020-01-03,19448.0
2020-01-06,19588.0
2020-01-08,19850.0
2020-01-09,19838.0
2020-01-10,19878.0
2020-01-13,20362.0
2020-01-14,20000.0
2020-01-15,20396.0
2020-01-16,20900.0
2020-01-17,21524.0
2020-01-20,21850.0
2020-01-21,21450.0
2020-01-22,21310.0
2020-01-23,21146.0
2020-01-24,21188.0
2020-01-27,21100.0
2020-01-28,21282.0
2020-01-29,21230.0
2020-01-30,20880.0
2020-01-31,20800.0
2020-02-03,20410.0
2020-02-04,20898.0
2020-02-05,21316.0
2020-02-06,21240.0
2020-02-07,21200.0
2020-02-10,21442.0
2020-02-11,21910.0
2020-02-12,21966.0
2020-02-13,21510.0
2020-02-14,21530.0
2020-02-17,21790.0
2020-02-18,21818.0
2020-02-19,22520.0
2020-02-20,22342.0
2020-02-21,22220.0
2020-02-25,21554.0
2020-02-26,21826.0
2020-02-27,21238.0
2020-02-28,20250.0
2020-03-02,20160.0
2020-03-03,20714.0
2020-03-04,20756.0
2020-03-05,20780.0
2020-03-06,21762.0
2020-03-10,21230.0
2020-03-11,20238.0
2020-03-12,18500.0
2020-03-13,18038.0
2020-03-16,17090.0
2020-03-17,17180.0
2020-03-18,15500.0
2020-03-19,16252.0
2020-03-20,16358.0
2020-03-23,16240.0
2020-03-24,19028.0
2020-03-25,19930.0
2020-03-26,20100.0
2020-03-27,19306.0
2020-03-30,19462.0
2020-03-31,19518.0
2020-04-01,18952.0
2020-04-02,18998.0
2020-04-03,19032.0
2020-04-06,19590.0
2020-04-07,19780.0
2020-04-08,20164.0
2020-04-09,21138.0
2020-04-10,20650.0
2020-04-13,20100.0
2020-04-14,20702.0
2020-04-15,19646.0
2020-04-16,19520.0
2020-04-17,19718.0
2020-04-20,20036.0
2020-04-21,19240.0
2020-04-22,19614.0
2020-04-23,20216.0
2020-04-24,20150.0
2020-04-27,20034.0
2020-04-28,20054.0
2020-04-29,20596.0
2020-04-30,20478.0
2020-05-04,20126.0
2020-05-05,20034.0
2020-05-06,19940.0
2020-05-07,20224.0
2020-05-08,20144.0
2020-05-12,21016.0
2020-05-13,20762.0
2020-05-14,20104.0
2020-05-15,20206.0
2020-05-18,21474.0
2020-05-19,21920.0
2020-05-20,22952.0
2020-05-21,22536.0
2020-05-22,22002.0
2020-05-25,22394.0
2020-05-26,22118.0
2020-05-27,22110.0
2020-05-28,22544.0
2020-05-29,22110.0
2020-06-01,22026.0
2020-06-02,22220.0
2020-06-03,21824.0
2020-06-04,20000.0
2020-06-05,20400.0
2020-06-08,20502.0
2020-06-09,20248.0
2020-06-10,20240.0
2020-06-11,19482.0
2020-06-15,19058.0
2020-06-16,19472.0
2020-06-17,19256.0
2020-06-18,18926.0
2020-06-19,19004.0
2020-06-22,19122.0
2020-06-23,19636.0
2020-06-25,19850.0
2020-06-26,19678.0
2020-06-29,19196.0
2020-06-30,18784.0
2020-07-02,18754.0
2020-07-03,19000.0
2020-07-06,18260.0
2020-07-07,18574.0
2020-07-08,18970.0
2020-07-09,18596.0
2020-07-10,18550.0
2020-07-13,17946.0
2020-07-14,17826.0
2020-07-15,17978.0
2020-07-16,18112.0
2020-07-17,18350.0
2020-07-20,18394.0
2020-07-21,18380.0
2020-07-22,18234.0
2020-07-23,18724.0
2020-07-24,19060.0
2020-07-27,19790.0
2020-07-28,19618.0
2020-07-29,19808.0
2020-07-30,19620.0
2020-07-31,19650.0
2020-08-03,20018.0
2020-08-04,20398.0
2020-08-05,20886.0
2020-08-06,20842.0
2020-08-07,20438.0
2020-08-10,20612.0
2020-08-11,20426.0
2020-08-12,20770.0
2020-08-13,20930.0
2020-08-14,20786.0
2020-08-17,20710.0
2020-08-18,20798.0
2020-08-19,20500.0
2020-08-20,19988.0
2020-08-21,19942.0
2020-08-24,20000.0
2020-08-25,19830.0
2020-08-26,19976.0
2020-08-27,19670.0
2020-08-28,19364.0
2020-08-31,19394.0
2020-09-01,19930.0
2020-09-02,19916.0
2020-09-03,19838.0
2020-09-04,19924.0
2020-09-07,20006.0
2020-09-08,19890.0
2020-09-09,19708.0
2020-09-10,19528.0
2020-09-11,19354.0
2020-09-14,19492.0
2020-09-15,19634.0
2020-09-16,19270.0
2020-09-17,19370.0
2020-09-18,19300.0
2020-09-21,18694.0
2020-09-22,18758.0
2020-09-23,18860.0
2020-09-24,18780.0
2020-09-25,18888.0
2020-09-28,18826.0
2020-09-29,18800.0
2020-09-30,18762.0
2020-10-01,18726.0
2020-10-02,18840.0
2020-10-05,19282.0
2020-10-06,18782.0
2020-10-07,18654.0
2020-10-08,18924.0
2020-10-09,19450.0
2020-10-12,19534.0
2020-10-13,19604.0
2020-10-14,19792.0
2020-10-15,19680.0
2020-10-16,19682.0
2020-10-19,19858.0
2020-10-20,20192.0
2020-10-21,19828.0
2020-10-22,19672.0
2020-10-23,19838.0
2020-10-26,19514.0
2020-10-27,19150.0
2020-10-28,18548.0
2020-10-29,18998.0
2020-10-30,18864.0
2020-11-02,19334.0
2020-11-03,19512.0
2020-11-05,19684.0
2020-11-06,20138.0
2020-11-09,20590.0
2020-11-10,20626.0
2020-11-11,20510.0
2020-11-12,20448.0
2020-11-13,20486.0
2020-11-16,20780.0
2020-11-17,20602.0
2020-11-18,20720.0
2020-11-19,20660.0
2020-11-20,20734.0
2020-11-23,21028.0
2020-11-24,21578.0
2020-11-25,21460.0
2020-11-26,21570.0
2020-11-27,21720.0
2020-11-30,21476.0
2020-12-01,21908.0
2020-12-02,22906.0
2020-12-03,23136.0
2020-12-04,23188.0
2020-12-07,23084.0
2020-12-08,22842.0
2020-12-09,23170.0
2020-12-10,24048.0
2020-12-11,24056.0
2020-12-14,23944.0
2020-12-15,23692.0
2020-12-16,23378.0
2020-12-17,23472.0
2020-12-18,23438.0
2020-12-21,23400.0
2020-12-22,23760.0
2020-12-23,23386.0
2020-12-24,23220.0
2020-12-25,23340.0
2020-12-28,23620.0
2020-12-29,23528.0
2020-12-30,23682.0
2021-01-04,24314.0
2021-01-05,24676.0
2021-01-06,25024.0
2021-01-08,26544.0
2021-01-11,26290.0
2021-01-12,25934.0
2021-01-13,25976.0
2021-01-14,26432.0
2021-01-15,25796.0
2021-01-18,25874.0
2021-01-19,25826.0
2021-01-20,26550.0
2021-01-21,26538.0
2021-01-22,26172.0
2021-01-25,25982.0
2021-01-26,25768.0
2021-01-27,24996.0
2021-01-28,25230.0
2021-01-29,24364.0
2021-02-01,24866.0
2021-02-02,24770.0
2021-02-03,25312.0
2021-02-04,25766.0
2021-02-05,25478.0
2021-02-08,25804.0
2021-02-09,25458.0
2021-02-10,25342.0
2021-02-11,25432.0
2021-02-12,25390.0
2021-02-15,26328.0
2021-02-16,26208.0
2021-02-17,26488.0
2021-02-18,26702.0
2021-02-19,28130.0
2021-02-20,27088.0
2021-02-22,26156.0
2021-02-24,24846.0
2021-02-25,23204.0
2021-02-26,23502.0
2021-03-01,24268.0
2021-03-02,23774.0
2021-03-03,23304.0
2021-03-04,22172.0
2021-03-05,22348.0
2021-03-09,22954.0
2021-03-10,23164.0
2021-03-11,23396.0
2021-03-12,23746.0
2021-03-15,24114.0
2021-03-16,22846.0
2021-03-17,22878.0
2021-03-18,22596.0
2021-03-19,22686.0
2021-03-22,22766.0
2021-03-23,22238.0
2021-03-24,21326.0
2021-03-25,21252.0
2021-03-26,22206.0
2021-03-29,23116.0
2021-03-30,23172.0
2021-03-31,23704.0
2021-04-01,23776.0
2021-04-02,23860.0
2021-04-05,23736.0
2021-04-06,23180.0
2021-04-07,23602.0
2021-04-08,23924.0
2021-04-09,24410.0
2021-04-12,25432.0
2021-04-13,25384.0
2021-04-14,24886.0
2021-04-15,25112.0
2021-04-16,25480.0
2021-04-19,25240.0
2021-04-20,25202.0
2021-04-21,25308.0
2021-04-22,25690.0
2021-04-23,25770.0
2021-04-26,26444.0
2021-04-27,26952.0
2021-04-28,26326.0
2021-04-29,26334.0
2021-04-30,25732.0
2021-05-04,26202.0
2021-05-05,26646.0
2021-05-06,26824.0
2021-05-07,27000.0
2021-05-10,27046.0
2021-05-11,27338.0
2021-05-12,27266.0
2021-05-13,27388.0
2021-05-14,27390.0
2021-05-17,27352.0
2021-05-18,27352.0
2021-05-19,27110.0
2021-05-20,27156.0
2021-05-21,27064.0
2021-05-24,26982.0
2021-05-25,26730.0
2021-05-26,26986.0
2021-05-27,26994.0
2021-05-28,27134.0
2021-05-31,26404.0
2021-06-01,26750.0
2021-06-02,26944.0
2021-06-03,26630.0
2021-06-04,26400.0
2021-06-07,26246.0
2021-06-08,26072.0
2021-06-09,26502.0
2021-06-10,26192.0
2021-06-11,26178.0
2021-06-14,26314.0
2021-06-15,26054.0
2021-06-16,25664.0
2021-06-17,24970.0
2021-06-18,25000.0
2021-06-21,25372.0
2021-06-22,25078.0
2021-06-23,25336.0
2021-06-24,24358.0
2021-06-25,24734.0
2021-06-28,24948.0
2021-06-29,24702.0
2021-06-30,24812.0
2021-07-01,24612.0
2021-07-02,25014.0
2021-07-05,24924.0
2021-07-06,24462.0
2021-07-07,24658.0
2021-07-08,24514.0
2021-07-09,24780.0
2021-07-12,25112.0
2021-07-13,25662.0
2021-07-14,25734.0
2021-07-15,25624.0
2021-07-16,25248.0
2021-07-19,25046.0
2021-07-20,25138.0
2021-07-21,25050.0
2021-07-22,25080.0
2021-07-23,24990.0
2021-07-26,25180.0
2021-07-27,25432.0
2021-07-28,25690.0
2021-07-29,25178.0
2021-07-30,25318.0
2021-08-02,25290.0
2021-08-03,25582.0
2021-08-04,25446.0
2021-08-05,25496.0
2021-08-06,25102.0
2021-08-09,24870.0
2021-08-10,24650.0
2021-08-11,24528.0
2021-08-12,24700.0
2021-08-13,24460.0
2021-08-16,24426.0
2021-08-17,24572.0
2021-08-18,24146.0
2021-08-19,23736.0
2021-08-20,23550.0
2021-08-23,23858.0
2021-08-24,24066.0
2021-08-25,23932.0
2021-08-26,23712.0
2021-08-27,23986.0
2021-08-30,24266.0
2021-08-31,24032.0
2021-09-01,24228.0
2021-09-02,23880.0
2021-09-03,24442.0
2021-09-06,24658.0
2021-09-07,24376.0
2021-09-08,24260.0
2021-09-09,23980.0
2021-09-10,24508.0
2021-09-13,24492.0
2021-09-14,24044.0
2021-09-15,23978.0
2021-09-16,23484.0
2021-09-17,23256.0
2021-09-20,22510.0
2021-09-21,22662.0
2021-09-22,23150.0
2021-09-23,23096.0
2021-09-24,22856.0
2021-09-27,22712.0
2021-09-28,22324.0
2021-09-29,22218.0
2021-09-30,21830.0
2021-10-01,22122.0
2021-10-04,21636.0
2021-10-05,21818.0
2021-10-06,21524.0
2021-10-07,22272.0
2021-10-08,22766.0
2021-10-11,22644.0
2021-10-12,22528.0
2021-10-13,22718.0
2021-10-14,22928.0
2021-10-15,23108.0
2021-10-18,23120.0
2021-10-19,23672.0
2021-10-20,23530.0
2021-10-21,23210.0
2021-10-22,22864.0
2021-10-25,23024.0
2021-10-26,22688.0
2021-10-27,22250.0
2021-10-28,22362.0
2021-10-29,22170.0
2021-11-01,22396.0
2021-11-02,22134.0
2021-11-03,22038.0
2021-11-05,21664.0
2021-11-08,21872.0
2021-11-09,22188.0
2021-11-10,21694.0
2021-11-11,22050.0
2021-11-12,22100.0
2021-11-15,22358.0
2021-11-16,22626.0
2021-11-17,22532.0
2021-11-18,22292.0
2021-11-19,22144.0
2021-11-22,21850.0
2021-11-23,22400.0
2021-11-24,22182.0
2021-11-25,22128.0
2021-11-26,21560.0
2021-11-29,21686.0
2021-11-30,21538.0
2021-12-01,21952.0
2021-12-02,22110.0
2021-12-03,21826.0
2021-12-06,21886.0
2021-12-07,21920.0
2021-12-08,21888.0
2021-12-09,22006.0
2021-12-10,21888.0
2021-12-13,20850.0
2021-12-14,20958.0
2021-12-15,21296.0
2021-12-16,21310.0
2021-12-17,21738.0
2021-12-20,21644.0
2021-12-21,21662.0
2021-12-22,21834.0
2021-12-23,21872.0
2021-12-24,21824.0
2021-12-27,22528.0
2021-12-28,22642.0
2021-12-29,22628.0
2021-12-30,22900.0
2022-01-03,23378.0
2022-01-04,23314.0
2022-01-05,23010.0
2022-01-06,23280.0
2022-01-10,23508.0
2022-01-11,23734.0
2022-01-12,24040.0
2022-01-13,22836.0
2022-01-14,22648.0
2022-01-17,21820.0
2022-01-18,20694.0
2022-01-19,22024.0
2022-01-20,22300.0
2022-01-21,22100.0
2022-01-24,21250.0
2022-01-25,21466.0
2022-01-26,21788.0
2022-01-27,22066.0
2022-01-28,22082.0
2022-01-31,21916.0
2022-02-01,21948.0
2022-02-02,21670.0
2022-02-03,21392.0
2022-02-04,21400.0
2022-02-07,21580.0
2022-02-08,22372.0
2022-02-09,22674.0
2022-02-10,22454.0
2022-02-11,21688.0
2022-02-14,22082.0
2022-02-15,22324.0
2022-02-16,22304.0
2022-02-17,21774.0
2022-02-18,21450.0
2022-02-21,19252.0
2022-02-22,21150.0
2022-02-24,18200.0
2022-02-25,19052.0
2022-03-24,20990.0
2022-03-25,21070.0
2022-03-28,20850.0
2022-03-29,20028.0
2022-03-30,20462.0
2022-03-31,20974.0
2022-04-01,21500.0
2022-04-04,21750.0
2022-04-05,20986.0
2022-04-06,21150.0
2022-04-07,21050.0
2022-04-08,21112.0
2022-04-11,21006.0
2022-04-12,20990.0
2022-04-13,20794.0
2022-04-14,20004.0
2022-04-15,20240.0
2022-04-18,19886.0
2022-04-19,19676.0
2022-04-20,20590.0
2022-04-21,20454.0
2022-04-22,19700.0
2022-04-25,19900.0
2022-04-26,20994.0
2022-04-27,21272.0
2022-04-28,21000.0
2022-04-29,21550.0
2022-05-04,21352.0
2022-05-05,21544.0
2022-05-06,21766.0
2022-05-11,21330.0
2022-05-12,21238.0
2022-05-13,21200.0
2022-05-16,21364.0
2022-05-17,21348.0
2022-05-18,21416.0
2022-05-19,21300.0
2022-05-20,20700.0
2022-05-23,19800.0
2022-05-24,20010.0
2022-05-25,20080.0
2022-05-26,20198.0
2022-05-27,20162.0
2022-05-30,20132.0
2022-05-31,20190.0
2022-06-01,20416.0
2022-06-02,20154.0
2022-06-03,20314.0
2022-06-06,20294.0
2022-06-07,20200.0
2022-06-08,20134.0
2022-06-09,20310.0
2022-06-10,19490.0
2022-06-14,19102.0
2022-06-15,19040.0
2022-06-16,19370.0
2022-06-17,19194.0
2022-06-20,19180.0
2022-06-21,18820.0
2022-06-22,18940.0
2022-06-23,19100.0
2022-06-24,18934.0
2022-06-27,18586.0
2022-06-28,18252.0
2022-06-29,17652.0
2022-06-30,17400.0
2022-07-01,17100.0
2022-07-04,17024.0
2022-07-05,16700.0
2022-07-06,16452.0
2022-07-07,16550.0
2022-07-08,16720.0
2022-07-11,16270.0
2022-07-12,15922.0
2022-07-13,15200.0
2022-07-14,15302.0
2022-07-15,15600.0
2022-07-18,15282.0
2022-07-19,14914.0
2022-07-20,15050.0
2022-07-21,14800.0
2022-07-22,14730.0
2022-07-25,14794.0
2022-07-26,15850.0
2022-07-27,15640.0
2022-07-28,15500.0
2022-07-29,16150.0
2022-08-01,15590.0
2022-08-02,15140.0
2022-08-03,14754.0
2022-08-04,14710.0
2022-08-05,14394.0
2022-08-08,14458.0
2022-08-09,15150.0
2022-08-10,14970.0
2022-08-11,14908.0
2022-08-12,14826.0
2022-08-15,15142.0
2022-08-16,15444.0
2022-08-17,15370.0
2022-08-18,15160.0
2022-08-19,15330.0
2022-08-22,15430.0
2022-08-23,15592.0
2022-08-24,15458.0
2022-08-25,15384.0
2022-08-26,15392.0
2022-08-29,15594.0
2022-08-30,15650.0
2022-08-31,16140.0
2022-09-01,16600.0
2022-09-02,16746.0
2022-09-05,17000.0
2022-09-06,16604.0
2022-09-07,16222.0
2022-09-08,16244.0
2022-09-09,16740.0
2022-09-12,16756.0
2022-09-13,16432.0
2022-09-14,16214.0
2022-09-15,16212.0
2022-09-16,16228.0
2022-09-19,16016.0
2022-09-20,15260.0
2022-09-21,14776.0
2022-09-22,14794.0
2022-09-23,14148.0
2022-09-26,12850.0
2022-09-27,13278.0
2022-09-28,12930.0
2022-09-29,12338.0
2022-09-30,12458.0
2022-10-03,13186.0
2022-10-04,12956.0
2022-10-05,12516.0
2022-10-06,12400.0
2022-10-07,11932.0
2022-10-10,12500.0
2022-10-11,12794.0
2022-10-12,12698.0
2022-10-13,12616.0
2022-10-14,12640.0
2022-10-17,13246.0
2022-10-18,13222.0
2022-10-19,13018.0
2022-10-20,13084.0
2022-10-21,13160.0
2022-10-24,13152.0
2022-10-25,13470.0
2022-10-26,13136.0
2022-10-27,13266.0
2022-10-28,13548.0
2022-10-31,13758.0
2022-11-01,13624.0
2022-11-02,13404.0
2022-11-03,13406.0
2022-11-07,14070.0
2022-11-08,13968.0
2022-11-09,13720.0
2022-11-10,14044.0
2022-11-11,14764.0
2022-11-14,15456.0
2022-11-15,14984.0
2022-11-16,15224.0
2022-11-17,14946.0
2022-11-18,14986.0
2022-11-21,14654.0
2022-11-22,14802.0
2022-11-23,14752.0
2022-11-24,14766.0
2022-11-25,14632.0
2022-11-28,14570.0
2022-11-29,14464.0
2022-11-30,14384.0
2022-12-01,14650.0
2022-12-02,14484.0
2022-12-05,14824.0
2022-12-06,14718.0
2022-12-07,15038.0
2022-12-08,14886.0
2022-12-09,14940.0
2022-12-12,14760.0
2022-12-13,14924.0
2022-12-14,14718.0
2022-12-15,14280.0
2022-12-16,14498.0
2022-12-19,14652.0
2022-12-20,14816.0
2022-12-21,14870.0
2022-12-22,14958.0
2022-12-23,14904.0
2022-12-26,15050.0
2022-12-27,15282.0
2022-12-28,15140.0
2022-12-29,15242.0
2022-12-30,15300.0
2023-01-03,15520.0
2023-01-04,15574.0
2023-01-05,15340.0
2023-01-06,15438.0
2023-01-09,15370.0
2023-01-10,15324.0
2023-01-11,15410.0
2023-01-12,15440.0
2023-01-13,15334.0
2023-01-16,15488.0
2023-01-17,15294.0
2023-01-18,15316.0
2023-01-19,15200.0
2023-01-20,15154.0
2023-01-23,14980.0
2023-01-24,14776.0
2023-01-25,14882.0
2023-01-26,14800.0
2023-01-27,15032.0
2023-01-30,15150.0
2023-01-31,15144.0
2023-02-01,15258.0
2023-02-02,15164.0
2023-02-03,14990.0
2023-02-06,14942.0
2023-02-07,14960.0
2023-02-08,14852.0
2023-02-09,14918.0
2023-02-10,14840.0
2023-02-13,14892.0
2023-02-14,14760.0
2023-02-15,14500.0
2023-02-16,14398.0
2023-02-17,14478.0
2023-02-20,14540.0
2023-02-21,14710.0
2023-02-22,14474.0
2023-02-24,14390.0
2023-02-27,14578.0
2023-02-28,14498.0
2023-03-01,14734.0
2023-03-02,14510.0
2023-03-03,14562.0
2023-03-06,14560.0
2023-03-07,14676.0
2023-03-09,14586.0
2023-03-10,14576.0
2023-03-13,14554.0
2023-03-14,14556.0
2023-03-15,14464.0
2023-03-16,14442.0
2023-03-17,14560.0
2023-03-20,15044.0
2023-03-21,14864.0
2023-03-22,14970.0
2023-03-23,14932.0
2023-03-24,15080.0
2023-03-27,15184.0
2023-03-28,15186.0
2023-03-29,15084.0
2023-03-30,15024.0
2023-03-31,15010.0
2023-04-03,15084.0
2023-04-04,15214.0
2023-04-05,15200.0
2023-04-06,15380.0
2023-04-07,15430.0
2023-04-10,15500.0
2023-04-11,15360.0
2023-04-12,15404.0
2023-04-13,15404.0
2023-04-14,15786.0
2023-04-17,15900.0
2023-04-18,15908.0
2023-04-19,15918.0
2023-04-20,15802.0
2023-04-21,15798.0
2023-04-24,15700.0
2023-04-25,15538.0
2023-04-26,15330.0
2023-04-27,15370.0
2023-04-28,14572.0
2023-05-02,14542.0
2023-05-03,14440.0
2023-05-04,14470.0
2023-05-05,14352.0
2023-05-08,14218.0
2023-05-10,14604.0
2023-05-11,14476.0
2023-05-12,14544.0
2023-05-15,14768.0
2023-05-16,14762.0
2023-05-17,14778.0
2023-05-18,14736.0
2023-05-19,14730.0
2023-05-22,14602.0
2023-05-23,14648.0
2023-05-24,14696.0
2023-05-25,14562.0
2023-05-26,14670.0
2023-05-29,14654.0
2023-05-30,14574.0
2023-05-31,14580.0
2023-06-01,14576.0
2023-06-02,14782.0
2023-06-05,14764.0
2023-06-06,14644.0
2023-06-07,14628.0
2023-06-08,14738.0
2023-06-09,14840.0
2023-06-13,15094.0
2023-06-14,15052.0
2023-06-15,15286.0
2023-06-16,15362.0
2023-06-19,15510.0
2023-06-20,15332.0
2023-06-21,15306.0
2023-06-22,15178.0
2023-06-23,14988.0
2023-06-26,14862.0
2023-06-27,14842.0
2023-06-28,14934.0
2023-06-29,14882.0
2023-06-30,14726.0
2023-07-03,14702.0
2023-07-04,14744.0
2023-07-05,14868.0
2023-07-06,15162.0
2023-07-07,15080.0
2023-07-10,15264.0
2023-07-11,15302.0
2023-07-12,15454.0
2023-07-13,15540.0
2023-07-14,15504.0
2023-07-17,15774.0
2023-07-18,16336.0
2023-07-19,16546.0
2023-07-20,15904.0
2023-07-21,16082.0
2023-07-24,16126.0
2023-07-25,16260.0
2023-07-26,16170.0
2023-07-27,16190.0
2023-07-28,16236.0
2023-07-31,16712.0
2023-08-01,17000.0
2023-08-02,16560.0
2023-08-03,16650.0
2023-08-04,16338.0
2023-08-07,16154.0
2023-08-08,16106.0
2023-08-09,16192.0
2023-08-10,16464.0
2023-08-11,16460.0
2023-08-14,16280.0
2023-08-15,16170.0
2023-08-16,15908.0
2023-08-17,15924.0
2023-08-18,16198.0
2023-08-21,16262.0
2023-08-22,16270.0
2023-08-23,16010.0
2023-08-24,16082.0
2023-08-25,16144.0
2023-08-28,16780.0
2023-08-29,16628.0
2023-08-30,16680.0
2023-08-31,16832.0
2023-09-01,16786.0
2023-09-04,17112.0
2023-09-05,17060.0
2023-09-06,16900.0
2023-09-07,16466.0
2023-09-08,16320.0
2023-09-11,16250.0
2023-09-12,16470.0
2023-09-13,16392.0
2023-09-14,16300.0
2023-09-15,16436.0
2023-09-18,16308.0
2023-09-19,15998.0
2023-09-20,16190.0
2023-09-21,16018.0
2023-09-22,15992.0
2023-09-25,15872.0
2023-09-26,15946.0
2023-09-27,16074.0
2023-09-28,16304.0
2023-09-29,16188.0
2023-10-02,16172.0
2023-10-03,16168.0
2023-10-04,16030.0
2023-10-05,16172.0
2023-10-06,16268.0
2023-10-09,16256.0
2023-10-10,16294.0
2023-10-11,16126.0
2023-10-12,16278.0
2023-10-13,16284.0
2023-10-16,16432.0
2023-10-17,16520.0
2023-10-18,16472.0
2023-10-19,16788.0
2023-10-20,17122.0
2023-10-23,17108.0
2023-10-24,17196.0
2023-10-25,17460.0
2023-10-26,17250.0
2023-10-27,17506.0
2023-10-30,17572.0
2023-10-31,17574.0
2023-11-01,17804.0
2023-11-02,18078.0
2023-11-03,17898.0
2023-11-06,17764.0
2023-11-07,17690.0
2023-11-08,17460.0
2023-11-09,17412.0
2023-11-10,17344.0
2023-11-13,17410.0
2023-11-14,17178.0
2023-11-15,17136.0
2023-11-16,17008.0
2023-11-17,17168.0
2023-11-20,17098.0
2023-11-21,17250.0
2023-11-22,17218.0
2023-11-23,17304.0
2023-11-24,17096.0
2023-11-27,17052.0
2023-11-28,17056.0
2023-11-29,16922.0
2023-11-30,16736.0
2023-12-01,16646.0
2023-12-04,16668.0
2023-12-05,16804.0
2023-12-06,16412.0
2023-12-07,16912.0
2023-12-08,16776.0
2023-12-11,16660.0
2023-12-12,16478.0
2023-12-13,16600.0
2023-12-14,16646.0
2023-12-15,16988.0
2023-12-18,17150.0
2023-12-19,17202.0
2023-12-20,17114.0
2023-12-21,17082.0
2023-12-22,17122.0
2023-12-25,17130.0
2023-12-26,16360.0
2023-12-27,16310.0
2023-12-28,16156.0
2023-12-29,16172.0
2024-01-03,16356.0
2024-01-04,16296.0
2024-01-05,16280.0
2024-01-08,16426.0
2024-01-09,16384.0
2024-01-10,16376.0
2024-01-11,16276.0
2024-01-12,16234.0
2024-01-15,16226.0
2024-01-16,16192.0
2024-01-17,16202.0
2024-01-18,16156.0
2024-01-19,16052.0
2024-01-22,16076.0
2024-01-23,16078.0
2024-01-24,16002.0
2024-01-25,15986.0
2024-01-26,16056.0
2024-01-29,16026.0
2024-01-30,16036.0
2024-01-31,15946.0
2024-02-01,15992.0
2024-02-02,15950.0
2024-02-05,15950.0
2024-02-06,15944.0
2024-02-07,15960.0
2024-02-08,15742.0
2024-02-09,15728.0
2024-02-12,15546.0
2024-02-13,15380.0
2024-02-14,15186.0
2024-02-15,15172.0
2024-02-16,15036.0
2024-02-19,14924.0
2024-02-20,14480.0
2024-02-21,14438.0
2024-02-22,14372.0
2024-02-26,14744.0
2024-02-27,14514.0
2024-02-28,14602.0
2024-02-29,14568.0
2024-03-01,14602.0
2024-03-04,15008.0
2024-03-05,14946.0
2024-03-06,15084.0
2024-03-07,15098.0
2024-03-11,15028.0
2024-03-12,15028.0
2024-03-13,14998.0
2024-03-14,15018.0
2024-03-15,15070.0
2024-03-18,14964.0
2024-03-19,14776.0
2024-03-20,14804.0
2024-03-21,14930.0
2024-03-22,14798.0
2024-03-25,15138.0
2024-03-26,15136.0
2024-03-27,15300.0
2024-03-28,15208.0
2024-03-29,15110.0
2024-04-01,15054.0
2024-04-08,152.96
2024-04-09,164.0
2024-04-10,163.3
2024-04-11,161.48
2024-04-12,164.8
2024-04-15,162.34
2024-04-16,158.92
2024-04-17,159.42
2024-04-18,158.62
2024-04-19,158.66
2024-04-22,159.3
2024-04-23,156.58
2024-04-24,155.82
2024-04-25,157.52
2024-04-26,156.54
2024-04-27,156.04
2024-04-29,155.16
2024-04-30,153.9
2024-05-02,154.48
2024-05-03,154.4
2024-05-06,155.8
2024-05-07,154.44
2024-05-08,153.82
2024-05-10,152.78
2024-05-13,152.04
2024-05-14,152.48
2024-05-15,152.68
2024-05-16,152.6
2024-05-17,156.3
2024-05-20,151.88
2024-05-21,148.92
2024-05-22,150.0
2024-05-23,154.06
2024-05-24,153.04
2024-05-27,149.8
2024-05-28,149.62
2024-05-29,152.0
2024-05-30,146.5
2024-05-31,139.98
2024-06-03,138.52
2024-06-04,140.8
2024-06-05,139.24
2024-06-06,141.8
2024-06-07,143.28
2024-06-10,139.14
2024-06-11,138.86
2024-06-13,139.18
2024-06-14,140.3
2024-06-17,138.54
2024-06-18,136.26
2024-06-19,134.0
2024-06-20,136.32
2024-06-21,134.0
2024-06-24,130.24
2024-06-25,131.18
2024-06-26,130.8
2024-06-27,129.32
2024-06-28,129.92
2024-07-01,132.5
2024-07-02,134.38
2024-07-03,132.66
2024-07-04,130.38
2024-07-05,134.34
2024-07-08,132.52
2024-07-09,129.14
2024-07-10,124.3
2024-07-11,126.1
2024-07-12,125.26
2024-07-15,122.76
2024-07-16,126.1
2024-07-17,125.26
2024-07-18,128.3
2024-07-19,128.5
2024-07-22,129.88
2024-07-23,128.08
2024-07-24,130.86
2024-07-25,129.56
2024-07-26,126.46
2024-07-29,125.2
2024-07-30,127.92
2024-07-31,130.16
2024-08-01,128.64
2024-08-02,128.0
2024-08-05,123.92
2024-08-06,124.88
2024-08-07,124.6
2024-08-08,122.88
2024-08-09,123.46
2024-08-12,125.7
2024-08-13,127.82
2024-08-14,125.76
2024-08-15,125.0
2024-08-16,125.88
2024-08-19,126.0
2024-08-20,124.18
2024-08-21,121.44
2024-08-22,118.9
2024-08-23,113.04
2024-08-26,118.44
2024-08-27,112.9
2024-08-28,112.1
2024-08-29,111.34
2024-08-30,108.58
2024-09-02,103.12
2024-09-03,104.02
2024-09-04,106.72
2024-09-05,104.88
2024-09-06,107.04
2024-09-09,108.1
2024-09-10,105.96
2024-09-11,103.6
2024-09-12,101.5
2024-09-13,102.62
2024-09-16,106.44
2024-09-17,106.82
2024-09-18,106.22
2024-09-19,111.2
2024-09-20,109.42
2024-09-23,110.34
2024-09-24,115.22
2024-09-25,114.02
2024-09-26,115.48
2024-09-27,115.4
2024-09-30,113.04
2024-10-01,110.6
2024-10-02,107.84
2024-10-03,106.46
2024-10-04,106.96
2024-10-07,106.22
2024-10-08,106.4
2024-10-09,103.82
2024-10-10,103.48
2024-10-11,101.56
2024-10-14,105.5
2024-10-15,108.5
2024-10-16,106.82
2024-10-17,104.2
2024-10-18,104.26
2024-10-21,106.14
2024-10-22,105.82
2024-10-23,104.16
2024-10-24,105.12
2024-10-25,101.34
2024-10-28,96.1
2024-10-29,99.74
2024-10-30,97.54
2024-10-31,99.0
2024-11-01,99.16
2024-11-02,100.8
2024-11-05,104.2
2024-11-06,105.9
2024-11-07,109.42
2024-11-08,111.58
2024-11-11,112.64
2024-11-12,113.5
2024-11-13,112.98
2024-11-14,111.68
2024-11-15,115.16
2024-11-18,114.46
2024-11-19,111.0
2024-11-20,108.28
2024-11-21,109.32
2024-11-22,108.52
2024-11-25,103.94
2024-11-26,104.08
2024-11-27,110.96
2024-11-28,110.08
2024-11-29,112.96
2024-12-02,114.1
2024-12-03,110.4
2024-12-04,104.2
2024-12-05,108.16
2024-12-06,107.8
2024-12-09,106.86
2024-12-10,103.6
2024-12-11,104.1
2024-12-12,100.3
2024-12-13,99.9
2024-12-16,95.9
2024-12-17,94.98
2024-12-18,95.66
2024-12-19,95.7
2024-12-20,105.08
2024-12-23,105.0
2024-12-24,104.96
2024-12-25,108.0
2024-12-26,109.66
2024-12-27,111.04
2024-12-28,113.8
2024-12-30,115.5
2025-01-03,112.68
2025-01-06,113.42
2025-01-08,114.0
2025-01-09,111.8
2025-01-10,116.26
2025-01-13,118.38
2025-01-14,119.98
2025-01-15,119.46
2025-01-16,119.12
2025-01-17,124.88
2025-01-20,123.4
2025-01-21,124.56
2025-01-22,123.74
2025-01-23,124.96
2025-01-24,124.14
2025-01-27,119.46
2025-01-28,121.2
2025-01-29,121.78
2025-01-30,122.76
2025-01-31,121.18
2025-02-03,118.3
2025-02-04,117.16
2025-02-05,120.4
2025-02-06,121.5
2025-02-07,122.28
2025-02-10,120.82
2025-02-11,121.12
2025-02-12,127.26
2025-02-13,128.1
2025-02-14,131.5
2025-02-17,138.2
2025-02-18,134.6
2025-02-19,138.52
2025-02-20,137.74
2025-02-21,137.18
2025-02-24,146.94
2025-02-25,143.04
2025-02-26,138.02
2025-02-27,134.34
2025-02-28,140.32
2025-03-03,135.92
2025-03-04,140.92
2025-03-05,136.98
2025-03-06,136.46
2025-03-07,135.7
2025-03-10,137.14
2025-03-11,135.72
2025-03-12,134.0
2025-03-13,131.9
2025-03-14,130.54
2025-03-17,134.06
2025-03-18,132.08
2025-03-19,132.04
2025-03-20,131.16
2025-03-21,129.8
2025-03-24,125.88
2025-03-25,129.58
2025-03-26,125.8
2025-03-27,122.98
2025-03-28,121.56
2025-03-31,123.3
2025-04-01,120.8
2025-04-02,120.1
2025-04-03,116.42
2025-04-04,110.9
2025-04-07,111.32
2025-04-08,106.8
2025-04-09,116.08
2025-04-10,114.04
2025-04-11,117.1
2025-04-14,114.5
2025-04-15,112.2
2025-04-16,113.04
2025-04-17,115.56
2025-04-18,111.62
2025-04-21,113.92
2025-04-22,116.7
2025-04-23,114.44
2025-04-24,113.84
2025-04-25,117.7
2025-04-28,117.3
2025-04-29,113.62
2025-04-30,114.38
2025-05-02,109.0
2025-05-05,107.26
2025-05-06,107.7
2025-05-07,108.86
2025-05-08,111.6
2025-05-12,114.48
2025-05-13,112.98
2025-05-14,110.6
2025-05-15,110.52
2025-05-16,110.6
2025-05-19,109.92
2025-05-20,107.82
2025-05-21,105.56
2025-05-22,105.02
2025-05-23,103.68
2025-05-26,100.04
2025-05-27,101.34
2025-05-28,107.2
2025-05-29,104.84
2025-05-30,106.42
2025-06-02,105.68
2025-06-03,110.4
2025-06-04,111.38
2025-06-05,109.82
2025-06-06,108.2
2025-06-09,110.7
2025-06-10,106.24
2025-06-11,106.8
2025-06-13,105.5
2025-06-16,104.42
2025-06-17,107.52
2025-06-18,107.28
2025-06-19,106.72
2025-06-20,104.5
2025-06-23,103.9
2025-06-24,104.98
2025-06-25,107.18
2025-06-26,110.4
2025-06-27,111.58
2025-06-30,111.22
2025-07-01,110.48
2025-07-02,112.02
2025-07-03,109.4
2025-07-04,109.48
2025-07-07,106.4
2025-07-08,103.72
2025-07-09,104.16
2025-07-10,104.42
2025-07-11,101.5
2025-07-14,109.26
2025-07-15,110.1
2025-07-16,110.04
2025-07-17,108.68
2025-07-18,115.36
2025-07-21,116.54
2025-07-22,119.5
2025-07-23,118.24
2025-07-24,118.26
2025-07-25,114.68
2025-07-28,117.0
2025-07-29,122.9
2025-07-30,119.46
2025-07-31,120.86
2025-08-01,120.12
2025-08-04,120.68
2025-08-05,122.16
2025-08-06,123.7
2025-08-07,125.5
2025-08-08,128.3
2025-08-11,128.1
2025-08-12,128.2
2025-08-13,128.2
2025-08-14,131.46
2025-08-15,130.58
2025-08-18,129.88
2025-08-19,128.34
2025-08-20,125.72
2025-08-21,121.8
2025-08-22,122.94
2025-08-25,123.42
2025-08-26,122.96
2025-08-27,127.1
2025-08-28,124.32
2025-08-29,125.44
2025-09-01,123.2
2025-09-02,123.36
2025-09-03,124.88
2025-09-04,124.7
2025-09-05,126.0
2025-09-08,129.18
2025-09-09,130.2
2025-09-10,129.66
2025-09-11,129.44
2025-09-12,124.04
2025-09-15,123.56
2025-09-16,124.12
2025-09-17,126.3
2025-09-18,122.88
2025-09-19,119.28
2025-09-22,121.8
2025-09-23,119.34
2025-09-24,123.7
2025-09-25,120.56
2025-09-26,122.78
2025-09-29,125.96
2025-09-30,123.88
2025-10-01,121.1
2025-10-02,121.4
2025-10-03,120.08
2025-10-06,124.02
2025-10-07,125.96
2025-10-08,121.86
2025-10-09,128.68
2025-10-10,125.64
2025-10-13,129.04
2025-10-14,126.56
2025-10-15,125.22
2025-10-16,134.34
2025-10-17,131.52
2025-10-20,133.54
2025-10-21,128.0
2025-10-22,127.3
2025-10-23,127.36
2025-10-24,126.18
2025-10-27,118.5
2025-10-28,122.6
2025-10-29,125.3
2025-10-30,126.7
2025-10-31,123.94
2025-11-01,125.12
2025-11-03,127.0
2025-11-05,125.02
2025-11-06,124.74
2025-11-07,126.52
2025-11-10,126.56
2025-11-11,126.82
2025-11-12,124.7
2025-11-13,125.38
2025-11-14,123.9
2025-11-17,123.02
2025-11-18,127.0
2025-11-19,129.8
2025-11-20,133.38
2025-11-21,132.62
2025-11-24,129.8
2025-11-25,132.34
2025-11-26,131.36
2025-11-27,127.86
2025-11-28,130.96
2025-12-01,131.1
2025-12-02,130.96
2025-12-03,129.96
2025-12-04,128.94
2025-12-05,134.02
2025-12-08,133.02
2025-12-09,137.8
2025-12-10,136.9
2025-12-11,136.36
2025-12-12,136.78
2025-12-15,139.0
2025-12-16,140.48
2025-12-17,140.44
2025-12-18,142.68
2025-12-19,142.2
2025-12-22,143.42
2025-12-23,148.08
2025-12-24,145.72
2025-12-25,147.16
2025-12-26,152.0
2025-12-29,148.7
2025-12-30,149.46
2026-01-05,150.62
2026-01-06,152.64
2026-01-08,149.46
2026-01-09,149.9
2026-01-12,156.52
2026-01-13,156.5
2026-01-14,157.06
2026-01-15,156.4
2026-01-16,156.36
2026-01-19,158.72
2026-01-20,158.84
2026-01-21,162.0
2026-01-22,161.88
2026-01-23,165.36
2026-01-26,166.48
2026-01-27,165.94
2026-01-28,168.3
2026-01-29,170.52
2026-01-30,160.0
2026-02-02,160.44
2026-02-03,162.08
2026-02-04,158.1
2026-02-05,153.04
2026-02-06,156.92
2026-02-09,157.6
2026-02-10,155.96
2026-02-11,161.74
2026-02-12,158.22
2026-02-13,154.7
2026-02-16,155.82
2026-02-17,154.0
2026-02-18,155.08
2026-02-19,153.28
2026-02-20,154.66
2026-02-24,156.42
2026-02-25,160.9
2026-02-26,161.86
2026-02-27,165.2
2026-03-02,161.3
2026-03-03,157.78
2026-03-04,161.4
2026-03-05,160.46
2026-03-06,159.3
2026-03-09,157.8
2026-03-10,157.06
2026-03-11,156.4
2026-03-12,155.46
2026-03-13,155.24
2026-03-16,154.16
2026-03-17,153.98
2026-03-18,152.14
2026-03-19,152.52
2026-03-20,152.54
2026-03-23,147.84
2026-03-24,145.98
2026-03-25,146.72
2026-03-26,143.68
2026-03-27,140.2
2026-03-30,141.16
2026-03-31,139.9
2026-04-01,140.02
2026-04-02,137.02
2026-04-03,133.9
2026-04-06,137.3
2026-04-07,135.0
2026-04-08,136.54
2026-04-09,135.48
2026-04-10,134.24
2026-04-13,131.36
2026-04-14,132.02
2026-04-15,134.2
2026-04-16,136.16
2026-04-17,137.68
2026-04-20,139.22
2026-04-21,141.22
2026-04-22,140.82
2026-04-23,139.6
2026-04-24,137.76
2026-04-27,137.1
2026-04-28,135.22
2026-04-29,128.62
2026-04-30,129.54
2026-05-04,124.7
2026-05-05,126.86
2026-05-06,128.06
2026-05-07,128.98
2026-05-08,130.28
2026-05-11,133.36
2026-05-12,133.98
2026-05-13,133.68
2026-05-14,130.6
2026-05-15,127.94
2026-05-18,129.18
2026-05-19,128.96
2026-05-20,127.06
2026-05-21,128.8
2026-05-22,127.96
2026-05-25,127.86
2026-05-26,127.88
2026-05-27,127.34
2026-05-28,125.62
2026-05-29,125.88
2026-06-01,126.46
2026-06-02,133.98
2026-06-03,131.0
2026-06-04,133.4
2026-06-05,133.1
2026-06-08,130.0
2026-06-09,131.38
2026-06-10,128.24
2026-06-11,129.52
2026-06-15,136.8
2026-06-16,135.64
2026-06-17,137.26
2026-06-18,137.92
2026-06-19,131.7
2026-06-22,130.28
2026-06-23,127.8
2026-06-24,122.48
2026-06-25,120.94
2026-06-26,126.8
2026-06-29,130.98
2026-06-30,127.94
2026-07-01,127.32
2026-07-02,122.12
2026-07-03,122.78
2026-07-06,120.58
2026-07-07,119.2
2026-07-08,112.54
2026-07-09,109.42
2026-07-10,109.22
2026-07-13,107.96
2026-07-14,108.9
2026-07-15,103.14
2026-07-16,98.84
2026-07-17,96.54
2026-07-20,107.32
2026-07-21,110.22
2026-07-22,111.92
2026-07-23,108.42
2026-07-24,111.8
2026-07-27,113.74
2026-07-28,113.38
2026-07-29,114.46
2026-07-30,114.44
2026-07-31,119.98
2026-08-03,121.78
2026-08-04,125.5
2026-08-05,127.7
2026-08-06,125.2
2026-08-07,122.66
2026-08-10,125.68
2026-08-11,124.92
2026-08-12,122.14
2026-08-13,120.26
2026-08-14,114.74
2026-08-17,112.98
2026-08-18,117.08
2026-08-19,122.12
2026-08-20,119.84
2026-08-21,124.62
2026-08-24,121.5
2026-08-25,122.6
2026-08-26,116.88
2026-08-27,119.78
2026-08-28,119.46
2026-08-31,127.8
2026-09-01,125.6
2026-09-02,129.2
2026-09-03,131.32
2026-09-04,130.3
2026-09-07,131.92
2026-09-08,134.28
2026-09-09,134.54
2026-09-10,132.3
2026-09-11,131.0
2026-09-14,130.16
2026-09-15,129.96
2026-09-16,128.8
2026-09-17,129.42
