date,LKOH
2016-09-19,3018.0
2016-09-20,3055.0
2016-09-21,3048.5
2016-09-22,3125.0
2016-09-23,3085.5
2016-09-26,3060.0
2016-09-27,3028.0
2016-09-28,3010.5
2016-09-29,3082.0
2016-09-30,3068.0
2016-10-03,3075.0
2016-10-04,3077.0
2016-10-05,3076.0
2016-10-06,3070.0
2016-10-07,3050.0
2016-10-10,3077.5
2016-10-11,3104.0
2016-10-12,3117.5
2016-10-13,3084.5
2016-10-14,3064.0
2016-10-17,3030.0
2016-10-18,3050.0
2016-10-19,3048.0
2016-10-20,3037.5
2016-10-21,3071.0
2016-10-24,3094.5
2016-10-25,3098.0
2016-10-26,3081.5
2016-10-27,3099.0
2016-10-28,3104.0
2016-10-31,3100.0
2016-11-01,3106.0
2016-11-02,2983.0
2016-11-03,2984.0
2016-11-07,2991.0
2016-11-08,3030.0
2016-11-09,3058.5
2016-11-10,3145.0
2016-11-11,3092.0
2016-11-14,3064.0
2016-11-15,3043.0
2016-11-16,3063.0
2016-11-17,3105.0
2016-11-18,3084.5
2016-11-21,3127.0
2016-11-22,3112.0
2016-11-23,3175.0
2016-11-24,3176.5
2016-11-25,3154.5
2016-11-28,3145.5
2016-11-29,3147.0
2016-11-30,3188.0
2016-12-01,3210.0
2016-12-02,3286.0
2016-12-05,3300.0
2016-12-06,3267.5
2016-12-07,3287.0
2016-12-08,3359.5
2016-12-09,3371.0
2016-12-12,3375.0
2016-12-13,3328.5
2016-12-14,3352.0
2016-12-15,3383.5
2016-12-16,3352.0
2016-12-19,3350.5
2016-12-20,3415.0
2016-12-21,3439.0
2016-12-22,3368.0
2016-12-23,3396.0
2016-12-26,3418.0
2016-12-27,3428.5
2016-12-28,3344.0
2016-12-29,3424.5
2016-12-30,3449.0
2017-01-03,3575.0
2017-01-04,3479.5
2017-01-05,3379.0
2017-01-06,3365.0
2017-01-09,3384.5
2017-01-10,3399.0
2017-01-11,3394.5
2017-01-12,3300.0
2017-01-13,3290.0
2017-01-16,3240.0
2017-01-17,3233.0
2017-01-18,3224.0
2017-01-19,3195.0
2017-01-20,3180.0
2017-01-23,3176.5
2017-01-24,3190.0
2017-01-25,3215.0
2017-01-26,3376.5
2017-01-27,3486.0
2017-01-30,3408.0
2017-01-31,3370.0
2017-02-01,3375.0
2017-02-02,3364.5
2017-02-03,3370.5
2017-02-06,3338.0
2017-02-07,3379.0
2017-02-08,3299.0
2017-02-09,3266.5
2017-02-10,3245.5
2017-02-13,3279.0
2017-02-14,3250.0
2017-02-15,3211.0
2017-02-16,3232.0
2017-02-17,3198.5
2017-02-20,3180.0
2017-02-21,3199.5
2017-02-22,3175.5
2017-02-24,3184.0
2017-02-27,3135.0
2017-02-28,3086.0
2017-03-01,3120.0
2017-03-02,3086.0
2017-03-03,3085.0
2017-03-06,3078.5
2017-03-07,3070.0
2017-03-09,2970.0
2017-03-10,3028.0
2017-03-13,3051.0
2017-03-14,3080.0
2017-03-15,3088.0
2017-03-16,3095.0
2017-03-17,3130.0
2017-03-20,3092.5
2017-03-21,3101.0
2017-03-22,3120.5
2017-03-23,3066.0
2017-03-24,3017.5
2017-03-27,3003.0
2017-03-28,3055.0
2017-03-29,3061.0
2017-03-30,2982.0
2017-03-31,2981.0
2017-04-03,3026.5
2017-04-04,3050.0
2017-04-05,3057.0
2017-04-06,3057.5
2017-04-07,2991.0
2017-04-10,2956.0
2017-04-11,2968.0
2017-04-12,2949.5
2017-04-13,2910.0
2017-04-14,2864.5
2017-04-17,2880.0
2017-04-18,2828.5
2017-04-19,2859.0
2017-04-20,2858.0
2017-04-21,2850.0
2017-04-24,2919.0
2017-04-25,2957.0
2017-04-26,2970.0
2017-04-27,2885.0
2017-04-28,2818.0
2017-05-02,2864.0
2017-05-03,2770.0
2017-05-04,2780.0
2017-05-05,2811.5
2017-05-10,2917.0
2017-05-11,2840.0
2017-05-12,2856.0
2017-05-15,2876.0
2017-05-16,2890.5
2017-05-17,2870.0
2017-05-18,2877.0
2017-05-19,2850.0
2017-05-22,2811.0
2017-05-23,2825.0
2017-05-24,2804.0
2017-05-25,2798.0
2017-05-26,2796.5
2017-05-29,2794.5
2017-05-30,2825.0
2017-05-31,2753.0
2017-06-01,2700.0
2017-06-02,2734.0
2017-06-05,2734.5
2017-06-06,2721.5
2017-06-07,2705.0
2017-06-08,2735.0
2017-06-09,2774.0
2017-06-13,2760.5
2017-06-14,2730.0
2017-06-15,2712.0
2017-06-16,2685.0
2017-06-19,2779.5
2017-06-20,2769.0
2017-06-21,2728.5
2017-06-22,2760.5
2017-06-23,2775.0
2017-06-26,2767.0
2017-06-27,2800.0
2017-06-28,2874.5
2017-06-29,2873.0
2017-06-30,2872.5
2017-07-03,2920.0
2017-07-04,2933.0
2017-07-05,2951.5
2017-07-06,2985.0
2017-07-07,2856.0
2017-07-10,2859.0
2017-07-11,2875.0
2017-07-12,2914.5
2017-07-13,2908.5
2017-07-14,2923.0
2017-07-17,2880.0
2017-07-18,2840.0
2017-07-19,2896.0
2017-07-20,2896.0
2017-07-21,2842.0
2017-07-24,2826.5
2017-07-25,2835.0
2017-07-26,2833.0
2017-07-27,2851.5
2017-07-28,2794.0
2017-07-31,2797.5
2017-08-01,2864.5
2017-08-02,2938.0
2017-08-03,2930.0
2017-08-04,2903.0
2017-08-07,2917.5
2017-08-08,2974.0
2017-08-09,2939.0
2017-08-10,2901.5
2017-08-11,2860.0
2017-08-14,2883.5
2017-08-15,2874.0
2017-08-16,2846.5
2017-08-17,2841.0
2017-08-18,2829.0
2017-08-21,2854.5
2017-08-22,2897.0
2017-08-23,2893.5
2017-08-24,2894.0
2017-08-25,2915.0
2017-08-28,2920.0
2017-08-29,2894.0
2017-08-30,2905.0
2017-08-31,2940.5
2017-09-01,2915.0
2017-09-04,2895.0
2017-09-05,2883.5
2017-09-06,2919.0
2017-09-07,2876.0
2017-09-08,2925.0
2017-09-11,2909.0
2017-09-12,2961.5
2017-09-13,2938.0
2017-09-14,2970.0
2017-09-15,2978.5
2017-09-18,3032.5
2017-09-19,3025.0
2017-09-20,2985.0
2017-09-21,2991.5
2017-09-22,2970.0
2017-09-25,3039.5
2017-09-26,3022.0
2017-09-27,3064.5
2017-09-28,3065.0
2017-09-29,3064.0
2017-10-02,3044.5
2017-10-03,3054.0
2017-10-04,3038.5
2017-10-05,3054.0
2017-10-06,3060.0
2017-10-09,3052.5
2017-10-10,3037.5
2017-10-11,3040.0
2017-10-12,3035.0
2017-10-13,3018.0
2017-10-16,3020.0
2017-10-17,3003.0
2017-10-18,3011.0
2017-10-19,2985.0
2017-10-20,2994.0
2017-10-23,2997.0
2017-10-24,3018.0
2017-10-25,3005.0
2017-10-26,2996.0
2017-10-27,3064.5
2017-10-30,3058.0
2017-10-31,3096.0
2017-11-01,3144.5
2017-11-02,3150.0
2017-11-03,3168.5
2017-11-07,3325.0
2017-11-08,3336.0
2017-11-09,3368.0
2017-11-10,3344.5
2017-11-13,3326.0
2017-11-14,3325.0
2017-11-15,3296.0
2017-11-16,3304.0
2017-11-17,3304.5
2017-11-20,3281.0
2017-11-21,3319.5
2017-11-22,3369.0
2017-11-23,3380.0
2017-11-24,3395.0
2017-11-27,3365.0
2017-11-28,3343.0
2017-11-29,3308.5
2017-11-30,3292.5
2017-12-01,3344.0
2017-12-04,3390.5
2017-12-05,3403.0
2017-12-06,3403.0
2017-12-07,3374.5
2017-12-08,3388.5
2017-12-11,3432.5
2017-12-12,3473.5
2017-12-13,3458.0
2017-12-14,3453.5
2017-12-15,3420.0
2017-12-18,3395.5
2017-12-19,3402.0
2017-12-20,3373.0
2017-12-21,3332.5
2017-12-22,3347.0
2017-12-25,3320.0
2017-12-26,3288.0
2017-12-27,3283.5
2017-12-28,3317.0
2017-12-29,3334.5
2018-01-03,3421.5
2018-01-04,3501.0
2018-01-05,3569.5
2018-01-09,3628.5
2018-01-10,3641.0
2018-01-11,3687.5
2018-01-12,3908.0
2018-01-15,3876.5
2018-01-16,3862.0
2018-01-17,3851.5
2018-01-18,3855.0
2018-01-19,3825.5
2018-01-22,3870.0
2018-01-23,3841.5
2018-01-24,3850.0
2018-01-25,3825.0
2018-01-26,3821.0
2018-01-29,3778.0
2018-01-30,3713.0
2018-01-31,3728.0
2018-02-01,3760.5
2018-02-02,3797.0
2018-02-05,3752.0
2018-02-06,3655.5
2018-02-07,3735.0
2018-02-08,3686.0
2018-02-09,3617.5
2018-02-12,3656.5
2018-02-13,3729.5
2018-02-14,3709.0
2018-02-15,3730.0
2018-02-16,3751.0
2018-02-19,3715.0
2018-02-20,3744.0
2018-02-21,3808.5
2018-02-22,3836.0
2018-02-26,3839.5
2018-02-27,3838.5
2018-02-28,3776.5
2018-03-01,3754.0
2018-03-02,3749.5
2018-03-05,3730.0
2018-03-06,3744.0
2018-03-07,3721.0
2018-03-09,3789.0
2018-03-12,3770.0
2018-03-13,3773.0
2018-03-14,3742.0
2018-03-15,3800.0
2018-03-16,3874.5
2018-03-19,3815.0
2018-03-20,3860.0
2018-03-21,3874.0
2018-03-22,3857.0
2018-03-23,3874.5
2018-03-26,3800.0
2018-03-27,3878.0
2018-03-28,3927.0
2018-03-29,3991.5
2018-03-30,3961.0
2018-04-02,3955.5
2018-04-03,3951.0
2018-04-04,3939.0
2018-04-05,3990.0
2018-04-06,3939.0
2018-04-09,3620.0
2018-04-10,3900.0
2018-04-11,4070.0
2018-04-12,3979.0
2018-04-13,3902.0
2018-04-16,3892.0
2018-04-17,3940.0
2018-04-18,4030.0
2018-04-19,4015.0
2018-04-20,3985.0
2018-04-23,3974.0
2018-04-24,3999.5
2018-04-25,4029.0
2018-04-26,4140.0
2018-04-27,4212.0
2018-04-28,4178.5
2018-04-30,4156.5
2018-05-02,4141.0
2018-05-03,4068.0
2018-05-04,4108.0
2018-05-07,4121.0
2018-05-08,4180.0
2018-05-10,4235.0
2018-05-11,4383.0
2018-05-14,4407.5
2018-05-15,4392.0
2018-05-16,4410.0
2018-05-17,4354.0
2018-05-18,4450.0
2018-05-21,4398.5
2018-05-22,4360.0
2018-05-23,4263.0
2018-05-24,4230.0
2018-05-25,4248.0
2018-05-28,4290.0
2018-05-29,4224.0
2018-05-30,4246.5
2018-05-31,4209.0
2018-06-01,4205.5
2018-06-04,4299.0
2018-06-05,4278.0
2018-06-06,4264.5
2018-06-07,4250.0
2018-06-08,4159.5
2018-06-09,4191.0
2018-06-11,4159.5
2018-06-13,4140.0
2018-06-14,4090.0
2018-06-15,4055.0
2018-06-18,4045.5
2018-06-19,4091.0
2018-06-20,4132.0
2018-06-21,4135.0
2018-06-22,4125.0
2018-06-25,4140.0
2018-06-26,4154.0
2018-06-27,4222.0
2018-06-28,4230.5
2018-06-29,4350.0
2018-07-02,4376.0
2018-07-03,4325.0
2018-07-04,4334.5
2018-07-05,4462.0
2018-07-06,4415.5
2018-07-09,4452.0
2018-07-10,4355.0
2018-07-11,4280.0
2018-07-12,4236.0
2018-07-13,4319.0
2018-07-16,4300.5
2018-07-17,4262.5
2018-07-18,4299.0
2018-07-19,4334.0
2018-07-20,4300.0
2018-07-23,4340.0
2018-07-24,4322.0
2018-07-25,4385.0
2018-07-26,4420.0
2018-07-27,4425.0
2018-07-30,4410.0
2018-07-31,4451.5
2018-08-01,4494.0
2018-08-02,4501.5
2018-08-03,4499.5
2018-08-06,4479.0
2018-08-07,4520.0
2018-08-08,4499.0
2018-08-09,4598.0
2018-08-10,4577.0
2018-08-13,4541.0
2018-08-14,4460.0
2018-08-15,4428.5
2018-08-16,4396.0
2018-08-17,4375.0
2018-08-20,4386.0
2018-08-21,4465.0
2018-08-22,4512.5
2018-08-23,4450.0
2018-08-24,4500.5
2018-08-27,4577.0
2018-08-28,4587.5
2018-08-29,4638.5
2018-08-30,4702.0
2018-08-31,4700.5
2018-09-03,4728.0
2018-09-04,4717.0
2018-09-05,4637.0
2018-09-06,4610.5
2018-09-07,4623.0
2018-09-10,4688.5
2018-09-11,4706.5
2018-09-12,4622.5
2018-09-13,4659.0
2018-09-14,4604.0
2018-09-17,4631.0
2018-09-18,4685.0
2018-09-19,4719.0
2018-09-20,4701.0
2018-09-21,4737.5
2018-09-24,4780.0
2018-09-25,4900.0
2018-09-26,4828.5
2018-09-27,4952.0
2018-09-28,5022.0
2018-10-01,5016.0
2018-10-02,4898.5
2018-10-03,5035.0
2018-10-04,4990.0
2018-10-05,4987.0
2018-10-08,4966.0
2018-10-09,4971.5
2018-10-10,4901.5
2018-10-11,4804.0
2018-10-12,4806.0
2018-10-15,4747.0
2018-10-16,4795.0
2018-10-17,4773.0
2018-10-18,4694.5
2018-10-19,4693.0
2018-10-22,4673.5
2018-10-23,4770.0
2018-10-24,4995.0
2018-10-25,4943.0
2018-10-26,4888.5
2018-10-29,4872.5
2018-10-30,4778.5
2018-10-31,4945.0
2018-11-01,4937.0
2018-11-02,4980.0
2018-11-06,5055.0
2018-11-07,5174.5
2018-11-08,5160.0
2018-11-09,5094.5
2018-11-12,5129.0
2018-11-13,4959.5
2018-11-14,4856.5
2018-11-15,4854.0
2018-11-16,4824.0
2018-11-19,4845.5
2018-11-20,4809.5
2018-11-21,4800.0
2018-11-22,4813.5
2018-11-23,4670.0
2018-11-26,4623.0
2018-11-27,4689.0
2018-11-28,4717.5
2018-11-29,4766.0
2018-11-30,4896.0
2018-12-03,5098.5
2018-12-04,5209.0
2018-12-05,5260.0
2018-12-06,5162.5
2018-12-07,5266.5
2018-12-10,5173.5
2018-12-11,5267.0
2018-12-12,5102.0
2018-12-13,5131.5
2018-12-14,5100.0
2018-12-17,5100.0
2018-12-18,4925.0
2018-12-19,4910.0
2018-12-20,4808.5
2018-12-21,4930.0
2018-12-24,4909.0
2018-12-25,4810.0
2018-12-26,4829.5
2018-12-27,4884.0
2018-12-28,4955.5
2018-12-29,4997.0
2019-01-03,5007.0
2019-01-04,5074.5
2019-01-08,5039.0
2019-01-09,5060.0
2019-01-10,5152.0
2019-01-11,5200.0
2019-01-14,5200.0
2019-01-15,5195.0
2019-01-16,5129.0
2019-01-17,5184.5
2019-01-18,5193.5
2019-01-21,5200.0
2019-01-22,5186.0
2019-01-23,5205.5
2019-01-24,5196.5
2019-01-25,5215.0
2019-01-28,5165.0
2019-01-29,5196.5
2019-01-30,5227.0
2019-01-31,5272.5
2019-02-01,5319.5
2019-02-04,5350.0
2019-02-05,5435.0
2019-02-06,5461.0
2019-02-07,5385.0
2019-02-08,5386.0
2019-02-11,5419.5
2019-02-12,5439.0
2019-02-13,5351.0
2019-02-14,5360.5
2019-02-15,5426.0
2019-02-18,5483.5
2019-02-19,5443.5
2019-02-20,5445.0
2019-02-21,5447.5
2019-02-22,5527.0
2019-02-25,5533.0
2019-02-26,5551.0
2019-02-27,5580.0
2019-02-28,5501.0
2019-03-01,5500.5
2019-03-04,5546.5
2019-03-05,5622.5
2019-03-06,5713.0
2019-03-07,5677.0
2019-03-11,5561.0
2019-03-12,5576.0
2019-03-13,5609.0
2019-03-14,5608.0
2019-03-15,5662.5
2019-03-18,5610.0
2019-03-19,5682.5
2019-03-20,5770.0
2019-03-21,5759.0
2019-03-22,5793.5
2019-03-25,5740.0
2019-03-26,5809.0
2019-03-27,5850.0
2019-03-28,5880.0
2019-03-29,5894.0
2019-04-01,5909.0
2019-04-02,5958.0
2019-04-03,5926.0
2019-04-04,5865.0
2019-04-05,5822.0
2019-04-08,5826.0
2019-04-09,5736.0
2019-04-10,5692.0
2019-04-11,5630.0
2019-04-12,5600.0
2019-04-15,5590.0
2019-04-16,5609.5
2019-04-17,5584.0
2019-04-18,5610.0
2019-04-19,5602.0
2019-04-22,5690.0
2019-04-23,5780.0
2019-04-24,5760.0
2019-04-25,5648.5
2019-04-26,5588.0
2019-04-29,5552.0
2019-04-30,5511.0
2019-05-02,5551.0
2019-05-03,5453.0
2019-05-06,5478.0
2019-05-07,5405.5
2019-05-08,5331.0
2019-05-10,5290.0
2019-05-13,5350.0
2019-05-14,5188.5
2019-05-15,5000.0
2019-05-16,5200.0
2019-05-17,5260.0
2019-05-20,5172.5
2019-05-21,5300.0
2019-05-22,5317.5
2019-05-23,5275.0
2019-05-24,5240.0
2019-05-27,5220.0
2019-05-28,5100.0
2019-05-29,5240.0
2019-05-30,5230.0
2019-05-31,5268.5
2019-06-03,5254.5
2019-06-04,5170.0
2019-06-05,5103.0
2019-06-06,5156.5
2019-06-07,5133.0
2019-06-10,5181.0
2019-06-11,5237.0
2019-06-13,5210.5
2019-06-14,5178.5
2019-06-17,5190.0
2019-06-18,5230.0
2019-06-19,5245.0
2019-06-20,5320.0
2019-06-21,5338.0
2019-06-24,5270.0
2019-06-25,5309.5
2019-06-26,5358.5
2019-06-27,5380.0
2019-06-28,5305.0
2019-07-01,5378.5
2019-07-02,5372.0
2019-07-03,5345.5
2019-07-04,5464.5
2019-07-05,5460.0
2019-07-08,5357.5
2019-07-09,5374.0
2019-07-10,5365.0
2019-07-11,5270.0
2019-07-12,5263.0
2019-07-15,5178.5
2019-07-16,5190.5
2019-07-17,5206.0
2019-07-18,5166.0
2019-07-19,5200.5
2019-07-22,5165.5
2019-07-23,5202.5
2019-07-24,5134.5
2019-07-25,5096.5
2019-07-26,5075.0
2019-07-29,5094.5
2019-07-30,5105.0
2019-07-31,5226.5
2019-08-01,5220.5
2019-08-02,5130.0
2019-08-05,5139.0
2019-08-06,5234.5
2019-08-07,5210.0
2019-08-08,5268.0
2019-08-09,5287.0
2019-08-12,5320.0
2019-08-13,5276.0
2019-08-14,5106.5
2019-08-15,5023.5
2019-08-16,5000.0
2019-08-19,5240.0
2019-08-20,5326.5
2019-08-21,5278.0
2019-08-22,5275.0
2019-08-23,5183.5
2019-08-26,5115.0
2019-08-27,5086.5
2019-08-28,5195.0
2019-08-29,5356.0
2019-08-30,5379.5
2019-09-02,5475.0
2019-09-03,5419.0
2019-09-04,5450.0
2019-09-05,5524.5
2019-09-06,5526.5
2019-09-09,5500.0
2019-09-10,5476.0
2019-09-11,5540.0
2019-09-12,5429.5
2019-09-13,5377.5
2019-09-16,5559.0
2019-09-17,5472.5
2019-09-18,5467.0
2019-09-19,5391.0
2019-09-20,5489.0
2019-09-23,5420.0
2019-09-24,5337.5
2019-09-25,5343.5
2019-09-26,5387.5
2019-09-27,5405.0
2019-09-30,5387.5
2019-10-01,5530.0
2019-10-02,5410.0
2019-10-03,5362.5
2019-10-04,5335.0
2019-10-07,5367.0
2019-10-08,5320.0
2019-10-09,5304.0
2019-10-10,5318.5
2019-10-11,5425.0
2019-10-14,5450.0
2019-10-15,5601.5
2019-10-16,5710.0
2019-10-17,5715.0
2019-10-18,5720.0
2019-10-21,5768.0
2019-10-22,5860.5
2019-10-23,5976.0
2019-10-24,6150.0
2019-10-25,6117.5
2019-10-28,5916.0
2019-10-29,5820.0
2019-10-30,5850.0
2019-10-31,5919.5
2019-11-01,6021.0
2019-11-05,6008.0
2019-11-06,6140.0
2019-11-07,6133.5
2019-11-08,6040.0
2019-11-11,6048.0
2019-11-12,6033.0
2019-11-13,6050.0
2019-11-14,6084.5
2019-11-15,6161.0
2019-11-18,6077.0
2019-11-19,6090.0
2019-11-20,6084.5
2019-11-21,6087.5
2019-11-22,6120.0
2019-11-25,6103.0
2019-11-26,6060.0
2019-11-27,6065.0
2019-11-28,6120.0
2019-11-29,6137.5
2019-12-02,6159.5
2019-12-03,6040.0
2019-12-04,6073.0
2019-12-05,6121.5
2019-12-06,6220.0
2019-12-09,6182.0
2019-12-10,6095.0
2019-12-11,6110.0
2019-12-12,6136.0
2019-12-13,6168.0
2019-12-16,6190.0
2019-12-17,6226.0
2019-12-18,6250.5
2019-12-19,6079.0
2019-12-20,6079.5
2019-12-23,6082.0
2019-12-24,6080.5
2019-12-25,6081.0
2019-12-26,6085.0
2019-12-27,6150.0
2019-12-30,6169.0
2020-01-03,6294.0
2020-01-06,6382.0
2020-01-08,6496.5
2020-01-09,6430.0
2020-01-10,6490.0
2020-01-13,6530.0
2020-01-14,6520.5
2020-01-15,6552.5
2020-01-16,6590.0
2020-01-17,6685.0
2020-01-20,6717.0
2020-01-21,6708.5
2020-01-22,6655.5
2020-01-23,6590.0
2020-01-24,6620.0
2020-01-27,6545.0
2020-01-28,6650.0
2020-01-29,6633.0
2020-01-30,6443.5
2020-01-31,6550.5
2020-02-03,6594.5
2020-02-04,6500.0
2020-02-05,6550.5
2020-02-06,6506.5
2020-02-07,6450.5
2020-02-10,6410.0
2020-02-11,6397.5
2020-02-12,6466.0
2020-02-13,6470.5
2020-02-14,6451.0
2020-02-17,6463.0
2020-02-18,6378.5
2020-02-19,6509.0
2020-02-20,6543.5
2020-02-21,6450.0
2020-02-25,6165.0
2020-02-26,6256.5
2020-02-27,6000.0
2020-02-28,5699.5
2020-03-02,5550.0
2020-03-03,5782.0
2020-03-04,5908.5
2020-03-05,5862.5
2020-03-06,5592.0
2020-03-10,4549.0
2020-03-11,4908.0
2020-03-12,4511.5
2020-03-13,4414.0
2020-03-16,4251.0
2020-03-17,4168.5
2020-03-18,3754.0
2020-03-19,4333.0
2020-03-20,4472.5
2020-03-23,4175.5
2020-03-24,4494.0
2020-03-25,4590.0
2020-03-26,4700.0
2020-03-27,4430.0
2020-03-30,4459.0
2020-03-31,4715.0
2020-04-01,4674.5
2020-04-02,5050.0
2020-04-03,5204.5
2020-04-06,5163.0
2020-04-07,5118.0
2020-04-08,5140.0
2020-04-09,5201.0
2020-04-10,5130.0
2020-04-13,5040.0
2020-04-14,4844.0
2020-04-15,4484.0
2020-04-16,4561.5
2020-04-17,4620.0
2020-04-20,4522.5
2020-04-21,4475.0
2020-04-22,4810.5
2020-04-23,4902.5
2020-04-24,4745.5
2020-04-27,4650.0
2020-04-28,4738.5
2020-04-29,4897.0
2020-04-30,4826.5
2020-05-04,4848.5
2020-05-05,4975.0
2020-05-06,4857.5
2020-05-07,4839.0
2020-05-08,4832.0
2020-05-12,4897.5
2020-05-13,4819.0
2020-05-14,4870.0
2020-05-15,4874.5
2020-05-18,5170.5
2020-05-19,5272.0
2020-05-20,5450.0
2020-05-21,5286.0
2020-05-22,5317.0
2020-05-25,5412.5
2020-05-26,5445.0
2020-05-27,5352.5
2020-05-28,5392.0
2020-05-29,5242.5
2020-06-01,5318.0
2020-06-02,5400.0
2020-06-03,5549.5
2020-06-04,5430.0
2020-06-05,5460.0
2020-06-08,5372.0
2020-06-09,5425.0
2020-06-10,5342.0
2020-06-11,5350.0
2020-06-15,5264.0
2020-06-16,5392.0
2020-06-17,5343.0
2020-06-18,5347.0
2020-06-19,5460.0
2020-06-22,5469.0
2020-06-23,5452.0
2020-06-25,5394.0
2020-06-26,5321.5
2020-06-29,5315.0
2020-06-30,5313.0
2020-07-02,5416.0
2020-07-03,5416.5
2020-07-06,5483.5
2020-07-07,5464.0
2020-07-08,5457.0
2020-07-09,5087.0
2020-07-10,5098.0
2020-07-13,4926.5
2020-07-14,4884.0
2020-07-15,4949.5
2020-07-16,4944.5
2020-07-17,4946.5
2020-07-20,4937.0
2020-07-21,4953.0
2020-07-22,5037.0
2020-07-23,4974.0
2020-07-24,4987.0
2020-07-27,5013.5
2020-07-28,5023.0
2020-07-29,5184.5
2020-07-30,5115.0
2020-07-31,5087.5
2020-08-03,5037.0
2020-08-04,5038.5
2020-08-05,5136.0
2020-08-06,5130.0
2020-08-07,5088.0
2020-08-10,5112.0
2020-08-11,5170.0
2020-08-12,5303.0
2020-08-13,5312.0
2020-08-14,5284.5
2020-08-17,5281.5
2020-08-18,5268.5
2020-08-19,5246.5
2020-08-20,5137.5
2020-08-21,5092.5
2020-08-24,5186.0
2020-08-25,5220.0
2020-08-26,5278.0
2020-08-27,5174.0
2020-08-28,5082.0
2020-08-31,4991.0
2020-09-01,4949.0
2020-09-02,4852.0
2020-09-03,4814.0
2020-09-04,4858.0
2020-09-07,4795.0
2020-09-08,4719.5
2020-09-09,4709.0
2020-09-10,4661.0
2020-09-11,4725.5
2020-09-14,4752.5
2020-09-15,4876.0
2020-09-16,4863.5
2020-09-17,4793.5
2020-09-18,4677.0
2020-09-21,4511.0
2020-09-22,4529.0
2020-09-23,4456.0
2020-09-24,4563.0
2020-09-25,4560.0
2020-09-28,4627.0
2020-09-29,4508.5
2020-09-30,4470.0
2020-10-01,4408.5
2020-10-02,4379.0
2020-10-05,4479.0
2020-10-06,4519.5
2020-10-07,4474.0
2020-10-08,4498.0
2020-10-09,4451.5
2020-10-12,4445.0
2020-10-13,4374.5
2020-10-14,4364.5
2020-10-15,4271.0
2020-10-16,4253.0
2020-10-19,4194.0
2020-10-20,4270.0
2020-10-21,4211.5
2020-10-22,4307.5
2020-10-23,4325.0
2020-10-26,4223.0
2020-10-27,4123.5
2020-10-28,4012.5
2020-10-29,4057.5
2020-10-30,4050.0
2020-11-02,4162.0
2020-11-03,4252.0
2020-11-05,4321.5
2020-11-06,4396.0
2020-11-09,4755.0
2020-11-10,4884.5
2020-11-11,4945.0
2020-11-12,4853.0
2020-11-13,4879.0
2020-11-16,4932.5
2020-11-17,4864.0
2020-11-18,4890.0
2020-11-19,4916.0
2020-11-20,4948.5
2020-11-23,5026.5
2020-11-24,5179.5
2020-11-25,5392.5
2020-11-26,5243.0
2020-11-27,5260.0
2020-11-30,5063.0
2020-12-01,5058.5
2020-12-02,5167.0
2020-12-03,5053.0
2020-12-04,5122.0
2020-12-07,5039.5
2020-12-08,4994.0
2020-12-09,5023.0
2020-12-10,5287.0
2020-12-11,5380.0
2020-12-14,5325.0
2020-12-15,5297.5
2020-12-16,5174.0
2020-12-17,5188.0
2020-12-18,5140.0
2020-12-21,5095.5
2020-12-22,5073.0
2020-12-23,5107.0
2020-12-24,5105.5
2020-12-25,5106.0
2020-12-28,5101.5
2020-12-29,5143.0
2020-12-30,5169.5
2021-01-04,5212.5
2021-01-05,5358.5
2021-01-06,5376.5
2021-01-08,5556.5
2021-01-11,5599.0
2021-01-12,5721.0
2021-01-13,5755.0
2021-01-14,5937.0
2021-01-15,5888.5
2021-01-18,5873.0
2021-01-19,5892.0
2021-01-20,5864.0
2021-01-21,5771.0
2021-01-22,5740.5
2021-01-25,5722.0
2021-01-26,5595.5
2021-01-27,5499.5
2021-01-28,5575.0
2021-01-29,5377.0
2021-02-01,5406.0
2021-02-02,5516.0
2021-02-03,5555.0
2021-02-04,5699.5
2021-02-05,5715.0
2021-02-08,5758.0
2021-02-09,5695.0
2021-02-10,5594.5
2021-02-11,5641.5
2021-02-12,5756.0
2021-02-15,5909.5
2021-02-16,5868.5
2021-02-17,5768.5
2021-02-18,5615.0
2021-02-19,5656.0
2021-02-20,5633.0
2021-02-22,5786.0
2021-02-24,5788.5
2021-02-25,5740.5
2021-02-26,5575.5
2021-03-01,5634.0
2021-03-02,5648.5
2021-03-03,5701.0
2021-03-04,5806.0
2021-03-05,6236.0
2021-03-09,6305.0
2021-03-10,6127.5
2021-03-11,6339.0
2021-03-12,6356.0
2021-03-15,6472.5
2021-03-16,6445.0
2021-03-17,6363.0
2021-03-18,6083.0
2021-03-19,6078.0
2021-03-22,6118.0
2021-03-23,5961.0
2021-03-24,6162.5
2021-03-25,6182.0
2021-03-26,6283.0
2021-03-29,6257.5
2021-03-30,6155.0
2021-03-31,6111.5
2021-04-01,6112.0
2021-04-02,6108.5
2021-04-05,5990.5
2021-04-06,5891.0
2021-04-07,5978.0
2021-04-08,6008.5
2021-04-09,5933.0
2021-04-12,6020.0
2021-04-13,6044.5
2021-04-14,6134.0
2021-04-15,6054.5
2021-04-16,6066.0
2021-04-19,6007.0
2021-04-20,5897.0
2021-04-21,5946.0
2021-04-22,5999.0
2021-04-23,5950.0
2021-04-26,5919.0
2021-04-27,5903.5
2021-04-28,5901.0
2021-04-29,5926.0
2021-04-30,5805.0
2021-05-04,5991.0
2021-05-05,6122.0
2021-05-06,6087.0
2021-05-07,6088.0
2021-05-10,6118.0
2021-05-11,6021.0
2021-05-12,6119.0
2021-05-13,6040.0
2021-05-14,6050.0
2021-05-17,5976.0
2021-05-18,5994.0
2021-05-19,5862.5
2021-05-20,5711.0
2021-05-21,5800.5
2021-05-24,5818.0
2021-05-25,5913.0
2021-05-26,6016.5
2021-05-27,5992.0
2021-05-28,5955.0
2021-05-31,5993.0
2021-06-01,6210.0
2021-06-02,6428.0
2021-06-03,6474.5
2021-06-04,6511.0
2021-06-07,6555.0
2021-06-08,6504.5
2021-06-09,6587.0
2021-06-10,6570.0
2021-06-11,6518.5
2021-06-14,6515.0
2021-06-15,6504.5
2021-06-16,6591.5
2021-06-17,6669.5
2021-06-18,6653.0
2021-06-21,6697.0
2021-06-22,6715.5
2021-06-23,6633.0
2021-06-24,6725.0
2021-06-25,6810.0
2021-06-28,6759.0
2021-06-29,6685.0
2021-06-30,6762.5
2021-07-01,7010.0
2021-07-02,6849.0
2021-07-05,6845.0
2021-07-06,6829.0
2021-07-07,6782.0
2021-07-08,6684.0
2021-07-09,6655.0
2021-07-12,6611.0
2021-07-13,6637.0
2021-07-14,6566.0
2021-07-15,6430.5
2021-07-16,6362.0
2021-07-19,6228.0
2021-07-20,6307.5
2021-07-21,6393.0
2021-07-22,6456.0
2021-07-23,6433.5
2021-07-26,6405.0
2021-07-27,6332.5
2021-07-28,6415.0
2021-07-29,6416.0
2021-07-30,6299.0
2021-08-02,6308.0
2021-08-03,6297.0
2021-08-04,6235.0
2021-08-05,6312.0
2021-08-06,6236.0
2021-08-09,6290.0
2021-08-10,6423.5
2021-08-11,6450.0
2021-08-12,6504.5
2021-08-13,6429.5
2021-08-16,6495.5
2021-08-17,6567.5
2021-08-18,6445.0
2021-08-19,6332.0
2021-08-20,6339.5
2021-08-23,6475.5
2021-08-24,6488.0
2021-08-25,6431.0
2021-08-26,6343.5
2021-08-27,6429.5
2021-08-30,6439.0
2021-08-31,6283.5
2021-09-01,6334.0
2021-09-02,6350.5
2021-09-03,6330.0
2021-09-06,6325.0
2021-09-07,6280.0
2021-09-08,6341.5
2021-09-09,6269.5
2021-09-10,6300.0
2021-09-13,6420.5
2021-09-14,6570.0
2021-09-15,6724.5
2021-09-16,6664.0
2021-09-17,6600.5
2021-09-20,6551.0
2021-09-21,6605.0
2021-09-22,6702.0
2021-09-23,6801.0
2021-09-24,6825.0
2021-09-27,6986.0
2021-09-28,6968.0
2021-09-29,6992.0
2021-09-30,6903.5
2021-10-01,6987.5
2021-10-04,7134.5
2021-10-05,7346.5
2021-10-06,7096.0
2021-10-07,7165.0
2021-10-08,7220.0
2021-10-11,7264.0
2021-10-12,7306.0
2021-10-13,7252.0
2021-10-14,7215.0
2021-10-15,7306.5
2021-10-18,7319.0
2021-10-19,7373.0
2021-10-20,7439.0
2021-10-21,7232.0
2021-10-22,7200.0
2021-10-25,7441.5
2021-10-26,7440.5
2021-10-27,7323.5
2021-10-28,7288.5
2021-10-29,7272.5
2021-11-01,7293.0
2021-11-02,7214.0
2021-11-03,7175.0
2021-11-05,7199.0
2021-11-08,7208.5
2021-11-09,7188.0
2021-11-10,7137.5
2021-11-11,7094.5
2021-11-12,6878.0
2021-11-15,6918.5
2021-11-16,6946.5
2021-11-17,6884.5
2021-11-18,6840.0
2021-11-19,6709.0
2021-11-22,6575.5
2021-11-23,6829.5
2021-11-24,6814.5
2021-11-25,6661.5
2021-11-26,6374.0
2021-11-29,6616.0
2021-11-30,6513.0
2021-12-01,6576.5
2021-12-02,6732.0
2021-12-03,6639.5
2021-12-06,6650.0
2021-12-07,6720.5
2021-12-08,6574.5
2021-12-09,6619.0
2021-12-10,6619.5
2021-12-13,6376.0
2021-12-14,6592.0
2021-12-15,6595.0
2021-12-16,6729.0
2021-12-17,6670.0
2021-12-20,6328.5
2021-12-21,6348.5
2021-12-22,6349.5
2021-12-23,6304.5
2021-12-24,6313.5
2021-12-27,6397.5
2021-12-28,6478.0
2021-12-29,6516.0
2021-12-30,6573.0
2022-01-03,6683.0
2022-01-04,6728.0
2022-01-05,6522.0
2022-01-06,6699.0
2022-01-10,6775.0
2022-01-11,6816.0
2022-01-12,6960.0
2022-01-13,6665.0
2022-01-14,6659.0
2022-01-17,6516.0
2022-01-18,6250.0
2022-01-19,6494.0
2022-01-20,6430.0
2022-01-21,6420.0
2022-01-24,6293.0
2022-01-25,6543.0
2022-01-26,6525.5
2022-01-27,6811.5
2022-01-28,6775.0
2022-01-31,6878.0
2022-02-01,6976.0
2022-02-02,7040.0
2022-02-03,6865.5
2022-02-04,7010.0
2022-02-07,6988.0
2022-02-08,6957.5
2022-02-09,6973.5
2022-02-10,6984.5
2022-02-11,6707.5
2022-02-14,6796.0
2022-02-15,6979.0
2022-02-16,6970.0
2022-02-17,6733.0
2022-02-18,6456.5
2022-02-21,5810.0
2022-02-22,6020.0
2022-02-24,4650.0
2022-02-25,4915.0
2022-03-24,5525.0
2022-03-25,5206.0
2022-03-28,5118.0
2022-03-29,4922.0
2022-03-30,5140.0
2022-03-31,5680.0
2022-04-01,5601.0
2022-04-04,5557.0
2022-04-05,5314.0
2022-04-06,5266.0
2022-04-07,5280.0
2022-04-08,5226.5
2022-04-11,5190.0
2022-04-12,5145.0
2022-04-13,5106.0
2022-04-14,4879.5
2022-04-15,4893.0
2022-04-18,4549.0
2022-04-19,4485.0
2022-04-20,4310.0
2022-04-21,3974.0
2022-04-22,3828.0
2022-04-25,3931.0
2022-04-26,4292.0
2022-04-27,4550.0
2022-04-28,4381.0
2022-04-29,4699.5
2022-05-04,4552.0
2022-05-05,4675.0
2022-05-06,4635.5
2022-05-11,4600.0
2022-05-12,4362.5
2022-05-13,4380.0
2022-05-16,4523.5
2022-05-17,4500.0
2022-05-18,4483.5
2022-05-19,4415.5
2022-05-20,4279.0
2022-05-23,4050.0
2022-05-24,3942.0
2022-05-25,4148.0
2022-05-26,4263.0
2022-05-27,4290.0
2022-05-30,4220.0
2022-05-31,4061.5
2022-06-01,4074.0
2022-06-02,4035.0
2022-06-03,3980.5
2022-06-06,3940.0
2022-06-07,3959.5
2022-06-08,3945.5
2022-06-09,3876.0
2022-06-10,3898.0
2022-06-14,3891.5
2022-06-15,4115.0
2022-06-16,4261.5
2022-06-17,4182.0
2022-06-20,4209.5
2022-06-21,4045.0
2022-06-22,4139.0
2022-06-23,4150.0
2022-06-24,4100.0
2022-06-27,4100.0
2022-06-28,3989.5
2022-06-29,4015.0
2022-06-30,3905.0
2022-07-01,3944.0
2022-07-04,3949.5
2022-07-05,4015.0
2022-07-06,3962.0
2022-07-07,3956.0
2022-07-08,3911.0
2022-07-11,3848.5
2022-07-12,3752.0
2022-07-13,3645.5
2022-07-14,3608.0
2022-07-15,3709.0
2022-07-18,3645.0
2022-07-19,3600.0
2022-07-20,3580.0
2022-07-21,3539.5
2022-07-22,3688.0
2022-07-25,3669.0
2022-07-26,3825.0
2022-07-27,3847.5
2022-07-28,3831.0
2022-07-29,3877.0
2022-08-01,3931.0
2022-08-02,3823.0
2022-08-03,3799.0
2022-08-04,3720.0
2022-08-05,3679.5
2022-08-08,3720.0
2022-08-09,3895.0
2022-08-10,3890.0
2022-08-11,3925.0
2022-08-12,3940.5
2022-08-15,3959.0
2022-08-16,4018.0
2022-08-17,3907.0
2022-08-18,3920.0
2022-08-19,3972.0
2022-08-22,4017.0
2022-08-23,4098.0
2022-08-24,4117.0
2022-08-25,4055.0
2022-08-26,4115.0
2022-08-29,4186.0
2022-08-30,4140.0
2022-08-31,4270.0
2022-09-01,4722.0
2022-09-02,4595.0
2022-09-05,4658.0
2022-09-06,4545.0
2022-09-07,4420.0
2022-09-08,4410.0
2022-09-09,4470.0
2022-09-12,4560.0
2022-09-13,4542.5
2022-09-14,4472.0
2022-09-15,4530.0
2022-09-16,4519.0
2022-09-19,4496.0
2022-09-20,4055.0
2022-09-21,3955.0
2022-09-22,4011.0
2022-09-23,3948.5
2022-09-26,3708.0
2022-09-27,3865.0
2022-09-28,3907.5
2022-09-29,3882.5
2022-09-30,3965.0
2022-10-03,4077.0
2022-10-04,4094.0
2022-10-05,4102.5
2022-10-06,4041.0
2022-10-07,3875.0
2022-10-10,4035.0
2022-10-11,4170.0
2022-10-12,4149.0
2022-10-13,4185.5
2022-10-14,4139.0
2022-10-17,4212.5
2022-10-18,4240.0
2022-10-19,4204.5
2022-10-20,4380.5
2022-10-21,4433.0
2022-10-24,4439.5
2022-10-25,4569.5
2022-10-26,4613.5
2022-10-27,4724.0
2022-10-28,4700.5
2022-10-31,4695.5
2022-11-01,4700.0
2022-11-02,4670.0
2022-11-03,4687.0
2022-11-07,4723.5
2022-11-08,4697.5
2022-11-09,4632.0
2022-11-10,4681.0
2022-11-11,4670.0
2022-11-14,4658.5
2022-11-15,4565.0
2022-11-16,4661.5
2022-11-17,4621.0
2022-11-18,4623.0
2022-11-21,4605.5
2022-11-22,4618.0
2022-11-23,4679.0
2022-11-24,4664.0
2022-11-25,4669.0
2022-11-28,4624.0
2022-11-29,4602.0
2022-11-30,4614.5
2022-12-01,4599.5
2022-12-02,4577.5
2022-12-05,4619.0
2022-12-06,4603.5
2022-12-07,4592.5
2022-12-08,4578.0
2022-12-09,4583.0
2022-12-12,4583.5
2022-12-13,4577.5
2022-12-14,4590.5
2022-12-15,4521.0
2022-12-16,4580.0
2022-12-19,4625.0
2022-12-20,4076.0
2022-12-21,4040.5
2022-12-22,4027.5
2022-12-23,4010.5
2022-12-26,4010.0
2022-12-27,4028.5
2022-12-28,4015.5
2022-12-29,4022.0
2022-12-30,4069.5
2023-01-03,4123.5
2023-01-04,4116.0
2023-01-05,4087.0
2023-01-06,4089.0
2023-01-09,4110.0
2023-01-10,4079.0
2023-01-11,4090.5
2023-01-12,4078.5
2023-01-13,4074.0
2023-01-16,4052.0
2023-01-17,4025.0
2023-01-18,4021.0
2023-01-19,3981.0
2023-01-20,3944.0
2023-01-23,3972.5
2023-01-24,3942.5
2023-01-25,3923.5
2023-01-26,3911.0
2023-01-27,3917.0
2023-01-30,3947.5
2023-01-31,3955.0
2023-02-01,3955.5
2023-02-02,3918.5
2023-02-03,3907.5
2023-02-06,3941.0
2023-02-07,3968.0
2023-02-08,3930.5
2023-02-09,3914.0
2023-02-10,3921.5
2023-02-13,3928.5
2023-02-14,3914.5
2023-02-15,3829.0
2023-02-16,3830.0
2023-02-17,3840.0
2023-02-20,3905.0
2023-02-21,3914.5
2023-02-22,3909.5
2023-02-24,3901.0
2023-02-27,3903.0
2023-02-28,3990.0
2023-03-01,4056.0
2023-03-02,4004.0
2023-03-03,4030.5
2023-03-06,4111.5
2023-03-07,4125.0
2023-03-09,4105.0
2023-03-10,4085.0
2023-03-13,4066.0
2023-03-14,4063.0
2023-03-15,4022.0
2023-03-16,4084.0
2023-03-17,4111.5
2023-03-20,4228.5
2023-03-21,4216.5
2023-03-22,4192.5
2023-03-23,4177.5
2023-03-24,4206.5
2023-03-27,4322.0
2023-03-28,4320.0
2023-03-29,4342.0
2023-03-30,4382.5
2023-03-31,4352.5
2023-04-03,4473.5
2023-04-04,4510.5
2023-04-05,4540.0
2023-04-06,4585.0
2023-04-07,4637.0
2023-04-10,4650.5
2023-04-11,4620.0
2023-04-12,4670.0
2023-04-13,4612.5
2023-04-14,4618.0
2023-04-17,4640.0
2023-04-18,4599.5
2023-04-19,4539.5
2023-04-20,4746.0
2023-04-21,4729.5
2023-04-24,4710.5
2023-04-25,4689.0
2023-04-26,4659.0
2023-04-27,4700.0
2023-04-28,4674.5
2023-05-02,4581.0
2023-05-03,4508.5
2023-05-04,4547.5
2023-05-05,4509.0
2023-05-08,4564.5
2023-05-10,4716.0
2023-05-11,4788.5
2023-05-12,4819.0
2023-05-15,5045.5
2023-05-16,5086.0
2023-05-17,5097.0
2023-05-18,5075.0
2023-05-19,5078.5
2023-05-22,5090.0
2023-05-23,5173.0
2023-05-24,5192.0
2023-05-25,5203.5
2023-05-26,5296.5
2023-05-29,5538.5
2023-05-30,5530.0
2023-05-31,5569.0
2023-06-01,5684.0
2023-06-02,5383.0
2023-06-05,5166.5
2023-06-06,5149.5
2023-06-07,5101.0
2023-06-08,5065.0
2023-06-09,5077.0
2023-06-13,5264.0
2023-06-14,5246.0
2023-06-15,5302.5
2023-06-16,5260.5
2023-06-19,5194.0
2023-06-20,5150.5
2023-06-21,5125.0
2023-06-22,5137.0
2023-06-23,5030.0
2023-06-26,5048.5
2023-06-27,5138.0
2023-06-28,5108.0
2023-06-29,5124.0
2023-06-30,5079.0
2023-07-03,5095.5
2023-07-04,5209.0
2023-07-05,5298.5
2023-07-06,5347.0
2023-07-07,5439.5
2023-07-10,5436.0
2023-07-11,5439.0
2023-07-12,5500.0
2023-07-13,5498.0
2023-07-14,5514.0
2023-07-17,5503.0
2023-07-18,5537.5
2023-07-19,5518.0
2023-07-20,5394.0
2023-07-21,5505.0
2023-07-24,5545.5
2023-07-25,5633.5
2023-07-26,5626.0
2023-07-27,5668.0
2023-07-28,5896.0
2023-07-31,5938.0
2023-08-01,6008.0
2023-08-02,6069.5
2023-08-03,6155.0
2023-08-04,6103.0
2023-08-07,6048.5
2023-08-08,6124.5
2023-08-09,6171.5
2023-08-10,6252.0
2023-08-11,6284.5
2023-08-14,6127.5
2023-08-15,6131.5
2023-08-16,6094.5
2023-08-17,6162.0
2023-08-18,6277.5
2023-08-21,6265.5
2023-08-22,6606.5
2023-08-23,6412.5
2023-08-24,6561.5
2023-08-25,6566.0
2023-08-28,6662.0
2023-08-29,6779.5
2023-08-30,6837.0
2023-08-31,6830.0
2023-09-01,6819.0
2023-09-04,6850.0
2023-09-05,6916.0
2023-09-06,6867.5
2023-09-07,6666.5
2023-09-08,6625.0
2023-09-11,6456.0
2023-09-12,6729.0
2023-09-13,6610.0
2023-09-14,6519.0
2023-09-15,6553.0
2023-09-18,6526.0
2023-09-19,6344.0
2023-09-20,6423.0
2023-09-21,6379.0
2023-09-22,6495.0
2023-09-25,6449.0
2023-09-26,6386.0
2023-09-27,6490.0
2023-09-28,6645.5
2023-09-29,6677.0
2023-10-02,6720.0
2023-10-03,6754.5
2023-10-04,6660.5
2023-10-05,6721.5
2023-10-06,6797.0
2023-10-09,6863.5
2023-10-10,6853.5
2023-10-11,6890.5
2023-10-12,7120.0
2023-10-13,7244.0
2023-10-16,7335.0
2023-10-17,7384.5
2023-10-18,7488.0
2023-10-19,7486.0
2023-10-20,7491.5
2023-10-23,7462.5
2023-10-24,7444.0
2023-10-25,7437.5
2023-10-26,7228.5
2023-10-27,7318.0
2023-10-30,7248.0
2023-10-31,7150.5
2023-11-01,7240.0
2023-11-02,7253.5
2023-11-03,7238.0
2023-11-06,7376.0
2023-11-07,7333.5
2023-11-08,7295.0
2023-11-09,7260.0
2023-11-10,7288.5
2023-11-13,7277.5
2023-11-14,7200.0
2023-11-15,7224.0
2023-11-16,7135.5
2023-11-17,7225.5
2023-11-20,7194.5
2023-11-21,7209.0
2023-11-22,7299.0
2023-11-23,7258.0
2023-11-24,7295.0
2023-11-27,7222.5
2023-11-28,7238.0
2023-11-29,7202.0
2023-11-30,7239.0
2023-12-01,7175.5
2023-12-04,7132.5
2023-12-05,7248.5
2023-12-06,7138.0
2023-12-07,7092.0
2023-12-08,7140.0
2023-12-11,6977.0
2023-12-12,7014.5
2023-12-13,7043.5
2023-12-14,6860.0
2023-12-15,6560.0
2023-12-18,6723.5
2023-12-19,6709.0
2023-12-20,6735.0
2023-12-21,6702.0
2023-12-22,6732.5
2023-12-25,6744.0
2023-12-26,6771.0
2023-12-27,6768.0
2023-12-28,6767.0
2023-12-29,6739.0
2024-01-03,6803.5
2024-01-04,6771.0
2024-01-05,6780.0
2024-01-08,6766.5
2024-01-09,6931.0
2024-01-10,6957.0
2024-01-11,6972.5
2024-01-12,6965.0
2024-01-15,6889.5
2024-01-16,6857.0
2024-01-17,6910.0
2024-01-18,6857.5
2024-01-19,6834.5
2024-01-22,6840.0
2024-01-23,6799.5
2024-01-24,6795.0
2024-01-25,6809.0
2024-01-26,6901.0
2024-01-29,6943.0
2024-01-30,6994.0
2024-01-31,7090.5
2024-02-01,7093.5
2024-02-02,7114.0
2024-02-05,7137.5
2024-02-06,7163.0
2024-02-07,7265.0
2024-02-08,7231.5
2024-02-09,7238.5
2024-02-12,7280.0
2024-02-13,7269.0
2024-02-14,7220.5
2024-02-15,7282.5
2024-02-16,7224.5
2024-02-19,7188.0
2024-02-20,7081.0
2024-02-21,6990.5
2024-02-22,7021.5
2024-02-26,7164.0
2024-02-27,7141.5
2024-02-28,7261.5
2024-02-29,7378.0
2024-03-01,7463.5
2024-03-04,7511.5
2024-03-05,7499.5
2024-03-06,7483.0
2024-03-07,7513.0
2024-03-11,7554.5
2024-03-12,7536.5
2024-03-13,7426.0
2024-03-14,7370.0
2024-03-15,7380.0
2024-03-18,7344.0
2024-03-19,7333.5
2024-03-20,7438.5
2024-03-21,7417.5
2024-03-22,7303.0
2024-03-25,7438.0
2024-03-26,7419.0
2024-03-27,7493.0
2024-03-28,7481.0
2024-03-29,7551.0
2024-04-01,7665.0
2024-04-02,7654.0
2024-04-03,7686.5
2024-04-04,7727.5
2024-04-05,7662.5
2024-04-08,7767.0
2024-04-09,7786.5
2024-04-10,7825.0
2024-04-11,7836.5
2024-04-12,7839.5
2024-04-15,7920.5
2024-04-16,7897.0
2024-04-17,7886.0
2024-04-18,7840.0
2024-04-19,7835.5
2024-04-22,7827.5
2024-04-23,7840.0
2024-04-24,7820.5
2024-04-25,7827.5
2024-04-26,7929.5
2024-04-27,8002.5
2024-04-29,8152.0
2024-04-30,8085.5
2024-05-02,8104.5
2024-05-03,8075.5
2024-05-06,8026.5
2024-05-07,7722.5
2024-05-08,7714.0
2024-05-10,7713.5
2024-05-13,7689.0
2024-05-14,7672.0
2024-05-15,7655.5
2024-05-16,7715.0
2024-05-17,7854.5
2024-05-20,7834.5
2024-05-21,7848.0
2024-05-22,7820.0
2024-05-23,7841.5
2024-05-24,7720.0
2024-05-27,7541.5
2024-05-28,7590.0
2024-05-29,7684.0
2024-05-30,7567.0
2024-05-31,7355.5
2024-06-03,7252.0
2024-06-04,7426.0
2024-06-05,7412.5
2024-06-06,7398.0
2024-06-07,7489.0
2024-06-10,7315.0
2024-06-11,7290.0
2024-06-13,7178.5
2024-06-14,7368.0
2024-06-17,7203.0
2024-06-18,7036.0
2024-06-19,6885.0
2024-06-20,7112.5
2024-06-21,7084.0
2024-06-24,7051.5
2024-06-25,7204.0
2024-06-26,7275.0
2024-06-27,7227.0
2024-06-28,7211.0
2024-07-01,7326.0
2024-07-02,7309.5
2024-07-03,7230.5
2024-07-04,7109.5
2024-07-05,7201.0
2024-07-08,7097.0
2024-07-09,6941.0
2024-07-10,6689.0
2024-07-11,6969.5
2024-07-12,6908.0
2024-07-15,6827.0
2024-07-16,6881.0
2024-07-17,6814.0
2024-07-18,6931.5
2024-07-19,6913.0
2024-07-22,7008.0
2024-07-23,6973.0
2024-07-24,6939.5
2024-07-25,6902.5
2024-07-26,6890.0
2024-07-29,6727.5
2024-07-30,6805.5
2024-07-31,6759.5
2024-08-01,6687.0
2024-08-02,6591.0
2024-08-05,6417.5
2024-08-06,6447.0
2024-08-07,6505.0
2024-08-08,6410.5
2024-08-09,6408.5
2024-08-12,6448.5
2024-08-13,6444.5
2024-08-14,6385.0
2024-08-15,6347.0
2024-08-16,6239.5
2024-08-19,6138.5
2024-08-20,6147.5
2024-08-21,6309.5
2024-08-22,6419.0
2024-08-23,6428.0
2024-08-26,6645.0
2024-08-27,6526.5
2024-08-28,6389.0
2024-08-29,6324.0
2024-08-30,6145.0
2024-09-02,6115.0
2024-09-03,6184.0
2024-09-04,6265.0
2024-09-05,6272.0
2024-09-06,6332.0
2024-09-09,6520.0
2024-09-10,6435.0
2024-09-11,6413.5
2024-09-12,6448.0
2024-09-13,6624.5
2024-09-16,6820.5
2024-09-17,6803.0
2024-09-18,6745.5
2024-09-19,6811.0
2024-09-20,6897.5
2024-09-23,6982.5
2024-09-24,6954.5
2024-09-25,6867.0
2024-09-26,6890.0
2024-09-27,6914.5
2024-09-30,6874.0
2024-10-01,6969.0
2024-10-02,6816.5
2024-10-03,6956.0
2024-10-04,7009.0
2024-10-07,7055.0
2024-10-08,6973.5
2024-10-09,6883.5
2024-10-10,6857.0
2024-10-11,6837.0
2024-10-14,6931.5
2024-10-15,6991.0
2024-10-16,6980.0
2024-10-17,6931.5
2024-10-18,6963.0
2024-10-21,7020.0
2024-10-22,6950.0
2024-10-23,6920.0
2024-10-24,6958.5
2024-10-25,6750.5
2024-10-28,6733.5
2024-10-29,6837.0
2024-10-30,6792.0
2024-10-31,6794.5
2024-11-01,6844.5
2024-11-02,6842.0
2024-11-05,6873.0
2024-11-06,6996.5
2024-11-07,7132.0
2024-11-08,7172.0
2024-11-11,7022.5
2024-11-12,6990.0
2024-11-13,6925.0
2024-11-14,6932.5
2024-11-15,7021.0
2024-11-18,6955.5
2024-11-19,6842.0
2024-11-20,6798.5
2024-11-21,6938.5
2024-11-22,6940.0
2024-11-25,6886.5
2024-11-26,6869.5
2024-11-27,6896.5
2024-11-28,6905.5
2024-11-29,6860.5
2024-12-02,6810.0
2024-12-03,6771.0
2024-12-04,6720.5
2024-12-05,6841.0
2024-12-06,6860.0
2024-12-09,6973.0
2024-12-10,6894.0
2024-12-11,6895.5
2024-12-12,6862.5
2024-12-13,6800.0
2024-12-16,6779.5
2024-12-17,6290.5
2024-12-18,6375.0
2024-12-19,6294.0
2024-12-20,6725.0
2024-12-23,6919.0
2024-12-24,6833.0
2024-12-25,6987.5
2024-12-26,7003.0
2024-12-27,6990.5
2024-12-28,6998.0
2024-12-30,7235.0
2025-01-03,7122.0
2025-01-06,7088.0
2025-01-08,7089.0
2025-01-09,6947.5
2025-01-10,7022.5
2025-01-13,7010.5
2025-01-14,7115.5
2025-01-15,7178.5
2025-01-16,7208.0
2025-01-17,7342.0
2025-01-20,7194.0
2025-01-21,7239.5
2025-01-22,7215.0
2025-01-23,7215.0
2025-01-24,7199.5
2025-01-27,7065.5
2025-01-28,7160.0
2025-01-29,7192.0
2025-01-30,7166.0
2025-01-31,7171.0
2025-02-03,7170.0
2025-02-04,7093.5
2025-02-05,7171.0
2025-02-06,7141.0
2025-02-07,7148.0
2025-02-10,7147.5
2025-02-11,7271.0
2025-02-12,7676.0
2025-02-13,7534.0
2025-02-14,7492.5
2025-02-17,7784.5
2025-02-18,7644.5
2025-02-19,7714.5
2025-02-20,7720.0
2025-02-21,7709.5
2025-02-24,7737.5
2025-02-25,7729.0
2025-02-26,7555.0
2025-02-27,7497.0
2025-02-28,7546.5
2025-03-03,7341.5
2025-03-04,7393.0
2025-03-05,7241.0
2025-03-06,7175.0
2025-03-07,7225.0
2025-03-10,7185.0
2025-03-11,7248.5
2025-03-12,7205.0
2025-03-13,7130.0
2025-03-14,7149.5
2025-03-17,7222.5
2025-03-18,7183.0
2025-03-19,7221.0
2025-03-20,7293.5
2025-03-21,7346.5
2025-03-24,7291.0
2025-03-25,7265.0
2025-03-26,7185.0
2025-03-27,7108.5
2025-03-28,7064.5
2025-03-31,7026.5
2025-04-01,6905.0
2025-04-02,6978.0
2025-04-03,6802.0
2025-04-04,6445.5
2025-04-07,6349.5
2025-04-08,6283.5
2025-04-09,6507.0
2025-04-10,6375.5
2025-04-11,6508.0
2025-04-14,6474.0
2025-04-15,6466.0
2025-04-16,6515.0
2025-04-17,6719.0
2025-04-18,6629.5
2025-04-21,6732.5
2025-04-22,6764.0
2025-04-23,6743.0
2025-04-24,6683.5
2025-04-25,6856.5
2025-04-28,6827.0
2025-04-29,6725.0
2025-04-30,6684.0
2025-05-02,6504.0
2025-05-05,6335.5
2025-05-06,6373.5
2025-05-07,6458.5
2025-05-08,6535.0
2025-05-12,6775.0
2025-05-13,6773.0
2025-05-14,6699.5
2025-05-15,6612.0
2025-05-16,6605.0
2025-05-19,6636.5
2025-05-20,6584.0
2025-05-21,6604.5
2025-05-22,6528.0
2025-05-23,6550.0
2025-05-26,6440.0
2025-05-27,6486.0
2025-05-28,6686.0
2025-05-29,6680.5
2025-05-30,6749.0
2025-06-02,6834.0
2025-06-03,6473.0
2025-06-04,6431.5
2025-06-05,6453.0
2025-06-06,6344.5
2025-06-09,6249.0
2025-06-10,6195.5
2025-06-11,6173.5
2025-06-13,6380.0
2025-06-16,6269.0
2025-06-17,6408.0
2025-06-18,6383.5
2025-06-19,6336.0
2025-06-20,6281.0
2025-06-23,6242.0
2025-06-24,6208.5
2025-06-25,6236.5
2025-06-26,6205.5
2025-06-27,6274.0
2025-06-30,6307.5
2025-07-01,6306.0
2025-07-02,6234.0
2025-07-03,6138.0
2025-07-04,6151.5
2025-07-07,6110.5
2025-07-08,6013.0
2025-07-09,5934.0
2025-07-10,5932.5
2025-07-11,5737.5
2025-07-14,5933.0
2025-07-15,5913.5
2025-07-16,5943.0
2025-07-17,5925.5
2025-07-18,6114.5
2025-07-21,6170.0
2025-07-22,6196.5
2025-07-23,6190.0
2025-07-24,6169.0
2025-07-25,6074.5
2025-07-28,5981.5
2025-07-29,6005.0
2025-07-30,5925.5
2025-07-31,5922.0
2025-08-01,5910.5
2025-08-04,6097.5
2025-08-05,6081.0
2025-08-06,6170.0
2025-08-07,6202.5
2025-08-08,6320.0
2025-08-11,6336.5
2025-08-12,6385.0
2025-08-13,6336.0
2025-08-14,6387.0
2025-08-15,6444.0
2025-08-18,6420.0
2025-08-19,6365.0
2025-08-20,6311.5
2025-08-21,6249.0
2025-08-22,6326.0
2025-08-25,6275.5
2025-08-26,6280.0
2025-08-27,6323.0
2025-08-28,6273.5
2025-08-29,6430.5
2025-09-01,6370.0
2025-09-02,6336.5
2025-09-03,6393.0
2025-09-04,6464.0
2025-09-05,6472.0
2025-09-08,6465.0
2025-09-09,6484.5
2025-09-10,6537.5
2025-09-11,6626.5
2025-09-12,6448.0
2025-09-15,6420.0
2025-09-16,6370.5
2025-09-17,6380.0
2025-09-18,6325.5
2025-09-19,6239.0
2025-09-22,6268.5
2025-09-23,6140.0
2025-09-24,6189.0
2025-09-25,6123.0
2025-09-26,6228.0
2025-09-29,6093.0
2025-09-30,6082.5
2025-10-01,6048.5
2025-10-02,6026.5
2025-10-03,5914.0
2025-10-06,6110.0
2025-10-07,6134.0
2025-10-08,5952.0
2025-10-09,6096.0
2025-10-10,5964.0
2025-10-13,5950.0
2025-10-14,5888.0
2025-10-15,5835.0
2025-10-16,6185.0
2025-10-17,6312.5
2025-10-20,6374.0
2025-10-21,6266.0
2025-10-22,6052.0
2025-10-23,5761.0
2025-10-24,5636.0
2025-10-27,5237.0
2025-10-28,5461.0
2025-10-29,5387.5
2025-10-30,5508.0
2025-10-31,5443.0
2025-11-01,5475.0
2025-11-03,5580.0
2025-11-05,5490.5
2025-11-06,5453.5
2025-11-07,5324.0
2025-11-10,5140.5
2025-11-11,5156.5
2025-11-12,4918.0
2025-11-13,4954.5
2025-11-14,5114.5
2025-11-17,4886.0
2025-11-18,5058.5
2025-11-19,5275.0
2025-11-20,5470.0
2025-11-21,5503.0
2025-11-24,5505.0
2025-11-25,5520.0
2025-11-26,5471.0
2025-11-27,5409.5
2025-11-28,5531.5
2025-12-01,5529.5
2025-12-02,5504.5
2025-12-03,5449.0
2025-12-04,5443.5
2025-12-05,5555.0
2025-12-08,5526.5
2025-12-09,5556.0
2025-12-10,5550.0
2025-12-11,5705.5
2025-12-12,5643.5
2025-12-15,5697.0
2025-12-16,5742.5
2025-12-17,5730.5
2025-12-18,5888.0
2025-12-19,5897.5
2025-12-22,5810.0
2025-12-23,5744.5
2025-12-24,5677.5
2025-12-25,5673.5
2025-12-26,5790.0
2025-12-29,5832.5
2025-12-30,5908.5
2026-01-05,5871.5
2026-01-06,5884.0
2026-01-08,5851.5
2026-01-09,5878.0
2026-01-12,5393.0
2026-01-13,5392.5
2026-01-14,5386.0
2026-01-15,5395.0
2026-01-16,5455.0
2026-01-19,5405.5
2026-01-20,5352.0
2026-01-21,5399.0
2026-01-22,5365.0
2026-01-23,5382.5
2026-01-26,5270.5
2026-01-27,5284.0
2026-01-28,5219.5
2026-01-29,5356.5
2026-01-30,5298.5
2026-02-02,5249.0
2026-02-03,5220.5
2026-02-04,5179.0
2026-02-05,5115.0
2026-02-06,5109.5
2026-02-09,5167.5
2026-02-10,5119.5
2026-02-11,5193.0
2026-02-12,5193.0
2026-02-13,5260.5
2026-02-16,5231.5
2026-02-17,5241.0
2026-02-18,5209.0
2026-02-19,5162.0
2026-02-20,5186.5
2026-02-24,5175.0
2026-02-25,5162.0
2026-02-26,5140.5
2026-02-27,5220.5
2026-03-02,5532.5
2026-03-03,5483.0
2026-03-04,5385.0
2026-03-05,5418.0
2026-03-06,5636.0
2026-03-09,5682.0
2026-03-10,5711.0
2026-03-11,5721.5
2026-03-12,5812.0
2026-03-13,5790.5
2026-03-16,5700.0
2026-03-17,5738.5
2026-03-18,5818.0
2026-03-19,5790.0
2026-03-20,5807.0
2026-03-23,5668.0
2026-03-24,5674.0
2026-03-25,5661.0
2026-03-26,5698.5
2026-03-27,5629.0
2026-03-30,5689.5
2026-03-31,5578.0
2026-04-01,5494.0
2026-04-02,5538.5
2026-04-03,5502.0
2026-04-06,5576.5
2026-04-07,5591.5
2026-04-08,5448.5
2026-04-09,5442.0
2026-04-10,5392.0
2026-04-13,5440.5
2026-04-14,5414.0
2026-04-15,5410.5
2026-04-16,5368.5
2026-04-17,5308.0
2026-04-20,5392.5
2026-04-21,5479.5
2026-04-22,5465.5
2026-04-23,5490.0
2026-04-24,5476.5
2026-04-27,5553.0
2026-04-28,5540.0
2026-04-29,5478.0
2026-04-30,5518.0
2026-05-04,5217.0
2026-05-05,5209.0
2026-05-06,5124.0
2026-05-07,5072.0
2026-05-08,5156.0
2026-05-11,5200.0
2026-05-12,5271.0
2026-05-13,5222.0
2026-05-14,5131.0
2026-05-15,5127.5
2026-05-18,5218.5
2026-05-19,5208.5
2026-05-20,5119.0
2026-05-21,5201.5
2026-05-22,5128.0
2026-05-25,5035.0
2026-05-26,5009.0
2026-05-27,5019.5
2026-05-28,4977.5
2026-05-29,4883.5
2026-06-01,4906.0
2026-06-02,5010.5
2026-06-03,4905.0
2026-06-04,4853.5
2026-06-05,4825.0
2026-06-08,4760.0
2026-06-09,4697.5
2026-06-10,4731.5
2026-06-11,4723.5
2026-06-15,4776.5
2026-06-16,4512.5
2026-06-17,4530.0
2026-06-18,4406.0
2026-06-19,4377.0
2026-06-22,4060.0
2026-06-23,4273.0
2026-06-24,4109.0
2026-06-25,4132.5
2026-06-26,4365.0
2026-06-29,4562.0
2026-06-30,4552.5
2026-07-01,4529.0
2026-07-02,4263.0
2026-07-03,4254.0
2026-07-06,4273.5
2026-07-07,4376.0
2026-07-08,4554.0
2026-07-09,4391.5
2026-07-10,4381.0
2026-07-13,4452.5
2026-07-14,4438.5
2026-07-15,4368.0
2026-07-16,4115.0
2026-07-17,3998.5
2026-07-20,4316.5
2026-07-21,4326.5
2026-07-22,4543.0
2026-07-23,4646.5
2026-07-24,4717.0
2026-07-27,4630.0
2026-07-28,4623.5
2026-07-29,4750.0
2026-07-30,4597.5
2026-07-31,4630.5
2026-08-03,4603.0
2026-08-04,4568.5
2026-08-05,4612.5
2026-08-06,4651.5
2026-08-07,4621.5
2026-08-10,4709.5
2026-08-11,4706.5
2026-08-12,4664.0
2026-08-13,4528.0
2026-08-14,4302.5
2026-08-17,4221.5
2026-08-18,4288.0
2026-08-19,4269.0
2026-08-20,4185.5
2026-08-21,4252.0
2026-08-24,4126.0
2026-08-25,4256.5
2026-08-26,4162.0
2026-08-27,4309.5
2026-08-28,4580.5
2026-08-31,4711.0
2026-09-01,4716.5
2026-09-02,4786.5
2026-09-03,4994.5
2026-09-04,5049.0
2026-09-07,5134.0
2026-09-08,5225.0
2026-09-09,5195.0
2026-09-10,5321.0
2026-09-11,5269.0
2026-09-14,5496.5
2026-09-15,5484.5
2026-09-16,5337.0
2026-09-17,5206.5
