date,NVTK
2016-09-19,658.4
2016-09-20,639.1
2016-09-21,643.3
2016-09-22,661.0
2016-09-23,665.0
2016-09-26,662.4
2016-09-27,663.8
2016-09-28,670.5
2016-09-29,678.5
2016-09-30,682.5
2016-10-03,674.0
2016-10-04,673.6
2016-10-05,669.0
2016-10-06,667.0
2016-10-07,674.1
2016-10-10,674.5
2016-10-11,681.3
2016-10-12,677.0
2016-10-13,679.0
2016-10-14,677.5
2016-10-17,665.3
2016-10-18,671.1
2016-10-19,668.0
2016-10-20,661.0
2016-10-21,656.0
2016-10-24,654.2
2016-10-25,665.8
2016-10-26,668.9
2016-10-27,668.9
2016-10-28,665.2
2016-10-31,660.8
2016-11-01,653.8
2016-11-02,645.0
2016-11-03,640.0
2016-11-07,652.3
2016-11-08,648.1
2016-11-09,668.0
2016-11-10,686.0
2016-11-11,685.4
2016-11-14,676.5
2016-11-15,679.4
2016-11-16,692.0
2016-11-17,700.9
2016-11-18,704.7
2016-11-21,717.0
2016-11-22,717.4
2016-11-23,727.5
2016-11-24,735.9
2016-11-25,728.5
2016-11-28,724.1
2016-11-29,719.5
2016-11-30,732.0
2016-12-01,731.2
2016-12-02,733.0
2016-12-05,760.0
2016-12-06,761.9
2016-12-07,770.0
2016-12-08,765.0
2016-12-09,768.0
2016-12-12,764.8
2016-12-13,799.4
2016-12-14,792.2
2016-12-15,784.1
2016-12-16,793.0
2016-12-19,787.4
2016-12-20,779.2
2016-12-21,775.1
2016-12-22,770.0
2016-12-23,760.4
2016-12-26,759.3
2016-12-27,775.0
2016-12-28,766.0
2016-12-29,765.5
2016-12-30,791.9
2017-01-03,783.0
2017-01-04,775.0
2017-01-05,756.4
2017-01-06,754.9
2017-01-09,755.4
2017-01-10,766.7
2017-01-11,748.7
2017-01-12,752.4
2017-01-13,739.9
2017-01-16,741.1
2017-01-17,736.8
2017-01-18,732.6
2017-01-19,720.2
2017-01-20,723.3
2017-01-23,704.5
2017-01-24,740.9
2017-01-25,751.7
2017-01-26,769.0
2017-01-27,780.0
2017-01-30,772.8
2017-01-31,759.8
2017-02-01,764.8
2017-02-02,746.0
2017-02-03,763.3
2017-02-06,759.8
2017-02-07,761.1
2017-02-08,755.0
2017-02-09,735.2
2017-02-10,744.2
2017-02-13,756.5
2017-02-14,747.0
2017-02-15,750.0
2017-02-16,756.1
2017-02-17,759.5
2017-02-20,754.9
2017-02-21,779.0
2017-02-22,778.9
2017-02-24,783.0
2017-02-27,757.5
2017-02-28,754.0
2017-03-01,751.7
2017-03-02,739.8
2017-03-03,746.3
2017-03-06,755.0
2017-03-07,746.3
2017-03-09,715.2
2017-03-10,707.3
2017-03-13,721.8
2017-03-14,717.4
2017-03-15,723.2
2017-03-16,722.1
2017-03-17,740.0
2017-03-20,738.1
2017-03-21,742.5
2017-03-22,747.0
2017-03-23,738.6
2017-03-24,736.0
2017-03-27,727.7
2017-03-28,740.6
2017-03-29,729.2
2017-03-30,714.1
2017-03-31,704.9
2017-04-03,701.5
2017-04-04,723.0
2017-04-05,733.3
2017-04-06,736.5
2017-04-07,736.7
2017-04-10,712.7
2017-04-11,710.1
2017-04-12,702.7
2017-04-13,699.9
2017-04-14,685.0
2017-04-17,679.0
2017-04-18,684.4
2017-04-19,678.8
2017-04-20,685.1
2017-04-21,683.7
2017-04-24,689.6
2017-04-25,696.8
2017-04-26,709.5
2017-04-27,697.1
2017-04-28,695.4
2017-05-02,695.7
2017-05-03,687.4
2017-05-04,693.0
2017-05-05,696.0
2017-05-10,692.0
2017-05-11,682.9
2017-05-12,677.0
2017-05-15,684.0
2017-05-16,678.1
2017-05-17,685.2
2017-05-18,677.7
2017-05-19,684.4
2017-05-22,680.0
2017-05-23,681.0
2017-05-24,687.0
2017-05-25,680.1
2017-05-26,658.2
2017-05-29,650.0
2017-05-30,650.6
2017-05-31,641.0
2017-06-01,624.7
2017-06-02,615.0
2017-06-05,609.0
2017-06-06,618.0
2017-06-07,615.0
2017-06-08,624.6
2017-06-09,634.3
2017-06-13,616.1
2017-06-14,622.2
2017-06-15,617.7
2017-06-16,616.9
2017-06-19,626.7
2017-06-20,619.8
2017-06-21,611.0
2017-06-22,624.1
2017-06-23,625.9
2017-06-26,621.9
2017-06-27,634.8
2017-06-28,635.6
2017-06-29,641.7
2017-06-30,645.5
2017-07-03,658.9
2017-07-04,657.7
2017-07-05,651.7
2017-07-06,646.5
2017-07-07,641.0
2017-07-10,638.6
2017-07-11,638.5
2017-07-12,639.3
2017-07-13,633.5
2017-07-14,625.2
2017-07-17,625.0
2017-07-18,617.0
2017-07-19,624.8
2017-07-20,627.6
2017-07-21,617.1
2017-07-24,624.3
2017-07-25,614.0
2017-07-26,612.5
2017-07-27,615.9
2017-07-28,604.9
2017-07-31,607.7
2017-08-01,613.1
2017-08-02,621.4
2017-08-03,617.9
2017-08-04,609.0
2017-08-07,614.1
2017-08-08,624.7
2017-08-09,615.0
2017-08-10,614.0
2017-08-11,613.5
2017-08-14,604.5
2017-08-15,603.9
2017-08-16,599.0
2017-08-17,595.6
2017-08-18,596.7
2017-08-21,605.2
2017-08-22,612.1
2017-08-23,602.1
2017-08-24,602.0
2017-08-25,603.8
2017-08-28,596.0
2017-08-29,594.1
2017-08-30,601.2
2017-08-31,599.3
2017-09-01,596.5
2017-09-04,597.7
2017-09-05,602.0
2017-09-06,599.8
2017-09-07,600.0
2017-09-08,606.2
2017-09-11,600.1
2017-09-12,604.5
2017-09-13,606.0
2017-09-14,606.1
2017-09-15,610.0
2017-09-18,623.0
2017-09-19,627.0
2017-09-20,636.8
2017-09-21,651.5
2017-09-22,645.4
2017-09-25,651.7
2017-09-26,662.3
2017-09-27,660.3
2017-09-28,657.0
2017-09-29,664.0
2017-10-02,660.0
2017-10-03,663.5
2017-10-04,668.4
2017-10-05,680.0
2017-10-06,677.1
2017-10-09,666.1
2017-10-10,666.7
2017-10-11,681.6
2017-10-12,675.3
2017-10-13,669.0
2017-10-16,667.1
2017-10-17,657.7
2017-10-18,664.6
2017-10-19,660.7
2017-10-20,661.8
2017-10-23,664.0
2017-10-24,656.0
2017-10-25,650.7
2017-10-26,647.0
2017-10-27,651.8
2017-10-30,649.0
2017-10-31,651.0
2017-11-01,654.0
2017-11-02,652.0
2017-11-03,651.1
2017-11-07,672.0
2017-11-08,674.2
2017-11-09,674.3
2017-11-10,675.2
2017-11-13,673.5
2017-11-14,675.2
2017-11-15,656.8
2017-11-16,663.5
2017-11-17,658.4
2017-11-20,665.0
2017-11-21,667.0
2017-11-22,671.1
2017-11-23,669.9
2017-11-24,673.3
2017-11-27,661.4
2017-11-28,678.7
2017-11-29,666.4
2017-11-30,650.0
2017-12-01,663.5
2017-12-04,666.0
2017-12-05,669.8
2017-12-06,673.0
2017-12-07,677.1
2017-12-08,668.4
2017-12-11,676.9
2017-12-12,695.0
2017-12-13,690.0
2017-12-14,686.0
2017-12-15,698.0
2017-12-18,688.6
2017-12-19,680.0
2017-12-20,665.1
2017-12-21,674.7
2017-12-22,684.4
2017-12-25,671.8
2017-12-26,671.5
2017-12-27,679.5
2017-12-28,676.0
2017-12-29,677.7
2018-01-03,695.1
2018-01-04,697.3
2018-01-05,701.0
2018-01-09,695.4
2018-01-10,685.4
2018-01-11,687.4
2018-01-12,679.2
2018-01-15,690.4
2018-01-16,686.9
2018-01-17,689.1
2018-01-18,693.0
2018-01-19,700.0
2018-01-22,704.0
2018-01-23,703.9
2018-01-24,709.0
2018-01-25,717.2
2018-01-26,718.6
2018-01-29,714.7
2018-01-30,711.6
2018-01-31,727.7
2018-02-01,732.0
2018-02-02,733.0
2018-02-05,728.0
2018-02-06,729.7
2018-02-07,736.4
2018-02-08,731.0
2018-02-09,714.4
2018-02-12,718.0
2018-02-13,719.1
2018-02-14,730.0
2018-02-15,741.8
2018-02-16,737.6
2018-02-19,729.1
2018-02-20,728.0
2018-02-21,739.9
2018-02-22,735.9
2018-02-26,734.0
2018-02-27,735.0
2018-02-28,710.0
2018-03-01,732.9
2018-03-02,732.0
2018-03-05,736.4
2018-03-06,736.9
2018-03-07,729.3
2018-03-09,737.5
2018-03-12,744.8
2018-03-13,731.6
2018-03-14,726.7
2018-03-15,734.5
2018-03-16,747.1
2018-03-19,757.0
2018-03-20,757.5
2018-03-21,760.4
2018-03-22,748.7
2018-03-23,750.0
2018-03-26,743.1
2018-03-27,752.8
2018-03-28,743.0
2018-03-29,741.9
2018-03-30,737.6
2018-04-02,735.2
2018-04-03,741.0
2018-04-04,753.1
2018-04-05,770.0
2018-04-06,762.3
2018-04-09,710.9
2018-04-10,747.5
2018-04-11,743.4
2018-04-12,739.0
2018-04-13,732.1
2018-04-16,716.0
2018-04-17,728.0
2018-04-18,746.1
2018-04-19,734.1
2018-04-20,738.6
2018-04-23,743.7
2018-04-24,743.7
2018-04-25,740.4
2018-04-26,760.0
2018-04-27,770.8
2018-04-28,766.1
2018-04-30,770.0
2018-05-02,758.2
2018-05-03,748.4
2018-05-04,765.7
2018-05-07,754.0
2018-05-08,754.0
2018-05-10,765.0
2018-05-11,769.5
2018-05-14,774.3
2018-05-15,772.2
2018-05-16,768.3
2018-05-17,770.6
2018-05-18,772.8
2018-05-21,775.1
2018-05-22,770.0
2018-05-23,761.3
2018-05-24,757.2
2018-05-25,808.1
2018-05-28,802.5
2018-05-29,825.4
2018-05-30,821.2
2018-05-31,838.2
2018-06-01,838.4
2018-06-04,841.0
2018-06-05,847.1
2018-06-06,844.4
2018-06-07,848.0
2018-06-08,824.2
2018-06-09,827.1
2018-06-11,828.2
2018-06-13,824.0
2018-06-14,813.8
2018-06-15,804.0
2018-06-18,799.5
2018-06-19,805.0
2018-06-20,847.0
2018-06-21,832.3
2018-06-22,827.8
2018-06-25,829.1
2018-06-26,833.3
2018-06-27,840.9
2018-06-28,845.0
2018-06-29,852.8
2018-07-02,879.3
2018-07-03,879.9
2018-07-04,874.7
2018-07-05,903.7
2018-07-06,907.2
2018-07-09,906.2
2018-07-10,901.3
2018-07-11,909.8
2018-07-12,891.8
2018-07-13,897.2
2018-07-16,898.0
2018-07-17,886.0
2018-07-18,893.0
2018-07-19,890.8
2018-07-20,881.6
2018-07-23,871.0
2018-07-24,875.0
2018-07-25,895.7
2018-07-26,914.5
2018-07-27,920.0
2018-07-30,907.8
2018-07-31,924.4
2018-08-01,930.2
2018-08-02,929.4
2018-08-03,924.9
2018-08-06,926.0
2018-08-07,939.9
2018-08-08,923.6
2018-08-09,933.0
2018-08-10,939.5
2018-08-13,959.1
2018-08-14,987.6
2018-08-15,974.0
2018-08-16,978.8
2018-08-17,977.0
2018-08-20,981.0
2018-08-21,982.0
2018-08-22,998.0
2018-08-23,995.0
2018-08-24,1013.1
2018-08-27,1070.0
2018-08-28,1067.0
2018-08-29,1111.8
2018-08-30,1099.5
2018-08-31,1083.0
2018-09-03,1080.0
2018-09-04,1100.9
2018-09-05,1120.1
2018-09-06,1167.0
2018-09-07,1150.9
2018-09-10,1129.5
2018-09-11,1125.2
2018-09-12,1112.3
2018-09-13,1092.1
2018-09-14,1087.7
2018-09-17,1074.1
2018-09-18,1139.8
2018-09-19,1115.3
2018-09-20,1135.9
2018-09-21,1113.5
2018-09-24,1111.0
2018-09-25,1104.5
2018-09-26,1107.0
2018-09-27,1147.5
2018-09-28,1168.2
2018-10-01,1174.8
2018-10-02,1162.7
2018-10-03,1200.0
2018-10-04,1197.0
2018-10-05,1183.3
2018-10-08,1180.0
2018-10-09,1145.0
2018-10-10,1170.0
2018-10-11,1126.0
2018-10-12,1163.0
2018-10-15,1168.0
2018-10-16,1154.6
2018-10-17,1117.4
2018-10-18,1103.5
2018-10-19,1083.6
2018-10-22,1051.1
2018-10-23,1084.0
2018-10-24,1039.0
2018-10-25,1051.0
2018-10-26,1036.4
2018-10-29,1067.5
2018-10-30,1031.5
2018-10-31,1049.8
2018-11-01,1082.1
2018-11-02,1080.4
2018-11-06,1081.6
2018-11-07,1103.8
2018-11-08,1087.2
2018-11-09,1062.3
2018-11-12,1058.2
2018-11-13,1087.5
2018-11-14,1128.0
2018-11-15,1118.0
2018-11-16,1124.6
2018-11-19,1131.4
2018-11-20,1119.6
2018-11-21,1135.0
2018-11-22,1124.0
2018-11-23,1115.6
2018-11-26,1096.0
2018-11-27,1104.9
2018-11-28,1143.5
2018-11-29,1167.8
2018-11-30,1127.2
2018-12-03,1149.7
2018-12-04,1130.0
2018-12-05,1136.3
2018-12-06,1128.0
2018-12-07,1117.1
2018-12-10,1104.0
2018-12-11,1100.6
2018-12-12,1097.0
2018-12-13,1107.0
2018-12-14,1123.8
2018-12-17,1117.1
2018-12-18,1119.3
2018-12-19,1120.1
2018-12-20,1127.7
2018-12-21,1121.1
2018-12-24,1110.5
2018-12-25,1087.6
2018-12-26,1096.5
2018-12-27,1106.4
2018-12-28,1126.8
2018-12-29,1132.0
2019-01-03,1118.2
2019-01-04,1138.8
2019-01-08,1118.2
2019-01-09,1121.0
2019-01-10,1132.5
2019-01-11,1129.4
2019-01-14,1128.9
2019-01-15,1130.8
2019-01-16,1124.9
2019-01-17,1127.5
2019-01-18,1130.0
2019-01-21,1122.0
2019-01-22,1116.4
2019-01-23,1124.0
2019-01-24,1098.3
2019-01-25,1115.0
2019-01-28,1118.6
2019-01-29,1133.5
2019-01-30,1139.3
2019-01-31,1145.0
2019-02-01,1125.2
2019-02-04,1138.0
2019-02-05,1143.4
2019-02-06,1126.4
2019-02-07,1130.0
2019-02-08,1127.6
2019-02-11,1114.2
2019-02-12,1121.2
2019-02-13,1095.0
2019-02-14,1090.6
2019-02-15,1087.4
2019-02-18,1074.0
2019-02-19,1094.6
2019-02-20,1125.0
2019-02-21,1121.6
2019-02-22,1129.0
2019-02-25,1121.2
2019-02-26,1106.0
2019-02-27,1095.4
2019-02-28,1080.4
2019-03-01,1076.2
2019-03-04,1094.2
2019-03-05,1081.0
2019-03-06,1092.0
2019-03-07,1074.6
2019-03-11,1089.0
2019-03-12,1088.0
2019-03-13,1080.0
2019-03-14,1060.4
2019-03-15,1057.6
2019-03-18,1054.8
2019-03-19,1052.0
2019-03-20,1052.0
2019-03-21,1085.4
2019-03-22,1084.8
2019-03-25,1091.0
2019-03-26,1079.0
2019-03-27,1061.8
2019-03-28,1059.2
2019-03-29,1078.2
2019-04-01,1063.0
2019-04-02,1061.8
2019-04-03,1068.0
2019-04-04,1060.0
2019-04-05,1065.8
2019-04-08,1076.0
2019-04-09,1084.0
2019-04-10,1084.0
2019-04-11,1082.0
2019-04-12,1097.0
2019-04-15,1082.2
2019-04-16,1103.4
2019-04-17,1107.0
2019-04-18,1110.2
2019-04-19,1116.4
2019-04-22,1145.0
2019-04-23,1146.0
2019-04-24,1148.0
2019-04-25,1187.0
2019-04-26,1218.4
2019-04-29,1205.2
2019-04-30,1205.2
2019-05-02,1207.2
2019-05-03,1199.8
2019-05-06,1199.8
2019-05-07,1205.8
2019-05-08,1203.0
2019-05-10,1200.0
2019-05-13,1210.0
2019-05-14,1190.0
2019-05-15,1186.0
2019-05-16,1204.6
2019-05-17,1198.6
2019-05-20,1220.2
2019-05-21,1245.0
2019-05-22,1297.0
2019-05-23,1302.0
2019-05-24,1291.4
2019-05-27,1317.2
2019-05-28,1306.0
2019-05-29,1307.4
2019-05-30,1308.0
2019-05-31,1323.0
2019-06-03,1321.0
2019-06-04,1296.0
2019-06-05,1279.0
2019-06-06,1293.0
2019-06-07,1295.2
2019-06-10,1298.4
2019-06-11,1320.0
2019-06-13,1308.0
2019-06-14,1305.4
2019-06-17,1307.0
2019-06-18,1309.8
2019-06-19,1275.4
2019-06-20,1309.8
2019-06-21,1320.0
2019-06-24,1293.2
2019-06-25,1294.0
2019-06-26,1306.0
2019-06-27,1330.4
2019-06-28,1337.4
2019-07-01,1305.2
2019-07-02,1305.4
2019-07-03,1299.2
2019-07-04,1310.0
2019-07-05,1308.4
2019-07-08,1309.2
2019-07-09,1322.0
2019-07-10,1320.0
2019-07-11,1317.0
2019-07-12,1288.8
2019-07-15,1274.2
2019-07-16,1280.0
2019-07-17,1309.8
2019-07-18,1290.4
2019-07-19,1292.2
2019-07-22,1297.0
2019-07-23,1297.2
2019-07-24,1307.0
2019-07-25,1322.4
2019-07-26,1336.8
2019-07-29,1339.4
2019-07-30,1325.0
2019-07-31,1319.6
2019-08-01,1328.0
2019-08-02,1294.0
2019-08-05,1288.2
2019-08-06,1303.2
2019-08-07,1304.8
2019-08-08,1318.0
2019-08-09,1288.6
2019-08-12,1273.0
2019-08-13,1278.4
2019-08-14,1255.8
2019-08-15,1237.8
2019-08-16,1250.0
2019-08-19,1248.0
2019-08-20,1275.6
2019-08-21,1276.2
2019-08-22,1280.8
2019-08-23,1272.6
2019-08-26,1284.0
2019-08-27,1258.8
2019-08-28,1275.0
2019-08-29,1282.4
2019-08-30,1288.0
2019-09-02,1306.0
2019-09-03,1320.0
2019-09-04,1318.8
2019-09-05,1321.0
2019-09-06,1312.0
2019-09-09,1292.0
2019-09-10,1279.0
2019-09-11,1303.6
2019-09-12,1274.0
2019-09-13,1269.0
2019-09-16,1317.0
2019-09-17,1326.0
2019-09-18,1325.6
2019-09-19,1314.2
2019-09-20,1337.4
2019-09-23,1357.6
2019-09-24,1335.0
2019-09-25,1350.0
2019-09-26,1367.0
2019-09-27,1339.6
2019-09-30,1312.4
2019-10-01,1319.0
2019-10-02,1294.0
2019-10-03,1290.0
2019-10-04,1291.6
2019-10-07,1306.8
2019-10-08,1314.0
2019-10-09,1299.2
2019-10-10,1324.0
2019-10-11,1334.2
2019-10-14,1325.4
2019-10-15,1337.0
2019-10-16,1360.0
2019-10-17,1352.0
2019-10-18,1336.8
2019-10-21,1330.6
2019-10-22,1348.0
2019-10-23,1340.0
2019-10-24,1359.8
2019-10-25,1343.0
2019-10-28,1342.0
2019-10-29,1359.4
2019-10-30,1365.0
2019-10-31,1360.0
2019-11-01,1364.0
2019-11-05,1374.4
2019-11-06,1373.6
2019-11-07,1380.0
2019-11-08,1363.0
2019-11-11,1349.0
2019-11-12,1352.2
2019-11-13,1351.0
2019-11-14,1331.6
2019-11-15,1334.4
2019-11-18,1309.8
2019-11-19,1314.2
2019-11-20,1305.0
2019-11-21,1302.8
2019-11-22,1309.4
2019-11-25,1308.8
2019-11-26,1280.0
2019-11-27,1269.0
2019-11-28,1272.8
2019-11-29,1267.6
2019-12-02,1258.4
2019-12-03,1250.0
2019-12-04,1271.0
2019-12-05,1251.4
2019-12-06,1255.0
2019-12-09,1262.6
2019-12-10,1248.8
2019-12-11,1245.6
2019-12-12,1256.0
2019-12-13,1259.6
2019-12-16,1284.0
2019-12-17,1279.2
2019-12-18,1288.8
2019-12-19,1294.4
2019-12-20,1292.4
2019-12-23,1274.4
2019-12-24,1263.6
2019-12-25,1268.4
2019-12-26,1269.0
2019-12-27,1268.8
2019-12-30,1262.0
2020-01-03,1264.0
2020-01-06,1271.0
2020-01-08,1325.4
2020-01-09,1339.4
2020-01-10,1306.8
2020-01-13,1305.6
2020-01-14,1259.0
2020-01-15,1260.0
2020-01-16,1264.0
2020-01-17,1255.4
2020-01-20,1243.0
2020-01-21,1242.0
2020-01-22,1196.8
2020-01-23,1212.4
2020-01-24,1202.0
2020-01-27,1176.6
2020-01-28,1168.2
2020-01-29,1199.0
2020-01-30,1193.6
2020-01-31,1155.6
2020-02-03,1140.0
2020-02-04,1143.6
2020-02-05,1153.8
2020-02-06,1097.6
2020-02-07,1072.0
2020-02-10,1047.2
2020-02-11,1060.0
2020-02-12,1050.0
2020-02-13,1054.0
2020-02-14,1051.4
2020-02-17,1092.0
2020-02-18,1094.4
2020-02-19,1117.0
2020-02-20,1106.4
2020-02-21,1094.2
2020-02-25,1048.0
2020-02-26,1039.6
2020-02-27,998.4
2020-02-28,964.8
2020-03-02,997.2
2020-03-03,1007.6
2020-03-04,998.0
2020-03-05,988.0
2020-03-06,964.8
2020-03-10,963.0
2020-03-11,916.6
2020-03-12,801.0
2020-03-13,806.0
2020-03-16,824.2
2020-03-17,788.4
2020-03-18,715.8
2020-03-19,832.4
2020-03-20,781.8
2020-03-23,806.0
2020-03-24,864.0
2020-03-25,922.2
2020-03-26,918.2
2020-03-27,869.6
2020-03-30,866.0
2020-03-31,917.6
2020-04-01,891.0
2020-04-02,953.0
2020-04-03,987.0
2020-04-06,1006.2
2020-04-07,1038.0
2020-04-08,1053.8
2020-04-09,1073.0
2020-04-10,1062.6
2020-04-13,1024.0
2020-04-14,1007.2
2020-04-15,952.0
2020-04-16,938.4
2020-04-17,957.8
2020-04-20,971.2
2020-04-21,955.0
2020-04-22,981.4
2020-04-23,976.4
2020-04-24,973.2
2020-04-27,993.8
2020-04-28,1034.2
2020-04-29,1040.2
2020-04-30,1037.2
2020-05-04,1030.0
2020-05-05,1059.8
2020-05-06,1060.0
2020-05-07,1028.0
2020-05-08,1032.0
2020-05-12,1028.0
2020-05-13,1002.6
2020-05-14,1003.0
2020-05-15,1008.2
2020-05-18,1060.0
2020-05-19,1077.0
2020-05-20,1140.0
2020-05-21,1093.0
2020-05-22,1078.4
2020-05-25,1096.0
2020-05-26,1093.0
2020-05-27,1068.0
2020-05-28,1084.0
2020-05-29,1029.6
2020-06-01,1039.2
2020-06-02,1066.0
2020-06-03,1066.8
2020-06-04,1067.6
2020-06-05,1086.4
2020-06-08,1080.0
2020-06-09,1078.0
2020-06-10,1092.0
2020-06-11,1068.4
2020-06-15,1060.0
2020-06-16,1075.4
2020-06-17,1072.2
2020-06-18,1075.2
2020-06-19,1079.0
2020-06-22,1081.4
2020-06-23,1076.2
2020-06-25,1064.0
2020-06-26,1045.0
2020-06-29,1043.8
2020-06-30,1022.0
2020-07-02,1043.0
2020-07-03,1048.6
2020-07-06,1047.4
2020-07-07,1034.4
2020-07-08,1045.4
2020-07-09,1025.8
2020-07-10,1039.0
2020-07-13,1036.4
2020-07-14,1059.4
2020-07-15,1069.8
2020-07-16,1067.2
2020-07-17,1086.8
2020-07-20,1094.0
2020-07-21,1099.0
2020-07-22,1098.4
2020-07-23,1082.4
2020-07-24,1093.0
2020-07-27,1082.0
2020-07-28,1080.0
2020-07-29,1089.6
2020-07-30,1080.8
2020-07-31,1089.4
2020-08-03,1065.8
2020-08-04,1066.4
2020-08-05,1096.2
2020-08-06,1108.4
2020-08-07,1104.8
2020-08-10,1107.4
2020-08-11,1115.0
2020-08-12,1153.4
2020-08-13,1150.0
2020-08-14,1180.2
2020-08-17,1162.6
2020-08-18,1154.4
2020-08-19,1147.2
2020-08-20,1127.8
2020-08-21,1120.6
2020-08-24,1141.4
2020-08-25,1138.0
2020-08-26,1138.4
2020-08-27,1110.4
2020-08-28,1096.4
2020-08-31,1103.0
2020-09-01,1106.0
2020-09-02,1097.0
2020-09-03,1095.0
2020-09-04,1130.4
2020-09-07,1113.6
2020-09-08,1102.8
2020-09-09,1092.0
2020-09-10,1078.0
2020-09-11,1077.8
2020-09-14,1091.2
2020-09-15,1118.2
2020-09-16,1114.4
2020-09-17,1125.0
2020-09-18,1122.0
2020-09-21,1092.0
2020-09-22,1087.6
2020-09-23,1054.0
2020-09-24,1063.0
2020-09-25,1081.4
2020-09-28,1092.0
2020-09-29,1073.2
2020-09-30,1064.0
2020-10-01,1050.4
2020-10-02,1060.4
2020-10-05,1070.6
2020-10-06,1107.2
2020-10-07,1097.6
2020-10-08,1090.6
2020-10-09,1090.8
2020-10-12,1099.8
2020-10-13,1077.0
2020-10-14,1089.0
2020-10-15,1067.0
2020-10-16,1069.6
2020-10-19,1066.8
2020-10-20,1062.2
2020-10-21,1043.2
2020-10-22,1034.6
2020-10-23,1058.6
2020-10-26,1037.8
2020-10-27,1032.0
2020-10-28,991.6
2020-10-29,985.8
2020-10-30,951.4
2020-11-02,1026.0
2020-11-03,1030.8
2020-11-05,1063.0
2020-11-06,1094.4
2020-11-09,1159.0
2020-11-10,1188.2
2020-11-11,1193.0
2020-11-12,1198.0
2020-11-13,1240.8
2020-11-16,1253.0
2020-11-17,1248.2
2020-11-18,1261.4
2020-11-19,1246.8
2020-11-20,1264.0
2020-11-23,1257.2
2020-11-24,1269.6
2020-11-25,1267.6
2020-11-26,1251.0
2020-11-27,1244.2
2020-11-30,1199.4
2020-12-01,1226.4
2020-12-02,1222.6
2020-12-03,1193.2
2020-12-04,1224.2
2020-12-07,1216.6
2020-12-08,1198.4
2020-12-09,1177.8
2020-12-10,1236.8
2020-12-11,1224.2
2020-12-14,1215.0
2020-12-15,1214.8
2020-12-16,1194.0
2020-12-17,1198.0
2020-12-18,1236.8
2020-12-21,1207.8
2020-12-22,1219.4
2020-12-23,1218.6
2020-12-24,1205.0
2020-12-25,1225.0
2020-12-28,1236.8
2020-12-29,1236.0
2020-12-30,1261.4
2021-01-04,1250.4
2021-01-05,1287.4
2021-01-06,1301.2
2021-01-08,1379.2
2021-01-11,1405.4
2021-01-12,1401.0
2021-01-13,1425.6
2021-01-14,1438.0
2021-01-15,1375.8
2021-01-18,1390.4
2021-01-19,1377.2
2021-01-20,1388.6
2021-01-21,1352.0
2021-01-22,1359.2
2021-01-25,1373.0
2021-01-26,1373.8
2021-01-27,1340.8
2021-01-28,1325.0
2021-01-29,1266.8
2021-02-01,1302.8
2021-02-02,1336.0
2021-02-03,1336.8
2021-02-04,1339.4
2021-02-05,1378.2
2021-02-08,1399.8
2021-02-09,1378.0
2021-02-10,1347.0
2021-02-11,1327.4
2021-02-12,1370.0
2021-02-15,1409.8
2021-02-16,1399.0
2021-02-17,1372.0
2021-02-18,1330.4
2021-02-19,1363.0
2021-02-20,1363.0
2021-02-22,1338.6
2021-02-24,1323.0
2021-02-25,1293.4
2021-02-26,1276.0
2021-03-01,1298.6
2021-03-02,1319.0
2021-03-03,1318.8
2021-03-04,1297.0
2021-03-05,1395.0
2021-03-09,1459.4
2021-03-10,1467.2
2021-03-11,1490.4
2021-03-12,1532.0
2021-03-15,1558.6
2021-03-16,1540.2
2021-03-17,1493.6
2021-03-18,1443.0
2021-03-19,1427.8
2021-03-22,1434.6
2021-03-23,1464.4
2021-03-24,1501.0
2021-03-25,1492.8
2021-03-26,1518.6
2021-03-29,1497.6
2021-03-30,1484.0
2021-03-31,1488.2
2021-04-01,1489.0
2021-04-02,1484.6
2021-04-05,1459.6
2021-04-06,1424.0
2021-04-07,1462.4
2021-04-08,1445.0
2021-04-09,1429.4
2021-04-12,1442.6
2021-04-13,1451.2
2021-04-14,1456.8
2021-04-15,1447.6
2021-04-16,1457.4
2021-04-19,1431.0
2021-04-20,1423.4
2021-04-21,1430.8
2021-04-22,1443.6
2021-04-23,1427.2
2021-04-26,1408.8
2021-04-27,1406.4
2021-04-28,1395.8
2021-04-29,1401.0
2021-04-30,1358.0
2021-05-04,1406.2
2021-05-05,1418.6
2021-05-06,1411.0
2021-05-07,1419.6
2021-05-10,1414.0
2021-05-11,1407.0
2021-05-12,1389.4
2021-05-13,1393.4
2021-05-14,1373.2
2021-05-17,1393.2
2021-05-18,1402.2
2021-05-19,1393.0
2021-05-20,1375.0
2021-05-21,1403.6
2021-05-24,1402.6
2021-05-25,1404.8
2021-05-26,1421.2
2021-05-27,1466.0
2021-05-28,1456.0
2021-05-31,1447.6
2021-06-01,1491.0
2021-06-02,1552.8
2021-06-03,1551.0
2021-06-04,1576.8
2021-06-07,1569.0
2021-06-08,1583.4
2021-06-09,1619.8
2021-06-10,1568.4
2021-06-11,1550.6
2021-06-14,1575.2
2021-06-15,1561.6
2021-06-16,1575.4
2021-06-17,1559.0
2021-06-18,1555.4
2021-06-21,1569.6
2021-06-22,1554.8
2021-06-23,1537.4
2021-06-24,1504.0
2021-06-25,1552.0
2021-06-28,1545.2
2021-06-29,1528.2
2021-06-30,1608.0
2021-07-01,1657.8
2021-07-02,1657.0
2021-07-05,1681.2
2021-07-06,1651.0
2021-07-07,1640.0
2021-07-08,1638.6
2021-07-09,1612.4
2021-07-12,1614.8
2021-07-13,1605.0
2021-07-14,1587.0
2021-07-15,1556.2
2021-07-16,1537.0
2021-07-19,1515.4
2021-07-20,1523.8
2021-07-21,1540.2
2021-07-22,1551.6
2021-07-23,1536.8
2021-07-26,1566.0
2021-07-27,1554.4
2021-07-28,1604.6
2021-07-29,1640.2
2021-07-30,1633.8
2021-08-02,1625.8
2021-08-03,1660.0
2021-08-04,1648.4
2021-08-05,1686.4
2021-08-06,1667.6
2021-08-09,1670.0
2021-08-10,1712.8
2021-08-11,1706.0
2021-08-12,1732.8
2021-08-13,1729.8
2021-08-16,1773.4
2021-08-17,1798.2
2021-08-18,1781.2
2021-08-19,1763.6
2021-08-20,1733.0
2021-08-23,1754.6
2021-08-24,1734.6
2021-08-25,1711.0
2021-08-26,1684.8
2021-08-27,1723.8
2021-08-30,1745.6
2021-08-31,1725.2
2021-09-01,1805.4
2021-09-02,1839.4
2021-09-03,1840.4
2021-09-06,1853.8
2021-09-07,1952.0
2021-09-08,1924.0
2021-09-09,1891.0
2021-09-10,1913.0
2021-09-13,1993.0
2021-09-14,1957.2
2021-09-15,1924.8
2021-09-16,1900.6
2021-09-17,1850.0
2021-09-20,1840.0
2021-09-21,1837.0
2021-09-22,1913.6
2021-09-23,1869.0
2021-09-24,1884.6
2021-09-27,1867.0
2021-09-28,1854.2
2021-09-29,1861.0
2021-09-30,1921.0
2021-10-01,1931.8
2021-10-04,1953.0
2021-10-05,1991.6
2021-10-06,1930.4
2021-10-07,1915.8
2021-10-08,1906.4
2021-10-11,1905.0
2021-10-12,1897.6
2021-10-13,1907.0
2021-10-14,1898.2
2021-10-15,1905.6
2021-10-18,1897.0
2021-10-19,1892.2
2021-10-20,1893.6
2021-10-21,1856.0
2021-10-22,1836.6
2021-10-25,1856.4
2021-10-26,1829.6
2021-10-27,1806.8
2021-10-28,1801.0
2021-10-29,1804.8
2021-11-01,1844.0
2021-11-02,1806.0
2021-11-03,1796.6
2021-11-05,1781.8
2021-11-08,1788.8
2021-11-09,1777.2
2021-11-10,1756.2
2021-11-11,1790.0
2021-11-12,1780.2
2021-11-15,1785.0
2021-11-16,1771.8
2021-11-17,1759.8
2021-11-18,1714.8
2021-11-19,1624.0
2021-11-22,1575.8
2021-11-23,1665.2
2021-11-24,1668.0
2021-11-25,1632.0
2021-11-26,1611.2
2021-11-29,1633.6
2021-11-30,1627.6
2021-12-01,1678.8
2021-12-02,1721.8
2021-12-03,1715.0
2021-12-06,1662.2
2021-12-07,1717.8
2021-12-08,1684.2
2021-12-09,1689.0
2021-12-10,1676.6
2021-12-13,1590.6
2021-12-14,1609.6
2021-12-15,1637.8
2021-12-16,1653.0
2021-12-17,1666.2
2021-12-20,1683.6
2021-12-21,1683.2
2021-12-22,1710.2
2021-12-23,1655.8
2021-12-24,1652.6
2021-12-27,1697.6
2021-12-28,1700.0
2021-12-29,1716.8
2021-12-30,1719.4
2022-01-03,1774.4
2022-01-04,1788.6
2022-01-05,1707.8
2022-01-06,1749.0
2022-01-10,1758.6
2022-01-11,1779.8
2022-01-12,1807.4
2022-01-13,1744.2
2022-01-14,1726.0
2022-01-17,1641.8
2022-01-18,1579.6
2022-01-19,1593.6
2022-01-20,1588.4
2022-01-21,1592.8
2022-01-24,1538.0
2022-01-25,1590.0
2022-01-26,1523.4
2022-01-27,1611.8
2022-01-28,1591.4
2022-01-31,1637.2
2022-02-01,1628.4
2022-02-02,1612.0
2022-02-03,1614.8
2022-02-04,1628.4
2022-02-07,1602.0
2022-02-08,1628.2
2022-02-09,1659.0
2022-02-10,1632.0
2022-02-11,1556.6
2022-02-14,1618.8
2022-02-15,1620.0
2022-02-16,1621.4
2022-02-17,1542.8
2022-02-18,1492.8
2022-02-21,1281.8
2022-02-22,1354.0
2022-02-24,1001.4
2022-02-25,1134.0
2022-03-24,1343.6
2022-03-25,1400.0
2022-03-28,1379.0
2022-03-29,1470.0
2022-03-30,1444.0
2022-03-31,1450.0
2022-04-01,1390.0
2022-04-04,1389.2
2022-04-05,1298.0
2022-04-06,1264.0
2022-04-07,1263.0
2022-04-08,1200.6
2022-04-11,1141.6
2022-04-12,1116.2
2022-04-13,1101.4
2022-04-14,1013.0
2022-04-15,1056.0
2022-04-18,1047.8
2022-04-19,1011.0
2022-04-20,1001.2
2022-04-21,998.8
2022-04-22,970.2
2022-04-25,967.2
2022-04-26,1049.0
2022-04-27,1092.0
2022-04-28,1065.0
2022-04-29,1076.0
2022-05-04,1007.0
2022-05-05,1009.2
2022-05-06,989.0
2022-05-11,989.6
2022-05-12,956.0
2022-05-13,971.0
2022-05-16,996.6
2022-05-17,1009.0
2022-05-18,1002.0
2022-05-19,1010.8
2022-05-20,990.8
2022-05-23,962.8
2022-05-24,943.0
2022-05-25,942.0
2022-05-26,977.4
2022-05-27,960.2
2022-05-30,944.6
2022-05-31,910.0
2022-06-01,902.0
2022-06-02,862.4
2022-06-03,817.0
2022-06-06,791.6
2022-06-07,814.6
2022-06-08,812.2
2022-06-09,815.8
2022-06-10,798.0
2022-06-14,799.4
2022-06-15,847.0
2022-06-16,887.2
2022-06-17,875.8
2022-06-20,978.0
2022-06-21,998.0
2022-06-22,1026.0
2022-06-23,1010.0
2022-06-24,1003.0
2022-06-27,1008.0
2022-06-28,1005.8
2022-06-29,1019.0
2022-06-30,1024.0
2022-07-01,1060.2
2022-07-04,1025.0
2022-07-05,970.2
2022-07-06,1009.6
2022-07-07,998.0
2022-07-08,993.0
2022-07-11,968.6
2022-07-12,942.0
2022-07-13,916.2
2022-07-14,926.6
2022-07-15,953.0
2022-07-18,946.6
2022-07-19,928.8
2022-07-20,925.8
2022-07-21,916.0
2022-07-22,944.0
2022-07-25,960.8
2022-07-26,1008.0
2022-07-27,1038.0
2022-07-28,1025.2
2022-07-29,1052.0
2022-08-01,1035.0
2022-08-02,1009.0
2022-08-03,988.0
2022-08-04,1003.6
2022-08-05,975.0
2022-08-08,1009.8
2022-08-09,1021.0
2022-08-10,1039.8
2022-08-11,1020.0
2022-08-12,1036.0
2022-08-15,1065.0
2022-08-16,1100.6
2022-08-17,1095.0
2022-08-18,1090.0
2022-08-19,1085.0
2022-08-22,1150.2
2022-08-23,1135.0
2022-08-24,1146.0
2022-08-25,1140.8
2022-08-26,1156.2
2022-08-29,1158.0
2022-08-30,1147.0
2022-08-31,1133.0
2022-09-01,1149.8
2022-09-02,1148.8
2022-09-05,1197.0
2022-09-06,1163.8
2022-09-07,1178.0
2022-09-08,1157.0
2022-09-09,1160.0
2022-09-12,1187.0
2022-09-13,1179.0
2022-09-14,1175.4
2022-09-15,1190.2
2022-09-16,1180.0
2022-09-19,1171.8
2022-09-20,1044.0
2022-09-21,1009.2
2022-09-22,1016.6
2022-09-23,950.8
2022-09-26,897.6
2022-09-27,984.8
2022-09-28,967.8
2022-09-29,964.8
2022-09-30,969.0
2022-10-03,1013.4
2022-10-04,1007.0
2022-10-05,1000.0
2022-10-06,963.2
2022-10-07,906.4
2022-10-10,960.0
2022-10-11,965.8
2022-10-12,972.8
2022-10-13,981.0
2022-10-14,974.0
2022-10-17,1008.4
2022-10-18,988.4
2022-10-19,995.0
2022-10-20,1003.2
2022-10-21,1007.6
2022-10-24,1006.8
2022-10-25,1036.8
2022-10-26,1041.8
2022-10-27,1078.0
2022-10-28,1106.2
2022-10-31,1104.0
2022-11-01,1109.2
2022-11-02,1102.4
2022-11-03,1108.0
2022-11-07,1140.8
2022-11-08,1134.8
2022-11-09,1105.0
2022-11-10,1124.0
2022-11-11,1113.0
2022-11-14,1118.0
2022-11-15,1084.6
2022-11-16,1109.0
2022-11-17,1099.8
2022-11-18,1092.2
2022-11-21,1075.4
2022-11-22,1073.2
2022-11-23,1089.6
2022-11-24,1078.0
2022-11-25,1065.4
2022-11-28,1037.8
2022-11-29,1039.8
2022-11-30,1040.0
2022-12-01,1055.4
2022-12-02,1046.0
2022-12-05,1045.0
2022-12-06,1035.0
2022-12-07,1036.0
2022-12-08,1048.2
2022-12-09,1042.6
2022-12-12,1040.8
2022-12-13,1035.0
2022-12-14,1029.0
2022-12-15,1006.8
2022-12-16,1016.0
2022-12-19,1010.6
2022-12-20,1053.4
2022-12-21,1061.0
2022-12-22,1049.0
2022-12-23,1048.0
2022-12-26,1052.4
2022-12-27,1052.0
2022-12-28,1051.2
2022-12-29,1064.2
2022-12-30,1078.4
2023-01-03,1072.6
2023-01-04,1060.8
2023-01-05,1053.0
2023-01-06,1052.6
2023-01-09,1051.8
2023-01-10,1039.6
2023-01-11,1044.2
2023-01-12,1040.0
2023-01-13,1042.0
2023-01-16,1050.6
2023-01-17,1042.0
2023-01-18,1031.8
2023-01-19,1014.8
2023-01-20,1027.6
2023-01-23,1024.6
2023-01-24,1020.2
2023-01-25,1018.2
2023-01-26,1017.6
2023-01-27,1022.6
2023-01-30,1022.4
2023-01-31,1029.8
2023-02-01,1026.6
2023-02-02,1027.8
2023-02-03,1030.2
2023-02-06,1098.0
2023-02-07,1089.0
2023-02-08,1074.0
2023-02-09,1072.0
2023-02-10,1083.6
2023-02-13,1073.0
2023-02-14,1058.4
2023-02-15,1026.2
2023-02-16,1030.8
2023-02-17,1031.4
2023-02-20,1033.2
2023-02-21,1045.0
2023-02-22,1045.0
2023-02-24,1042.6
2023-02-27,1066.6
2023-02-28,1065.0
2023-03-01,1073.4
2023-03-02,1056.6
2023-03-03,1072.2
2023-03-06,1077.0
2023-03-07,1074.4
2023-03-09,1073.4
2023-03-10,1064.0
2023-03-13,1061.8
2023-03-14,1059.2
2023-03-15,1048.4
2023-03-16,1064.0
2023-03-17,1074.6
2023-03-20,1122.2
2023-03-21,1126.2
2023-03-22,1128.8
2023-03-23,1138.4
2023-03-24,1141.8
2023-03-27,1172.0
2023-03-28,1160.0
2023-03-29,1156.6
2023-03-30,1153.6
2023-03-31,1155.2
2023-04-03,1167.4
2023-04-04,1198.2
2023-04-05,1203.6
2023-04-06,1202.8
2023-04-07,1228.2
2023-04-10,1248.8
2023-04-11,1219.0
2023-04-12,1240.6
2023-04-13,1260.0
2023-04-14,1296.0
2023-04-17,1317.6
2023-04-18,1311.4
2023-04-19,1294.2
2023-04-20,1317.6
2023-04-21,1321.4
2023-04-24,1313.6
2023-04-25,1314.4
2023-04-26,1313.0
2023-04-27,1320.0
2023-04-28,1340.8
2023-05-02,1270.0
2023-05-03,1223.8
2023-05-04,1229.8
2023-05-05,1222.0
2023-05-08,1215.2
2023-05-10,1270.0
2023-05-11,1269.2
2023-05-12,1270.4
2023-05-15,1300.0
2023-05-16,1293.8
2023-05-17,1295.4
2023-05-18,1278.2
2023-05-19,1263.6
2023-05-22,1267.8
2023-05-23,1294.0
2023-05-24,1312.0
2023-05-25,1295.2
2023-05-26,1305.4
2023-05-29,1307.4
2023-05-30,1309.6
2023-05-31,1298.4
2023-06-01,1293.8
2023-06-02,1340.4
2023-06-05,1309.6
2023-06-06,1347.4
2023-06-07,1334.2
2023-06-08,1339.8
2023-06-09,1355.6
2023-06-13,1385.8
2023-06-14,1372.8
2023-06-15,1388.6
2023-06-16,1378.8
2023-06-19,1377.6
2023-06-20,1359.6
2023-06-21,1364.4
2023-06-22,1346.2
2023-06-23,1317.0
2023-06-26,1322.2
2023-06-27,1332.2
2023-06-28,1322.8
2023-06-29,1326.4
2023-06-30,1335.0
2023-07-03,1322.4
2023-07-04,1316.6
2023-07-05,1322.4
2023-07-06,1363.8
2023-07-07,1396.4
2023-07-10,1403.8
2023-07-11,1418.8
2023-07-12,1445.6
2023-07-13,1423.0
2023-07-14,1440.0
2023-07-17,1468.2
2023-07-18,1485.0
2023-07-19,1479.4
2023-07-20,1464.0
2023-07-21,1481.0
2023-07-24,1476.4
2023-07-25,1472.0
2023-07-26,1494.4
2023-07-27,1496.0
2023-07-28,1500.2
2023-07-31,1519.4
2023-08-01,1525.2
2023-08-02,1556.2
2023-08-03,1602.4
2023-08-04,1577.0
2023-08-07,1593.4
2023-08-08,1594.4
2023-08-09,1592.2
2023-08-10,1639.0
2023-08-11,1658.6
2023-08-14,1624.4
2023-08-15,1622.0
2023-08-16,1598.6
2023-08-17,1607.2
2023-08-18,1644.2
2023-08-21,1665.6
2023-08-22,1681.6
2023-08-23,1642.0
2023-08-24,1674.4
2023-08-25,1676.2
2023-08-28,1681.6
2023-08-29,1682.8
2023-08-30,1688.6
2023-08-31,1684.8
2023-09-01,1688.0
2023-09-04,1698.2
2023-09-05,1703.8
2023-09-06,1690.2
2023-09-07,1663.6
2023-09-08,1641.4
2023-09-11,1622.0
2023-09-12,1670.4
2023-09-13,1646.4
2023-09-14,1640.4
2023-09-15,1656.0
2023-09-18,1636.2
2023-09-19,1599.6
2023-09-20,1625.6
2023-09-21,1596.2
2023-09-22,1625.2
2023-09-25,1605.2
2023-09-26,1628.0
2023-09-27,1647.2
2023-09-28,1664.0
2023-09-29,1666.2
2023-10-02,1698.0
2023-10-03,1706.0
2023-10-04,1698.0
2023-10-05,1710.8
2023-10-06,1719.4
2023-10-09,1756.2
2023-10-10,1717.4
2023-10-11,1690.2
2023-10-12,1703.6
2023-10-13,1708.4
2023-10-16,1729.6
2023-10-17,1728.6
2023-10-18,1730.0
2023-10-19,1723.2
2023-10-20,1708.6
2023-10-23,1688.0
2023-10-24,1679.4
2023-10-25,1695.0
2023-10-26,1682.0
2023-10-27,1678.4
2023-10-30,1681.0
2023-10-31,1661.0
2023-11-01,1659.0
2023-11-02,1639.8
2023-11-03,1608.4
2023-11-06,1644.4
2023-11-07,1634.2
2023-11-08,1623.4
2023-11-09,1612.2
2023-11-10,1618.2
2023-11-13,1623.6
2023-11-14,1594.0
2023-11-15,1566.8
2023-11-16,1538.2
2023-11-17,1536.0
2023-11-20,1545.6
2023-11-21,1539.0
2023-11-22,1525.8
2023-11-23,1511.2
2023-11-24,1514.0
2023-11-27,1510.4
2023-11-28,1509.2
2023-11-29,1493.6
2023-11-30,1510.0
2023-12-01,1500.0
2023-12-04,1505.4
2023-12-05,1542.4
2023-12-06,1505.8
2023-12-07,1515.2
2023-12-08,1531.4
2023-12-11,1491.0
2023-12-12,1496.4
2023-12-13,1507.6
2023-12-14,1460.2
2023-12-15,1494.6
2023-12-18,1501.0
2023-12-19,1531.4
2023-12-20,1531.2
2023-12-21,1478.2
2023-12-22,1489.6
2023-12-25,1478.0
2023-12-26,1476.2
2023-12-27,1450.6
2023-12-28,1448.0
2023-12-29,1463.2
2024-01-03,1484.8
2024-01-04,1479.6
2024-01-05,1480.4
2024-01-08,1487.2
2024-01-09,1489.0
2024-01-10,1513.0
2024-01-11,1505.4
2024-01-12,1500.2
2024-01-15,1492.2
2024-01-16,1474.8
2024-01-17,1475.2
2024-01-18,1466.0
2024-01-19,1457.0
2024-01-22,1444.6
2024-01-23,1431.0
2024-01-24,1447.6
2024-01-25,1435.8
2024-01-26,1423.6
2024-01-29,1435.8
2024-01-30,1434.2
2024-01-31,1439.0
2024-02-01,1445.6
2024-02-02,1443.4
2024-02-05,1494.0
2024-02-06,1477.4
2024-02-07,1469.8
2024-02-08,1438.4
2024-02-09,1425.0
2024-02-12,1408.8
2024-02-13,1422.0
2024-02-14,1411.8
2024-02-15,1409.0
2024-02-16,1409.6
2024-02-19,1388.2
2024-02-20,1379.2
2024-02-21,1358.8
2024-02-22,1337.4
2024-02-26,1351.6
2024-02-27,1375.2
2024-02-28,1346.4
2024-02-29,1349.6
2024-03-01,1348.0
2024-03-04,1337.8
2024-03-05,1343.2
2024-03-06,1385.0
2024-03-07,1389.6
2024-03-11,1396.0
2024-03-12,1417.8
2024-03-13,1406.6
2024-03-14,1399.8
2024-03-15,1400.0
2024-03-18,1404.6
2024-03-19,1370.8
2024-03-20,1369.6
2024-03-21,1360.8
2024-03-22,1346.0
2024-03-25,1365.4
2024-03-26,1316.8
2024-03-27,1304.6
2024-03-28,1318.4
2024-03-29,1312.6
2024-04-01,1316.6
2024-04-02,1283.2
2024-04-03,1287.0
2024-04-04,1297.4
2024-04-05,1283.8
2024-04-08,1283.6
2024-04-09,1274.0
2024-04-10,1277.2
2024-04-11,1283.2
2024-04-12,1283.0
2024-04-15,1301.0
2024-04-16,1292.8
2024-04-17,1283.8
2024-04-18,1279.2
2024-04-19,1276.2
2024-04-22,1264.4
2024-04-23,1249.8
2024-04-24,1251.4
2024-04-25,1239.6
2024-04-26,1236.6
2024-04-27,1229.0
2024-04-29,1228.6
2024-04-30,1235.2
2024-05-02,1231.0
2024-05-03,1231.6
2024-05-06,1221.4
2024-05-07,1239.2
2024-05-08,1227.2
2024-05-10,1229.2
2024-05-13,1239.8
2024-05-14,1227.2
2024-05-15,1222.8
2024-05-16,1224.8
2024-05-17,1221.0
2024-05-20,1195.4
2024-05-21,1176.0
2024-05-22,1184.4
2024-05-23,1164.8
2024-05-24,1120.4
2024-05-27,1130.8
2024-05-28,1113.2
2024-05-29,1117.8
2024-05-30,1085.0
2024-05-31,1084.0
2024-06-03,1073.6
2024-06-04,1076.4
2024-06-05,1057.8
2024-06-06,1038.4
2024-06-07,1034.4
2024-06-10,1026.0
2024-06-11,1078.0
2024-06-13,1047.0
2024-06-14,1089.6
2024-06-17,1065.0
2024-06-18,1033.2
2024-06-19,1056.0
2024-06-20,1054.8
2024-06-21,1040.0
2024-06-24,1043.2
2024-06-25,1056.4
2024-06-26,1056.4
2024-06-27,1048.4
2024-06-28,1091.8
2024-07-01,1097.0
2024-07-02,1134.6
2024-07-03,1101.4
2024-07-04,1088.2
2024-07-05,1096.6
2024-07-08,1082.6
2024-07-09,1062.2
2024-07-10,1013.0
2024-07-11,1045.8
2024-07-12,1024.8
2024-07-15,1003.8
2024-07-16,1021.6
2024-07-17,1034.6
2024-07-18,1074.0
2024-07-19,1085.8
2024-07-22,1102.4
2024-07-23,1086.6
2024-07-24,1085.8
2024-07-25,1090.4
2024-07-26,1067.2
2024-07-29,1020.8
2024-07-30,1048.6
2024-07-31,1043.6
2024-08-01,1029.0
2024-08-02,1018.4
2024-08-05,1005.2
2024-08-06,1010.2
2024-08-07,1012.0
2024-08-08,1018.0
2024-08-09,1015.0
2024-08-12,1035.0
2024-08-13,1055.0
2024-08-14,1035.6
2024-08-15,1029.0
2024-08-16,1008.4
2024-08-19,1019.8
2024-08-20,1006.0
2024-08-21,995.4
2024-08-22,950.4
2024-08-23,924.8
2024-08-26,1011.2
2024-08-27,986.4
2024-08-28,978.8
2024-08-29,997.8
2024-08-30,977.2
2024-09-02,958.0
2024-09-03,952.6
2024-09-04,966.8
2024-09-05,949.2
2024-09-06,964.4
2024-09-09,994.6
2024-09-10,986.0
2024-09-11,964.2
2024-09-12,956.0
2024-09-13,968.6
2024-09-16,985.0
2024-09-17,993.6
2024-09-18,984.8
2024-09-19,997.4
2024-09-20,1002.0
2024-09-23,1001.4
2024-09-24,1040.2
2024-09-25,1023.8
2024-09-26,1015.6
2024-09-27,1025.6
2024-09-30,1004.2
2024-10-01,1007.8
2024-10-02,980.2
2024-10-03,993.6
2024-10-04,999.8
2024-10-07,993.6
2024-10-08,985.8
2024-10-09,976.8
2024-10-10,985.6
2024-10-11,957.8
2024-10-14,969.4
2024-10-15,974.2
2024-10-16,970.6
2024-10-17,958.6
2024-10-18,956.6
2024-10-21,958.4
2024-10-22,960.6
2024-10-23,928.8
2024-10-24,922.0
2024-10-25,903.4
2024-10-28,868.4
2024-10-29,865.4
2024-10-30,862.0
2024-10-31,843.8
2024-11-01,854.6
2024-11-02,868.0
2024-11-05,867.2
2024-11-06,895.2
2024-11-07,923.2
2024-11-08,944.8
2024-11-11,944.6
2024-11-12,927.8
2024-11-13,902.4
2024-11-14,893.8
2024-11-15,917.8
2024-11-18,898.8
2024-11-19,875.0
2024-11-20,847.8
2024-11-21,864.8
2024-11-22,822.8
2024-11-25,822.8
2024-11-26,807.8
2024-11-27,828.0
2024-11-28,816.6
2024-11-29,835.6
2024-12-02,846.2
2024-12-03,824.0
2024-12-04,800.0
2024-12-05,830.4
2024-12-06,833.2
2024-12-09,829.2
2024-12-10,811.6
2024-12-11,810.0
2024-12-12,791.2
2024-12-13,790.2
2024-12-16,767.2
2024-12-17,771.6
2024-12-18,784.8
2024-12-19,814.4
2024-12-20,894.0
2024-12-23,944.0
2024-12-24,915.4
2024-12-25,929.4
2024-12-26,949.8
2024-12-27,949.2
2024-12-28,951.8
2024-12-30,996.0
2025-01-03,963.8
2025-01-06,965.0
2025-01-08,976.6
2025-01-09,930.8
2025-01-10,969.0
2025-01-13,1007.4
2025-01-14,1009.0
2025-01-15,1007.8
2025-01-16,990.2
2025-01-17,1006.0
2025-01-20,974.4
2025-01-21,998.8
2025-01-22,1017.6
2025-01-23,1024.2
2025-01-24,1029.8
2025-01-27,1003.4
2025-01-28,1022.4
2025-01-29,1046.0
2025-01-30,1085.6
2025-01-31,1082.0
2025-02-03,1070.2
2025-02-04,1062.2
2025-02-05,1100.0
2025-02-06,1101.4
2025-02-07,1101.8
2025-02-10,1132.6
2025-02-11,1167.8
2025-02-12,1277.2
2025-02-13,1255.8
2025-02-14,1218.8
2025-02-17,1292.8
2025-02-18,1254.6
2025-02-19,1280.0
2025-02-20,1308.4
2025-02-21,1326.4
2025-02-24,1342.8
2025-02-25,1327.8
2025-02-26,1266.8
2025-02-27,1254.4
2025-02-28,1285.2
2025-03-03,1255.2
2025-03-04,1319.0
2025-03-05,1286.4
2025-03-06,1269.6
2025-03-07,1287.0
2025-03-10,1285.0
2025-03-11,1265.8
2025-03-12,1255.0
2025-03-13,1263.8
2025-03-14,1276.2
2025-03-17,1290.0
2025-03-18,1302.2
2025-03-19,1322.2
2025-03-20,1316.0
2025-03-21,1305.8
2025-03-24,1283.4
2025-03-25,1315.8
2025-03-26,1286.8
2025-03-27,1277.6
2025-03-28,1240.2
2025-03-31,1216.6
2025-04-01,1160.4
2025-04-02,1225.8
2025-04-03,1223.8
2025-04-04,1145.4
2025-04-07,1112.6
2025-04-08,1048.8
2025-04-09,1102.0
2025-04-10,1062.0
2025-04-11,1115.0
2025-04-14,1115.6
2025-04-15,1159.0
2025-04-16,1190.2
2025-04-17,1219.8
2025-04-18,1193.0
2025-04-21,1237.0
2025-04-22,1244.8
2025-04-23,1235.4
2025-04-24,1249.0
2025-04-25,1314.6
2025-04-28,1266.2
2025-04-29,1214.6
2025-04-30,1186.8
2025-05-02,1110.8
2025-05-05,1077.8
2025-05-06,1124.8
2025-05-07,1149.0
2025-05-08,1160.0
2025-05-12,1200.6
2025-05-13,1197.2
2025-05-14,1144.2
2025-05-15,1148.4
2025-05-16,1149.8
2025-05-19,1157.2
2025-05-20,1141.0
2025-05-21,1143.8
2025-05-22,1106.6
2025-05-23,1077.6
2025-05-26,1031.8
2025-05-27,1040.6
2025-05-28,1113.0
2025-05-29,1078.2
2025-05-30,1101.8
2025-06-02,1113.4
2025-06-03,1132.0
2025-06-04,1105.0
2025-06-05,1112.8
2025-06-06,1069.4
2025-06-09,1043.4
2025-06-10,1009.4
2025-06-11,1028.0
2025-06-13,1035.6
2025-06-16,1023.8
2025-06-17,1073.0
2025-06-18,1061.8
2025-06-19,1056.6
2025-06-20,1040.8
2025-06-23,1039.6
2025-06-24,1046.6
2025-06-25,1090.8
2025-06-26,1078.0
2025-06-27,1091.0
2025-06-30,1097.6
2025-07-01,1111.0
2025-07-02,1093.8
2025-07-03,1073.4
2025-07-04,1050.2
2025-07-07,1030.2
2025-07-08,1016.4
2025-07-09,1032.8
2025-07-10,1037.0
2025-07-11,991.4
2025-07-14,1031.2
2025-07-15,1046.8
2025-07-16,1044.2
2025-07-17,1034.0
2025-07-18,1082.0
2025-07-21,1091.6
2025-07-22,1085.0
2025-07-23,1071.4
2025-07-24,1073.2
2025-07-25,1052.8
2025-07-28,1024.8
2025-07-29,1028.0
2025-07-30,1018.8
2025-07-31,1014.2
2025-08-01,1014.0
2025-08-04,1058.2
2025-08-05,1058.6
2025-08-06,1083.8
2025-08-07,1138.0
2025-08-08,1195.8
2025-08-11,1222.0
2025-08-12,1244.0
2025-08-13,1241.2
2025-08-14,1264.4
2025-08-15,1278.8
2025-08-18,1269.8
2025-08-19,1250.6
2025-08-20,1215.0
2025-08-21,1164.0
2025-08-22,1184.8
2025-08-25,1171.2
2025-08-26,1172.0
2025-08-27,1225.2
2025-08-28,1217.0
2025-08-29,1238.4
2025-09-01,1225.6
2025-09-02,1220.0
2025-09-03,1226.8
2025-09-04,1226.6
2025-09-05,1239.8
2025-09-08,1237.4
2025-09-09,1250.8
2025-09-10,1231.0
2025-09-11,1219.4
2025-09-12,1201.0
2025-09-15,1198.8
2025-09-16,1207.2
2025-09-17,1228.0
2025-09-18,1207.2
2025-09-19,1167.2
2025-09-22,1156.0
2025-09-23,1117.2
2025-09-24,1127.6
2025-09-25,1119.4
2025-09-26,1114.2
2025-09-29,1099.4
2025-09-30,1101.8
2025-10-01,1116.8
2025-10-02,1114.8
2025-10-03,1084.0
2025-10-06,1083.2
2025-10-07,1073.6
2025-10-08,1022.2
2025-10-09,1056.6
2025-10-10,1035.6
2025-10-13,1033.8
2025-10-14,1049.6
2025-10-15,1076.4
2025-10-16,1162.0
2025-10-17,1158.4
2025-10-20,1159.6
2025-10-21,1116.4
2025-10-22,1084.4
2025-10-23,1077.2
2025-10-24,1057.6
2025-10-27,1026.6
2025-10-28,1052.2
2025-10-29,1057.6
2025-10-30,1067.2
2025-10-31,1044.8
2025-11-01,1044.8
2025-11-03,1066.0
2025-11-05,1055.4
2025-11-06,1060.2
2025-11-07,1077.8
2025-11-10,1075.8
2025-11-11,1088.8
2025-11-12,1075.0
2025-11-13,1086.4
2025-11-14,1077.4
2025-11-17,1049.6
2025-11-18,1073.0
2025-11-19,1117.8
2025-11-20,1162.0
2025-11-21,1159.4
2025-11-24,1147.0
2025-11-25,1158.8
2025-11-26,1145.4
2025-11-27,1119.2
2025-11-28,1166.4
2025-12-01,1183.0
2025-12-02,1178.0
2025-12-03,1149.2
2025-12-04,1153.6
2025-12-05,1194.4
2025-12-08,1171.6
2025-12-09,1199.6
2025-12-10,1194.8
2025-12-11,1223.0
2025-12-12,1196.4
2025-12-15,1216.0
2025-12-16,1224.4
2025-12-17,1215.8
2025-12-18,1206.0
2025-12-19,1205.0
2025-12-22,1154.6
2025-12-23,1165.0
2025-12-24,1161.2
2025-12-25,1153.8
2025-12-26,1198.2
2025-12-29,1187.0
2025-12-30,1188.0
2026-01-05,1174.0
2026-01-06,1171.8
2026-01-08,1156.6
2026-01-09,1163.6
2026-01-12,1159.6
2026-01-13,1147.4
2026-01-14,1141.8
2026-01-15,1162.8
2026-01-16,1196.0
2026-01-19,1194.2
2026-01-20,1215.8
2026-01-21,1243.0
2026-01-22,1216.0
2026-01-23,1217.0
2026-01-26,1183.0
2026-01-27,1194.4
2026-01-28,1183.2
2026-01-29,1198.4
2026-01-30,1178.0
2026-02-02,1173.4
2026-02-03,1172.6
2026-02-04,1180.4
2026-02-05,1167.0
2026-02-06,1161.5
2026-02-09,1146.0
2026-02-10,1145.9
2026-02-11,1182.7
2026-02-12,1179.2
2026-02-13,1194.9
2026-02-16,1174.6
2026-02-17,1162.9
2026-02-18,1168.9
2026-02-19,1167.9
2026-02-20,1196.2
2026-02-24,1187.4
2026-02-25,1188.9
2026-02-26,1184.6
2026-02-27,1196.0
2026-03-02,1276.2
2026-03-03,1249.9
2026-03-04,1280.5
2026-03-05,1309.7
2026-03-06,1345.0
2026-03-09,1328.3
2026-03-10,1321.0
2026-03-11,1382.9
2026-03-12,1404.0
2026-03-13,1385.5
2026-03-16,1353.7
2026-03-17,1356.1
2026-03-18,1428.8
2026-03-19,1412.0
2026-03-20,1404.0
2026-03-23,1379.4
2026-03-24,1384.1
2026-03-25,1360.9
2026-03-26,1314.0
2026-03-27,1305.7
2026-03-30,1314.4
2026-03-31,1276.0
2026-04-01,1263.5
2026-04-02,1248.4
2026-04-03,1267.7
2026-04-06,1285.8
2026-04-07,1292.3
2026-04-08,1264.8
2026-04-09,1250.0
2026-04-10,1233.3
2026-04-13,1207.5
2026-04-14,1187.8
2026-04-15,1191.9
2026-04-16,1185.1
2026-04-17,1165.4
2026-04-20,1203.0
2026-04-21,1216.5
2026-04-22,1203.0
2026-04-23,1210.5
2026-04-24,1184.0
2026-04-27,1178.5
2026-04-28,1172.5
2026-04-29,1135.5
2026-04-30,1136.2
2026-05-04,1125.7
2026-05-05,1161.8
2026-05-06,1142.4
2026-05-07,1125.3
2026-05-08,1144.9
2026-05-11,1165.1
2026-05-12,1168.3
2026-05-13,1170.1
2026-05-14,1148.9
2026-05-15,1132.3
2026-05-18,1145.9
2026-05-19,1135.6
2026-05-20,1122.0
2026-05-21,1119.4
2026-05-22,1109.6
2026-05-25,1060.0
2026-05-26,1057.0
2026-05-27,1067.9
2026-05-28,1067.6
2026-05-29,1071.0
2026-06-01,1086.3
2026-06-02,1123.0
2026-06-03,1105.8
2026-06-04,1106.9
2026-06-05,1092.5
2026-06-08,1056.6
2026-06-09,1041.2
2026-06-10,1046.4
2026-06-11,1038.3
2026-06-15,1079.4
2026-06-16,1027.1
2026-06-17,1012.5
2026-06-18,999.8
2026-06-19,978.4
2026-06-22,900.9
2026-06-23,949.0
2026-06-24,912.9
2026-06-25,905.9
2026-06-26,932.1
2026-06-29,972.6
2026-06-30,973.1
2026-07-01,971.0
2026-07-02,923.0
2026-07-03,922.1
2026-07-06,899.5
2026-07-07,923.6
2026-07-08,950.6
2026-07-09,919.8
2026-07-10,908.4
2026-07-13,962.6
2026-07-14,966.0
2026-07-15,939.6
2026-07-16,896.2
2026-07-17,873.6
2026-07-20,937.9
2026-07-21,964.0
2026-07-22,988.3
2026-07-23,1001.5
2026-07-24,1019.0
2026-07-27,1000.1
2026-07-28,990.0
2026-07-29,1023.8
2026-07-30,1000.1
2026-07-31,997.9
2026-08-03,1026.1
2026-08-04,1018.9
2026-08-05,1040.3
2026-08-06,1032.2
2026-08-07,1008.1
2026-08-10,1040.1
2026-08-11,1041.5
2026-08-12,1022.4
2026-08-13,980.7
2026-08-14,928.1
2026-08-17,910.4
2026-08-18,957.6
2026-08-19,950.3
2026-08-20,920.2
2026-08-21,945.1
2026-08-24,928.9
2026-08-25,952.7
2026-08-26,921.5
2026-08-27,931.3
2026-08-28,930.2
2026-08-31,965.0
2026-09-01,957.7
2026-09-02,976.0
2026-09-03,1005.1
2026-09-04,1017.2
2026-09-07,1024.8
2026-09-08,1005.7
2026-09-09,979.1
2026-09-10,1042.4
2026-09-11,1032.0
2026-09-14,1066.0
2026-09-15,1052.0
