date,OZON
2020-11-24,3033.0
2020-11-25,2954.0
2020-11-26,2944.0
2020-11-27,3025.0
2020-11-30,3071.0
2020-12-01,3059.5
2020-12-02,3184.0
2020-12-03,3614.5
2020-12-04,3556.0
2020-12-07,3422.0
2020-12-08,3471.0
2020-12-09,3301.0
2020-12-10,3294.0
2020-12-11,3164.5
2020-12-14,3069.0
2020-12-15,3201.0
2020-12-16,3357.0
2020-12-17,3211.5
2020-12-18,3264.5
2020-12-21,3264.0
2020-12-22,3231.0
2020-12-23,3222.0
2020-12-24,3149.0
2020-12-25,3150.5
2020-12-28,3290.0
2020-12-29,3232.0
2020-12-30,3289.5
2021-01-04,3229.5
2021-01-05,3348.5
2021-01-06,3257.0
2021-01-08,3376.5
2021-01-11,3382.0
2021-01-12,3530.5
2021-01-13,3491.0
2021-01-14,3636.5
2021-01-15,3805.5
2021-01-18,3795.0
2021-01-19,3972.0
2021-01-20,4001.0
2021-01-21,4057.0
2021-01-22,3980.0
2021-01-25,4014.5
2021-01-26,3901.0
2021-01-27,3560.5
2021-01-28,3846.0
2021-01-29,3662.0
2021-02-01,3867.5
2021-02-02,4016.0
2021-02-03,4023.0
2021-02-04,4185.5
2021-02-05,4650.0
2021-02-08,4969.0
2021-02-09,4665.0
2021-02-10,4883.0
2021-02-11,4726.5
2021-02-12,4753.0
2021-02-15,4739.0
2021-02-16,4765.0
2021-02-17,4420.0
2021-02-18,4573.5
2021-02-19,4884.5
2021-02-20,4864.0
2021-02-22,4938.0
2021-02-24,4557.5
2021-02-25,4330.0
2021-02-26,4480.0
2021-03-01,4703.5
2021-03-02,4602.0
2021-03-03,4490.5
2021-03-04,4226.5
2021-03-05,4073.0
2021-03-09,3831.0
2021-03-10,3844.0
2021-03-11,4064.0
2021-03-12,4114.0
2021-03-15,4201.0
2021-03-16,4147.5
2021-03-17,4170.0
2021-03-18,4179.0
2021-03-19,4217.0
2021-03-22,4175.0
2021-03-23,4086.0
2021-03-24,3953.0
2021-03-25,3955.0
2021-03-26,3958.0
2021-03-29,4006.0
2021-03-30,4011.0
2021-03-31,4235.0
2021-04-01,4435.0
2021-04-02,4387.5
2021-04-05,4395.0
2021-04-06,4474.0
2021-04-07,4567.0
2021-04-08,4490.0
2021-04-09,4650.5
2021-04-12,4724.0
2021-04-13,4739.0
2021-04-14,4751.0
2021-04-15,4730.5
2021-04-16,4760.0
2021-04-19,4659.0
2021-04-20,4605.0
2021-04-21,4671.0
2021-04-22,4702.0
2021-04-23,4860.0
2021-04-26,4979.0
2021-04-27,4902.0
2021-04-28,4807.0
2021-04-29,4671.0
2021-04-30,4669.5
2021-05-04,4522.0
2021-05-05,4444.0
2021-05-06,4397.0
2021-05-07,4282.5
2021-05-10,4019.5
2021-05-11,4197.0
2021-05-12,4080.0
2021-05-13,4011.0
2021-05-14,4136.0
2021-05-17,4015.5
2021-05-18,3720.0
2021-05-19,3941.0
2021-05-20,4017.0
2021-05-21,4051.5
2021-05-24,4198.0
2021-05-25,4033.5
2021-05-26,4038.0
2021-05-27,3871.5
2021-05-28,3893.0
2021-05-31,3936.0
2021-06-01,3958.5
2021-06-02,4038.0
2021-06-03,3979.5
2021-06-04,4043.0
2021-06-07,4061.0
2021-06-08,4153.0
2021-06-09,4148.0
2021-06-10,4158.0
2021-06-11,4134.5
2021-06-14,4153.5
2021-06-15,4061.0
2021-06-16,4129.0
2021-06-17,4160.5
2021-06-18,4230.0
2021-06-21,4232.5
2021-06-22,4260.5
2021-06-23,4243.5
2021-06-24,4309.5
2021-06-25,4221.5
2021-06-28,4350.5
2021-06-29,4327.5
2021-06-30,4308.0
2021-07-01,4255.0
2021-07-02,4260.0
2021-07-05,4267.0
2021-07-06,4214.5
2021-07-07,4153.0
2021-07-08,4099.0
2021-07-09,4129.0
2021-07-12,4079.0
2021-07-13,4009.0
2021-07-14,4026.0
2021-07-15,3990.5
2021-07-16,3989.5
2021-07-19,3997.0
2021-07-20,4007.0
2021-07-21,3971.0
2021-07-22,3966.5
2021-07-23,3950.5
2021-07-26,3874.5
2021-07-27,3818.0
2021-07-28,3881.0
2021-07-29,3888.0
2021-07-30,3818.0
2021-08-02,3831.5
2021-08-03,3822.0
2021-08-04,3804.0
2021-08-05,3795.0
2021-08-06,3849.5
2021-08-09,3936.0
2021-08-10,3847.0
2021-08-11,3831.0
2021-08-12,3909.5
2021-08-13,3820.5
2021-08-16,3829.5
2021-08-17,3831.5
2021-08-18,3839.5
2021-08-19,3734.0
2021-08-20,3656.0
2021-08-23,3738.0
2021-08-24,3939.0
2021-08-25,3901.0
2021-08-26,3906.5
2021-08-27,3890.0
2021-08-30,3893.5
2021-08-31,3850.0
2021-09-01,3863.5
2021-09-02,3799.0
2021-09-03,3806.5
2021-09-06,3791.0
2021-09-07,3810.0
2021-09-08,3769.5
2021-09-09,3641.5
2021-09-10,3694.5
2021-09-13,3708.0
2021-09-14,3694.5
2021-09-15,3791.0
2021-09-16,3796.0
2021-09-17,3729.5
2021-09-20,3693.5
2021-09-21,3680.5
2021-09-22,3708.0
2021-09-23,3770.0
2021-09-24,3687.5
2021-09-27,3701.0
2021-09-28,3641.5
2021-09-29,3648.5
2021-09-30,3675.0
2021-10-01,3627.0
2021-10-04,3513.5
2021-10-05,3507.0
2021-10-06,3531.0
2021-10-07,3545.0
2021-10-08,3545.0
2021-10-11,3484.5
2021-10-12,3368.0
2021-10-13,3345.0
2021-10-14,3301.0
2021-10-15,3364.0
2021-10-18,3490.5
2021-10-19,3474.0
2021-10-20,3417.5
2021-10-21,3389.5
2021-10-22,3307.0
2021-10-25,3348.5
2021-10-26,3246.5
2021-10-27,3268.5
2021-10-28,3285.0
2021-10-29,3190.0
2021-11-01,3236.5
2021-11-02,3191.5
2021-11-03,3219.0
2021-11-05,3139.5
2021-11-08,3174.0
2021-11-09,3151.0
2021-11-10,3139.0
2021-11-11,3096.0
2021-11-12,3085.0
2021-11-15,3145.0
2021-11-16,3113.0
2021-11-17,3201.5
2021-11-18,3471.0
2021-11-19,3365.5
2021-11-22,3179.5
2021-11-23,3098.5
2021-11-24,3055.5
2021-11-25,3077.0
2021-11-26,3028.5
2021-11-29,3041.0
2021-11-30,2993.5
2021-12-01,3012.0
2021-12-02,2888.5
2021-12-03,2681.5
2021-12-06,2665.0
2021-12-07,2698.0
2021-12-08,2694.5
2021-12-09,2622.0
2021-12-10,2528.0
2021-12-13,2446.5
2021-12-14,2350.0
2021-12-15,2290.0
2021-12-16,2404.5
2021-12-17,2413.0
2021-12-20,2249.0
2021-12-21,2300.5
2021-12-22,2294.0
2021-12-23,2252.0
2021-12-24,2263.0
2021-12-27,2290.5
2021-12-28,2242.5
2021-12-29,2189.0
2021-12-30,2316.5
2022-01-03,2238.5
2022-01-04,2209.0
2022-01-05,2029.5
2022-01-06,2061.0
2022-01-10,2008.5
2022-01-11,2054.0
2022-01-12,2073.5
2022-01-13,1877.0
2022-01-14,1757.5
2022-01-17,1812.5
2022-01-18,1667.0
2022-01-19,1574.5
2022-01-20,1500.0
2022-01-21,1399.0
2022-01-24,1335.0
2022-01-25,1362.5
2022-01-26,1340.0
2022-01-27,1422.5
2022-01-28,1393.5
2022-01-31,1606.5
2022-02-01,1639.5
2022-02-02,1660.5
2022-02-03,1516.0
2022-02-04,1538.0
2022-02-07,1501.0
2022-02-08,1598.0
2022-02-09,1646.0
2022-02-10,1631.0
2022-02-11,1487.0
2022-02-14,1475.5
2022-02-15,1669.0
2022-02-16,1715.0
2022-02-17,1590.0
2022-02-18,1478.0
2022-02-21,1259.5
2022-02-22,1394.5
2022-02-24,1000.0
2022-02-25,1005.5
2022-03-29,940.0
2022-03-30,1070.0
2022-03-31,1425.0
2022-04-01,1418.0
2022-04-04,1397.0
2022-04-05,1298.0
2022-04-06,1215.0
2022-04-07,1219.5
2022-04-08,1177.0
2022-04-11,1126.5
2022-04-12,1094.0
2022-04-13,1103.0
2022-04-14,1060.5
2022-04-15,1020.5
2022-04-18,977.0
2022-04-19,1017.5
2022-04-20,1064.0
2022-04-21,1053.0
2022-04-22,1000.0
2022-04-25,937.0
2022-04-26,937.5
2022-04-27,1036.5
2022-04-28,1015.0
2022-04-29,1022.0
2022-05-04,984.0
2022-05-05,965.0
2022-05-06,941.5
2022-05-11,930.5
2022-05-12,880.0
2022-05-13,880.0
2022-05-16,899.0
2022-05-17,941.5
2022-05-18,968.0
2022-05-19,937.0
2022-05-20,940.0
2022-05-23,938.0
2022-05-24,931.0
2022-05-25,938.0
2022-05-26,959.0
2022-05-27,929.0
2022-05-30,895.0
2022-05-31,908.0
2022-06-01,904.0
2022-06-02,894.0
2022-06-03,838.0
2022-06-06,777.0
2022-06-07,776.5
2022-06-08,831.5
2022-06-09,795.0
2022-06-10,771.0
2022-06-14,776.5
2022-06-15,825.0
2022-06-16,880.0
2022-06-17,852.0
2022-06-20,874.0
2022-06-21,868.0
2022-06-22,842.0
2022-06-23,870.0
2022-06-24,859.0
2022-06-27,913.0
2022-06-28,903.5
2022-06-29,887.5
2022-06-30,844.5
2022-07-01,855.0
2022-07-04,859.0
2022-07-05,864.0
2022-07-06,876.0
2022-07-07,1019.0
2022-07-08,1006.0
2022-07-11,1050.0
2022-07-12,1075.0
2022-07-13,1037.0
2022-07-14,1039.5
2022-07-15,1066.5
2022-07-18,1164.0
2022-07-19,1173.5
2022-07-20,1221.0
2022-07-21,1206.0
2022-07-22,1222.0
2022-07-25,1361.5
2022-07-26,1439.0
2022-07-27,1433.0
2022-07-28,1442.5
2022-07-29,1383.5
2022-08-01,1301.0
2022-08-02,1204.5
2022-08-03,1197.0
2022-08-04,1360.0
2022-08-05,1296.0
2022-08-08,1355.0
2022-08-09,1354.5
2022-08-10,1389.5
2022-08-11,1420.0
2022-08-12,1399.0
2022-08-15,1395.5
2022-08-16,1382.0
2022-08-17,1384.5
2022-08-18,1381.0
2022-08-19,1377.0
2022-08-22,1404.0
2022-08-23,1516.5
2022-08-24,1471.5
2022-08-25,1510.0
2022-08-26,1502.0
2022-08-29,1496.0
2022-08-30,1478.0
2022-08-31,1479.5
2022-09-01,1519.0
2022-09-02,1507.5
2022-09-05,1523.0
2022-09-06,1443.5
2022-09-07,1457.0
2022-09-08,1428.0
2022-09-09,1410.5
2022-09-12,1440.0
2022-09-13,1443.5
2022-09-14,1436.0
2022-09-15,1448.5
2022-09-16,1464.5
2022-09-19,1488.0
2022-09-20,1325.5
2022-09-21,1236.0
2022-09-22,1254.0
2022-09-23,1171.0
2022-09-26,987.5
2022-09-27,1086.5
2022-09-28,1070.0
2022-09-29,1030.5
2022-09-30,1051.0
2022-10-03,1184.5
2022-10-04,1192.0
2022-10-05,1185.5
2022-10-06,1158.0
2022-10-07,1112.5
2022-10-10,1190.0
2022-10-11,1217.0
2022-10-12,1214.0
2022-10-13,1195.0
2022-10-14,1196.5
2022-10-17,1279.5
2022-10-18,1232.5
2022-10-19,1239.5
2022-10-20,1245.5
2022-10-21,1257.5
2022-10-24,1249.0
2022-10-25,1339.0
2022-10-26,1328.0
2022-10-27,1318.5
2022-10-28,1323.5
2022-10-31,1338.0
2022-11-01,1383.5
2022-11-02,1341.5
2022-11-03,1346.0
2022-11-07,1397.5
2022-11-08,1396.0
2022-11-09,1408.0
2022-11-10,1438.0
2022-11-11,1447.0
2022-11-14,1518.5
2022-11-15,1445.5
2022-11-16,1497.5
2022-11-17,1488.5
2022-11-18,1486.5
2022-11-21,1447.5
2022-11-22,1448.0
2022-11-23,1446.0
2022-11-24,1445.0
2022-11-25,1423.5
2022-11-28,1403.0
2022-11-29,1420.0
2022-11-30,1419.0
2022-12-01,1433.5
2022-12-02,1426.5
2022-12-05,1459.5
2022-12-06,1450.0
2022-12-07,1455.0
2022-12-08,1431.5
2022-12-09,1428.5
2022-12-12,1422.5
2022-12-13,1420.0
2022-12-14,1386.0
2022-12-15,1361.5
2022-12-16,1371.0
2022-12-19,1330.0
2022-12-20,1397.5
2022-12-21,1404.5
2022-12-22,1421.5
2022-12-23,1388.0
2022-12-26,1383.5
2022-12-27,1407.5
2022-12-28,1388.5
2022-12-29,1412.0
2022-12-30,1402.0
2023-01-03,1438.0
2023-01-04,1436.0
2023-01-05,1439.0
2023-01-06,1424.5
2023-01-09,1429.5
2023-01-10,1429.5
2023-01-11,1490.0
2023-01-12,1498.0
2023-01-13,1510.5
2023-01-16,1582.0
2023-01-17,1542.0
2023-01-18,1552.5
2023-01-19,1546.0
2023-01-20,1563.0
2023-01-23,1625.0
2023-01-24,1606.0
2023-01-25,1638.0
2023-01-26,1629.5
2023-01-27,1654.5
2023-01-30,1699.5
2023-01-31,1710.0
2023-02-01,1709.0
2023-02-02,1694.0
2023-02-03,1685.0
2023-02-06,1714.0
2023-02-07,1701.0
2023-02-08,1679.0
2023-02-09,1664.0
2023-02-10,1674.5
2023-02-13,1665.5
2023-02-14,1633.0
2023-02-15,1578.5
2023-02-16,1581.0
2023-02-17,1582.5
2023-02-20,1556.5
2023-02-21,1628.0
2023-02-22,1623.0
2023-02-24,1656.0
2023-02-27,1673.5
2023-02-28,1676.0
2023-03-01,1669.0
2023-03-02,1646.5
2023-03-03,1678.5
2023-03-06,1701.5
2023-03-07,1687.5
2023-03-09,1667.5
2023-03-10,1659.0
2023-03-13,1666.5
2023-03-14,1712.5
2023-03-15,1678.0
2023-03-16,1655.0
2023-03-17,1690.0
2023-03-20,1684.0
2023-03-21,1675.0
2023-03-22,1661.0
2023-03-23,1672.5
2023-03-24,1667.0
2023-03-27,1740.0
2023-03-28,1748.0
2023-03-29,1737.5
2023-03-30,1789.0
2023-03-31,1781.0
2023-04-03,1838.0
2023-04-04,1792.0
2023-04-05,1828.5
2023-04-06,1753.5
2023-04-07,1747.5
2023-04-10,1775.0
2023-04-11,1719.0
2023-04-12,1716.5
2023-04-13,1692.5
2023-04-14,1683.0
2023-04-17,1723.5
2023-04-18,1713.0
2023-04-19,1689.5
2023-04-20,1703.0
2023-04-21,1752.5
2023-04-24,1736.0
2023-04-25,1736.0
2023-04-26,1719.5
2023-04-27,1719.0
2023-04-28,1704.0
2023-05-02,1691.5
2023-05-03,1620.0
2023-05-04,1642.5
2023-05-05,1609.0
2023-05-08,1575.5
2023-05-10,1662.0
2023-05-11,1649.0
2023-05-12,1662.0
2023-05-15,1687.5
2023-05-16,1712.5
2023-05-17,1692.5
2023-05-18,1689.0
2023-05-19,1717.5
2023-05-22,1741.0
2023-05-23,1742.0
2023-05-24,1801.0
2023-05-25,1801.0
2023-05-26,1790.0
2023-05-29,1803.5
2023-05-30,1744.5
2023-05-31,1757.5
2023-06-01,1764.5
2023-06-02,1780.0
2023-06-05,1742.5
2023-06-06,1822.0
2023-06-07,1946.5
2023-06-08,1949.0
2023-06-09,1949.5
2023-06-13,2005.0
2023-06-14,2032.5
2023-06-15,2025.0
2023-06-16,2013.0
2023-06-19,2025.0
2023-06-20,2005.0
2023-06-21,2042.0
2023-06-22,2012.0
2023-06-23,1948.5
2023-06-26,1955.0
2023-06-27,1974.0
2023-06-28,1978.0
2023-06-29,1974.0
2023-06-30,1970.0
2023-07-03,1936.5
2023-07-04,1922.5
2023-07-05,1959.5
2023-07-06,1965.0
2023-07-07,1964.0
2023-07-10,1970.5
2023-07-11,2034.0
2023-07-12,2036.5
2023-07-13,2030.5
2023-07-14,2039.0
2023-07-17,2115.0
2023-07-18,2110.5
2023-07-19,2088.5
2023-07-20,2072.0
2023-07-21,2108.5
2023-07-24,2239.0
2023-07-25,2355.5
2023-07-26,2421.5
2023-07-27,2407.0
2023-07-28,2434.0
2023-07-31,2434.0
2023-08-01,2419.0
2023-08-02,2423.5
2023-08-03,2679.0
2023-08-04,2636.5
2023-08-07,2604.5
2023-08-08,2720.0
2023-08-09,2699.0
2023-08-10,2769.5
2023-08-11,2769.5
2023-08-14,2660.0
2023-08-15,2711.5
2023-08-16,2651.0
2023-08-17,2710.0
2023-08-18,2784.0
2023-08-21,2840.0
2023-08-22,2960.5
2023-08-23,2830.0
2023-08-24,2882.0
2023-08-25,2865.0
2023-08-28,2890.0
2023-08-29,2873.5
2023-08-30,2852.0
2023-08-31,2829.0
2023-09-01,2816.0
2023-09-04,2867.0
2023-09-05,2865.5
2023-09-06,2835.0
2023-09-07,2746.0
2023-09-08,2739.0
2023-09-11,2607.0
2023-09-12,2774.0
2023-09-13,2710.0
2023-09-14,2688.0
2023-09-15,2770.0
2023-09-18,2722.0
2023-09-19,2639.5
2023-09-20,2600.0
2023-09-21,2479.5
2023-09-22,2586.0
2023-09-25,2540.0
2023-09-26,2579.5
2023-09-27,2675.0
2023-09-28,2691.0
2023-09-29,2636.0
2023-10-02,2612.5
2023-10-03,2624.0
2023-10-04,2606.0
2023-10-05,2624.5
2023-10-06,2654.0
2023-10-09,2652.5
2023-10-10,2720.0
2023-10-11,2670.0
2023-10-12,2713.0
2023-10-13,2728.0
2023-10-16,2739.5
2023-10-17,2738.0
2023-10-18,2732.5
2023-10-19,2783.0
2023-10-20,2757.0
2023-10-23,2740.0
2023-10-24,2710.0
2023-10-25,2734.0
2023-10-26,2691.5
2023-10-27,2680.0
2023-10-30,2646.5
2023-10-31,2598.0
2023-11-01,2616.0
2023-11-02,2630.5
2023-11-03,2623.0
2023-11-06,2642.5
2023-11-07,2675.0
2023-11-08,2678.5
2023-11-09,2681.0
2023-11-10,2645.0
2023-11-13,2693.5
2023-11-14,2642.0
2023-11-15,2707.5
2023-11-16,2751.0
2023-11-17,2756.0
2023-11-20,2853.0
2023-11-21,2990.5
2023-11-22,2975.0
2023-11-23,2944.0
2023-11-24,2895.0
2023-11-27,2901.0
2023-11-28,2868.0
2023-11-29,2903.0
2023-11-30,2828.0
2023-12-01,2756.5
2023-12-04,2707.0
2023-12-05,2737.5
2023-12-06,2697.5
2023-12-07,2640.0
2023-12-08,2673.0
2023-12-11,2510.0
2023-12-12,2566.5
2023-12-13,2617.0
2023-12-14,2539.0
2023-12-15,2630.5
2023-12-18,2700.5
2023-12-19,2695.0
2023-12-20,2678.0
2023-12-21,2633.0
2023-12-22,2632.0
2023-12-25,2662.0
2023-12-26,2661.5
2023-12-27,2688.5
2023-12-28,2799.0
2023-12-29,2804.5
2024-01-03,2825.5
2024-01-04,2819.5
2024-01-05,2805.0
2024-01-08,2819.5
2024-01-09,2874.0
2024-01-10,2907.0
2024-01-11,2938.5
2024-01-12,2931.0
2024-01-15,3035.0
2024-01-16,2920.5
2024-01-17,2917.0
2024-01-18,2829.0
2024-01-19,2827.5
2024-01-22,2847.0
2024-01-23,2794.5
2024-01-24,2793.5
2024-01-25,2785.0
2024-01-26,2836.0
2024-01-29,2886.0
2024-01-30,2911.5
2024-01-31,2909.5
2024-02-01,2899.0
2024-02-02,2878.5
2024-02-05,2887.0
2024-02-06,2868.0
2024-02-07,2877.5
2024-02-08,2814.5
2024-02-09,2837.0
2024-02-12,2994.5
2024-02-13,3154.5
2024-02-14,3086.0
2024-02-15,3140.5
2024-02-16,3128.0
2024-02-19,3114.5
2024-02-20,3088.0
2024-02-21,3035.0
2024-02-22,3059.5
2024-02-26,3133.0
2024-02-27,3169.5
2024-02-28,3133.5
2024-02-29,3216.0
2024-03-01,3270.0
2024-03-04,3397.5
2024-03-05,3334.0
2024-03-06,3309.5
2024-03-07,3335.0
2024-03-11,3315.0
2024-03-12,3291.5
2024-03-13,3291.5
2024-03-14,3237.5
2024-03-15,3302.0
2024-03-18,3365.0
2024-03-19,3390.0
2024-03-20,3509.5
2024-03-21,3540.5
2024-03-22,3449.0
2024-03-25,3542.5
2024-03-26,3630.5
2024-03-27,3702.5
2024-03-28,3794.0
2024-03-29,3789.0
2024-04-01,3874.5
2024-04-02,3845.5
2024-04-03,3788.0
2024-04-04,3858.0
2024-04-05,3866.5
2024-04-08,3838.0
2024-04-09,3751.5
2024-04-10,3797.0
2024-04-11,3753.0
2024-04-12,3713.0
2024-04-15,3831.5
2024-04-16,3848.0
2024-04-17,3882.5
2024-04-18,3990.0
2024-04-19,4086.0
2024-04-22,4169.0
2024-04-23,4090.0
2024-04-24,4007.5
2024-04-25,4164.5
2024-04-26,4227.5
2024-04-27,4256.5
2024-04-29,4358.5
2024-04-30,4364.0
2024-05-02,4316.0
2024-05-03,4352.0
2024-05-06,4443.0
2024-05-07,4577.5
2024-05-08,4530.0
2024-05-10,4489.0
2024-05-13,4600.0
2024-05-14,4574.0
2024-05-15,4544.0
2024-05-16,4511.5
2024-05-17,4628.0
2024-05-20,4642.0
2024-05-21,4620.5
2024-05-22,4673.0
2024-05-23,4641.0
2024-05-24,4532.0
2024-05-27,4355.0
2024-05-28,4440.5
2024-05-29,4425.0
2024-05-30,4285.5
2024-05-31,4154.5
2024-06-03,4106.5
2024-06-04,4401.5
2024-06-05,4400.0
2024-06-06,4408.0
2024-06-07,4631.0
2024-06-10,4540.0
2024-06-11,4556.0
2024-06-13,4500.0
2024-06-14,4509.5
2024-06-17,4455.5
2024-06-18,4235.5
2024-06-19,4064.5
2024-06-20,4260.0
2024-06-21,4349.5
2024-06-24,4291.0
2024-06-25,4328.5
2024-06-26,4319.0
2024-06-27,4271.0
2024-06-28,4308.0
2024-07-01,4305.0
2024-07-02,4225.0
2024-07-03,4125.0
2024-07-04,4017.0
2024-07-05,4090.5
2024-07-08,3999.5
2024-07-09,3778.0
2024-07-10,3514.0
2024-07-11,3842.0
2024-07-12,3841.5
2024-07-15,3683.0
2024-07-16,3887.0
2024-07-17,3827.0
2024-07-18,3900.0
2024-07-19,3941.0
2024-07-22,3976.0
2024-07-23,3920.0
2024-07-24,3987.5
2024-07-25,3985.0
2024-07-26,3828.5
2024-07-29,3709.0
2024-07-30,3768.0
2024-07-31,3860.0
2024-08-01,3754.0
2024-08-02,3732.5
2024-08-05,3580.0
2024-08-06,3639.5
2024-08-07,3694.5
2024-08-08,3639.0
2024-08-09,3663.5
2024-08-12,3655.0
2024-08-13,3666.0
2024-08-14,3615.0
2024-08-15,3519.5
2024-08-16,3445.0
2024-08-19,3399.5
2024-08-20,3350.0
2024-08-21,3428.0
2024-08-22,3332.0
2024-08-23,3300.0
2024-08-26,3382.5
2024-08-27,3304.5
2024-08-28,3183.0
2024-08-29,3178.0
2024-08-30,3011.0
2024-09-02,2854.5
2024-09-03,2918.0
2024-09-04,3116.5
2024-09-05,3117.0
2024-09-06,3150.0
2024-09-09,3367.0
2024-09-10,3251.0
2024-09-11,3157.5
2024-09-12,3120.0
2024-09-13,3290.0
2024-09-16,3342.5
2024-09-17,3405.5
2024-09-18,3290.0
2024-09-19,3320.0
2024-09-20,3361.0
2024-09-23,3479.0
2024-09-24,3448.5
2024-09-25,3341.0
2024-09-26,3259.5
2024-09-27,3380.0
2024-09-30,3298.0
2024-10-01,3281.0
2024-10-02,3182.0
2024-10-03,3196.0
2024-10-04,3201.5
2024-10-07,3180.0
2024-10-08,3118.0
2024-10-09,3056.5
2024-10-10,3037.5
2024-10-11,3020.0
2024-10-14,3092.5
2024-10-15,3138.0
2024-10-16,3080.5
2024-10-17,3054.0
2024-10-18,3076.0
2024-10-21,3031.0
2024-10-22,3029.5
2024-10-23,2980.5
2024-10-24,3015.0
2024-10-25,2873.0
2024-10-28,2747.5
2024-10-29,2760.5
2024-10-30,2686.0
2024-10-31,2659.5
2024-11-01,2675.5
2024-11-02,2668.5
2024-11-05,2729.0
2024-11-06,2892.0
2024-11-07,3048.5
2024-11-08,3288.0
2024-11-11,3244.5
2024-11-12,3206.0
2024-11-13,3268.5
2024-11-14,3307.5
2024-11-15,3458.5
2024-11-18,3342.0
2024-11-19,3242.5
2024-11-20,3147.0
2024-11-21,3107.5
2024-11-22,3077.5
2024-11-25,2801.5
2024-11-26,2739.0
2024-11-27,2968.5
2024-11-28,2953.0
2024-11-29,2934.0
2024-12-02,2871.5
2024-12-03,2730.5
2024-12-04,2674.5
2024-12-05,2815.0
2024-12-06,2878.0
2024-12-09,2872.5
2024-12-10,2775.5
2024-12-11,2819.0
2024-12-12,2662.0
2024-12-13,2668.0
2024-12-16,2546.0
2024-12-17,2574.0
2024-12-18,2590.0
2024-12-19,2494.0
2024-12-20,2830.0
2024-12-23,2988.0
2024-12-24,2935.0
2024-12-25,3002.0
2024-12-26,3100.0
2024-12-27,3070.0
2024-12-28,3124.5
2024-12-30,3301.0
2025-01-03,3193.5
2025-01-06,3169.0
2025-01-08,3152.5
2025-01-09,3069.5
2025-01-10,3192.0
2025-01-13,3160.0
2025-01-14,3170.0
2025-01-15,3190.0
2025-01-16,3273.0
2025-01-17,3485.0
2025-01-20,3357.0
2025-01-21,3468.0
2025-01-22,3422.0
2025-01-23,3563.5
2025-01-24,3511.5
2025-01-27,3429.0
2025-01-28,3510.5
2025-01-29,3492.0
2025-01-30,3619.5
2025-01-31,3514.0
2025-02-03,3529.0
2025-02-04,3448.0
2025-02-05,3585.0
2025-02-06,3584.0
2025-02-07,3560.5
2025-02-10,3615.0
2025-02-11,3717.5
2025-02-12,4002.0
2025-02-13,3914.5
2025-02-14,3864.5
2025-02-17,4102.0
2025-02-18,3915.0
2025-02-19,4032.5
2025-02-20,3989.5
2025-02-21,4081.0
2025-02-24,4110.0
2025-02-25,4191.5
2025-02-26,4094.0
2025-02-27,3962.5
2025-02-28,3949.5
2025-03-03,3915.5
2025-03-04,4065.0
2025-03-05,4030.0
2025-03-06,4019.0
2025-03-07,4011.0
2025-03-10,3964.5
2025-03-11,4024.5
2025-03-12,3988.5
2025-03-13,3950.0
2025-03-14,3928.0
2025-03-17,4026.0
2025-03-18,3975.5
2025-03-19,3995.0
2025-03-20,3994.0
2025-03-21,3968.0
2025-03-24,3898.0
2025-03-25,3920.0
2025-03-26,3875.0
2025-03-27,3762.0
2025-03-28,3538.5
2025-03-31,3773.5
2025-04-01,3651.0
2025-04-02,3716.5
2025-04-03,3721.0
2025-04-04,3486.5
2025-04-07,3470.0
2025-04-08,3387.5
2025-04-09,3579.0
2025-04-10,3485.0
2025-04-11,3542.5
2025-04-14,3474.0
2025-04-15,3524.5
2025-04-16,3582.5
2025-04-17,3631.0
2025-04-18,3549.0
2025-04-21,3635.5
2025-04-22,3656.5
2025-04-23,3673.5
2025-04-24,3718.5
2025-04-25,3757.0
2025-04-28,3770.0
2025-04-29,3774.5
2025-04-30,3749.5
2025-05-02,3540.0
2025-05-05,3558.5
2025-05-06,3643.0
2025-05-07,3614.5
2025-05-08,3628.0
2025-05-12,3614.0
2025-05-13,3600.0
2025-05-14,3527.5
2025-05-15,3554.5
2025-05-16,3551.5
2025-05-19,3532.0
2025-05-20,3523.0
2025-05-21,3517.5
2025-05-22,3516.0
2025-05-23,3529.0
2025-05-26,3443.0
2025-05-27,3553.5
2025-05-28,3698.0
2025-05-29,3677.0
2025-05-30,3696.0
2025-06-02,3738.0
2025-06-03,3843.0
2025-06-04,3867.0
2025-06-05,4000.0
2025-06-06,3854.5
2025-06-09,3763.5
2025-06-10,3700.0
2025-06-11,3671.0
2025-06-13,3656.0
2025-06-16,3752.0
2025-06-17,3782.5
2025-06-18,3775.5
2025-06-19,3745.5
2025-06-20,3726.5
2025-06-23,3714.0
2025-06-24,3765.0
2025-06-25,3914.5
2025-06-26,3889.5
2025-06-27,3900.5
2025-06-30,3967.0
2025-07-01,3944.0
2025-07-02,3970.5
2025-07-03,3963.0
2025-07-04,3933.0
2025-07-07,3893.0
2025-07-08,3883.5
2025-07-09,3861.0
2025-07-10,3898.5
2025-07-11,3801.0
2025-07-14,3956.0
2025-07-15,4062.5
2025-07-16,4133.0
2025-07-17,4090.0
2025-07-18,4198.5
2025-07-21,4254.5
2025-07-22,4226.0
2025-07-23,4279.5
2025-07-24,4228.0
2025-07-25,4253.5
2025-07-28,4270.0
2025-07-29,4261.0
2025-07-30,4060.0
2025-07-31,4178.0
2025-08-01,4184.5
2025-08-04,4179.0
2025-08-05,4216.5
2025-08-06,4275.5
2025-08-07,4361.5
2025-08-08,4448.0
2025-08-11,4424.0
2025-08-12,4369.5
2025-08-13,4321.0
2025-08-14,4423.0
2025-08-15,4455.0
2025-08-18,4448.0
2025-08-19,4476.5
2025-08-20,4443.0
2025-08-21,4379.0
2025-08-22,4396.0
2025-08-25,4417.5
2025-08-26,4430.0
2025-08-27,4430.0
2025-08-28,4386.0
2025-08-29,4392.5
2025-09-01,4318.0
2025-09-02,4324.5
2025-09-03,4350.5
2025-09-04,4323.0
2025-09-05,4315.5
2025-09-08,4350.5
2025-09-09,4345.0
2025-09-10,4333.5
2025-09-11,4378.5
2025-09-12,4276.5
2025-09-15,4198.0
2025-09-16,4127.5
2025-09-17,4075.5
2025-09-18,4081.5
2025-09-19,4112.0
2025-09-22,4135.0
2025-11-11,4018.5
2025-11-12,3964.0
2025-11-13,3986.5
2025-11-14,3914.0
2025-11-17,3785.5
2025-11-18,3791.0
2025-11-19,3859.0
2025-11-20,3879.5
2025-11-21,3867.0
2025-11-24,3709.0
2025-11-25,3702.5
2025-11-26,3689.0
2025-11-27,3697.0
2025-11-28,3693.5
2025-12-01,3742.0
2025-12-02,3808.0
2025-12-03,3836.0
2025-12-04,3985.5
2025-12-05,4031.5
2025-12-08,3996.5
2025-12-09,4078.0
2025-12-10,4105.5
2025-12-11,4096.0
2025-12-12,4061.5
2025-12-15,4109.0
2025-12-16,4133.0
2025-12-17,4130.0
2025-12-18,4222.0
2025-12-19,4192.5
2025-12-22,4110.0
2025-12-23,4178.5
2025-12-24,4206.0
2025-12-25,4338.0
2025-12-26,4480.0
2025-12-29,4510.0
2025-12-30,4519.0
2026-01-05,4442.0
2026-01-06,4384.5
2026-01-08,4296.0
2026-01-09,4382.0
2026-01-12,4504.5
2026-01-13,4428.0
2026-01-14,4383.0
2026-01-15,4421.5
2026-01-16,4434.5
2026-01-19,4481.0
2026-01-20,4441.0
2026-01-21,4523.0
2026-01-22,4512.0
2026-01-23,4560.5
2026-01-26,4611.5
2026-01-27,4713.0
2026-01-28,4706.0
2026-01-29,4731.0
2026-01-30,4652.0
2026-02-02,4614.0
2026-02-03,4644.0
2026-02-04,4638.0
2026-02-05,4524.0
2026-02-06,4525.0
2026-02-09,4463.5
2026-02-10,4410.0
2026-02-11,4596.0
2026-02-12,4628.0
2026-02-13,4716.0
2026-02-16,4735.0
2026-02-17,4685.0
2026-02-18,4716.5
2026-02-19,4818.0
2026-02-20,4797.5
2026-02-24,4783.5
2026-02-25,4767.0
2026-02-26,4781.0
2026-02-27,4735.5
2026-03-02,4627.5
2026-03-03,4570.0
2026-03-04,4621.0
2026-03-05,4580.0
2026-03-06,4521.5
2026-03-09,4602.0
2026-03-10,4593.0
2026-03-11,4532.0
2026-03-12,4538.5
2026-03-13,4593.5
2026-03-16,4548.0
2026-03-17,4547.0
2026-03-18,4573.5
2026-03-19,4503.0
2026-03-20,4507.5
2026-03-23,4361.0
2026-03-24,4464.0
2026-03-25,4517.0
2026-03-26,4434.0
2026-03-27,4371.0
2026-03-30,4464.5
2026-03-31,4404.0
2026-04-01,4454.0
2026-04-02,4396.0
2026-04-03,4339.5
2026-04-06,4379.0
2026-04-07,4341.0
2026-04-08,4399.0
2026-04-09,4332.5
2026-04-10,4317.0
2026-04-13,4222.5
2026-04-14,4179.0
2026-04-15,4309.0
2026-04-16,4360.5
2026-04-17,4364.5
2026-04-20,4427.0
2026-04-21,4413.0
2026-04-22,4489.5
2026-04-23,4456.5
2026-04-24,4348.0
2026-04-27,4334.0
2026-04-28,4182.5
2026-04-29,4170.0
2026-04-30,4150.0
2026-05-04,4090.5
2026-05-05,4145.5
2026-05-06,4189.5
2026-05-07,4164.5
2026-05-08,4187.5
2026-05-11,4290.0
2026-05-12,4337.5
2026-05-13,4283.0
2026-05-14,4192.0
2026-05-15,4117.5
2026-05-18,4183.0
2026-05-19,4207.5
2026-05-20,4133.5
2026-05-21,4197.0
2026-05-22,4164.5
2026-05-25,4137.0
2026-05-26,3985.0
2026-05-27,4050.5
2026-05-28,4025.0
2026-05-29,3989.0
2026-06-01,4002.0
2026-06-02,4060.0
2026-06-03,4004.0
2026-06-04,3888.0
2026-06-05,3778.5
2026-06-08,3670.0
2026-06-09,3822.0
2026-06-10,3776.5
2026-06-11,3846.5
2026-06-15,3920.0
2026-06-16,3829.5
2026-06-17,3838.0
2026-06-18,3745.0
2026-06-19,3710.5
2026-06-22,3542.5
2026-06-23,3604.0
2026-06-24,3456.0
2026-06-25,3425.0
2026-06-26,3449.0
2026-06-29,3485.0
2026-06-30,3428.0
2026-07-01,3421.0
2026-07-02,3264.0
2026-07-03,3157.0
2026-07-06,3149.0
2026-07-07,3200.0
2026-07-08,3293.0
2026-07-09,3240.0
2026-07-10,3223.0
2026-07-13,3227.5
2026-07-14,3109.0
2026-07-15,3086.5
2026-07-16,2912.5
2026-07-17,2954.0
2026-07-20,2895.5
2026-07-21,2872.0
2026-07-22,2755.5
2026-07-23,2726.0
2026-07-24,2647.0
2026-07-27,2858.0
2026-07-28,2906.5
2026-07-29,3039.0
2026-07-30,2953.0
2026-07-31,2844.0
2026-08-03,2938.5
2026-08-04,2910.0
2026-08-05,2930.0
2026-08-06,2908.0
2026-08-07,2857.0
2026-08-10,3106.0
2026-08-11,3205.5
2026-08-12,3259.5
2026-08-13,3109.0
2026-08-14,2914.5
2026-08-17,2887.0
2026-08-18,2953.0
2026-08-19,2972.5
2026-08-20,2954.0
2026-08-21,2979.0
2026-08-24,2273.5
2026-08-25,2343.0
2026-08-26,2211.5
2026-08-27,2193.0
2026-08-28,2189.0
2026-08-31,2288.0
2026-09-01,2332.0
2026-09-02,2393.0
2026-09-03,2687.5
2026-09-04,2721.0
2026-09-07,2692.0
2026-09-08,2673.0
2026-09-09,2618.5
2026-09-10,2652.0
2026-09-11,2531.5
2026-09-14,2698.5
2026-09-15,2675.0
