date,PLZL
2016-09-21,4576.0
2016-09-22,4500.0
2016-09-23,4488.0
2016-09-26,4508.0
2016-09-27,4508.0
2016-09-28,4550.0
2016-09-29,4500.0
2016-09-30,4485.0
2016-10-03,4489.0
2016-10-04,4451.0
2016-10-05,4464.0
2016-10-06,4447.0
2016-10-07,4429.0
2016-10-10,4425.0
2016-10-11,4434.0
2016-10-12,4416.0
2016-10-13,4430.0
2016-10-14,4413.0
2016-10-17,4408.0
2016-10-18,4400.0
2016-10-19,4405.0
2016-10-20,4388.0
2016-10-21,4419.0
2016-10-24,4372.0
2016-10-25,4316.0
2016-10-26,4351.0
2016-10-27,4388.0
2016-10-28,4356.0
2016-10-31,4400.0
2016-11-01,4391.0
2016-11-02,4440.0
2016-11-03,4522.0
2016-11-07,4500.0
2016-11-08,4439.0
2016-11-09,4460.0
2016-11-10,4408.0
2016-11-11,4471.0
2016-11-14,4479.0
2016-11-15,4416.0
2016-11-16,4449.0
2016-11-17,4462.0
2016-11-18,4454.0
2016-11-21,4444.0
2016-11-22,4443.0
2016-11-23,4426.0
2016-11-24,4416.0
2016-11-25,4424.0
2016-11-28,4427.0
2016-11-29,4440.0
2016-11-30,4260.0
2016-12-01,4480.0
2016-12-02,4478.0
2016-12-05,4448.0
2016-12-06,4440.0
2016-12-07,4444.0
2016-12-08,4444.0
2016-12-09,4449.0
2016-12-12,4430.0
2016-12-13,4434.0
2016-12-14,4443.0
2016-12-15,4455.0
2016-12-16,4460.0
2016-12-19,4450.0
2016-12-20,4449.0
2016-12-21,4449.0
2016-12-22,4449.0
2016-12-23,4449.0
2016-12-26,4406.0
2016-12-27,4386.0
2016-12-28,4429.0
2016-12-29,4438.0
2016-12-30,4431.0
2017-01-03,4500.0
2017-01-04,4500.0
2017-01-05,4529.0
2017-01-06,4527.0
2017-01-09,4521.0
2017-01-10,4525.0
2017-01-11,4520.0
2017-01-12,4520.0
2017-01-13,4527.0
2017-01-16,4607.0
2017-01-17,4642.0
2017-01-18,4590.0
2017-01-19,4600.0
2017-01-20,4613.0
2017-01-23,4601.0
2017-01-24,4599.0
2017-01-25,4590.0
2017-01-26,4620.0
2017-01-27,4609.0
2017-01-30,4606.0
2017-01-31,4648.0
2017-02-01,4586.0
2017-02-02,4575.0
2017-02-03,4564.0
2017-02-06,4495.0
2017-02-07,4449.0
2017-02-08,4501.0
2017-02-09,4481.0
2017-02-10,4470.0
2017-02-13,4445.0
2017-02-14,4450.0
2017-02-15,4447.0
2017-02-16,4450.0
2017-02-17,4450.0
2017-02-20,4451.0
2017-02-21,4451.0
2017-02-22,4452.0
2017-02-24,4452.0
2017-02-27,4455.0
2017-02-28,4450.0
2017-03-01,4467.0
2017-03-02,4459.0
2017-03-03,4455.0
2017-03-06,4459.0
2017-03-07,4470.0
2017-03-09,4439.0
2017-03-10,4450.0
2017-03-13,4450.0
2017-03-14,4455.0
2017-03-15,4476.0
2017-03-16,4400.0
2017-03-17,4447.0
2017-03-20,4410.0
2017-03-21,4374.0
2017-03-22,4369.0
2017-03-23,4333.0
2017-03-24,4448.0
2017-03-27,4440.0
2017-03-28,4437.0
2017-03-29,4449.0
2017-03-30,4443.0
2017-03-31,4450.0
2017-04-03,4439.0
2017-04-04,4434.0
2017-04-05,4425.0
2017-04-06,4409.0
2017-04-07,4409.0
2017-04-10,4396.0
2017-04-11,4404.0
2017-04-12,4402.0
2017-04-13,4400.0
2017-04-14,4399.0
2017-04-17,4400.0
2017-04-18,4390.0
2017-04-19,4400.0
2017-04-20,4398.0
2017-04-21,4400.0
2017-04-24,4405.0
2017-04-25,4405.0
2017-04-26,4398.0
2017-04-27,4400.0
2017-04-28,4405.0
2017-05-02,4398.0
2017-05-03,4395.0
2017-05-04,4395.0
2017-05-05,4399.0
2017-05-10,4484.0
2017-05-11,4468.0
2017-05-12,4479.0
2017-05-15,4460.0
2017-05-16,4450.0
2017-05-17,4461.0
2017-05-18,4500.0
2017-05-19,4478.0
2017-05-22,4469.0
2017-05-23,4447.0
2017-05-24,4416.0
2017-05-25,4445.0
2017-05-26,4437.0
2017-05-29,4440.0
2017-05-30,4445.0
2017-05-31,4427.0
2017-06-01,4425.0
2017-06-02,4423.0
2017-06-05,4440.0
2017-06-06,4450.0
2017-06-07,4466.0
2017-06-08,4443.0
2017-06-09,4445.0
2017-06-13,4428.0
2017-06-14,4460.0
2017-06-15,4400.0
2017-06-16,4236.0
2017-06-19,4102.0
2017-06-20,4228.0
2017-06-21,4215.0
2017-06-22,4196.0
2017-06-23,4237.0
2017-06-26,4175.0
2017-06-27,4200.0
2017-06-28,4203.0
2017-06-29,4030.0
2017-06-30,3971.08
2017-07-03,3955.0
2017-07-04,3923.78
2017-07-05,3905.71
2017-07-06,3939.95
2017-07-07,3995.0
2017-07-10,3994.97
2017-07-11,4047.97
2017-07-12,4031.12
2017-07-13,4059.0
2017-07-14,3925.81
2017-07-17,3941.49
2017-07-18,3935.0
2017-07-19,3932.0
2017-07-20,3900.0
2017-07-21,3885.15
2017-07-24,3929.97
2017-07-25,3906.0
2017-07-26,3896.0
2017-07-27,3903.06
2017-07-28,3888.0
2017-07-31,3909.75
2017-08-01,3918.0
2017-08-02,3942.0
2017-08-03,3921.0
2017-08-04,3954.0
2017-08-07,3956.0
2017-08-08,3951.0
2017-08-09,4032.0
2017-08-10,4203.0
2017-08-11,4300.0
2017-08-14,4310.0
2017-08-15,4312.0
2017-08-16,4310.0
2017-08-17,4343.0
2017-08-18,4330.0
2017-08-21,4300.0
2017-08-22,4310.0
2017-08-23,4320.0
2017-08-24,4336.0
2017-08-25,4310.0
2017-08-28,4316.0
2017-08-29,4523.0
2017-08-30,4607.0
2017-08-31,4547.0
2017-09-01,4608.0
2017-09-04,4700.0
2017-09-05,4676.0
2017-09-06,4652.0
2017-09-07,4666.0
2017-09-08,4747.0
2017-09-11,4778.0
2017-09-12,4693.0
2017-09-13,4680.0
2017-09-14,4628.0
2017-09-15,4599.0
2017-09-18,4631.0
2017-09-19,4630.0
2017-09-20,4629.0
2017-09-21,4600.0
2017-09-22,4450.0
2017-09-25,4435.0
2017-09-26,4362.0
2017-09-27,4445.0
2017-09-28,4438.0
2017-09-29,4450.0
2017-10-02,4520.0
2017-10-03,4526.0
2017-10-04,4545.0
2017-10-05,4578.0
2017-10-06,4543.0
2017-10-09,4585.0
2017-10-10,4597.0
2017-10-11,4590.0
2017-10-12,4620.0
2017-10-13,4625.0
2017-10-16,4667.0
2017-10-17,4656.0
2017-10-18,4785.0
2017-10-19,4728.0
2017-10-20,4784.0
2017-10-23,4703.0
2017-10-24,4740.0
2017-10-25,4625.0
2017-10-26,4605.0
2017-10-27,4671.0
2017-10-30,4689.0
2017-10-31,4804.0
2017-11-01,4816.0
2017-11-02,4778.0
2017-11-03,4830.0
2017-11-07,4823.0
2017-11-08,4823.0
2017-11-09,4930.0
2017-11-10,4943.0
2017-11-13,4994.0
2017-11-14,5182.0
2017-11-15,5083.0
2017-11-16,5060.0
2017-11-17,5070.0
2017-11-20,5070.0
2017-11-21,5110.0
2017-11-22,5046.0
2017-11-23,5030.0
2017-11-24,5010.0
2017-11-27,5050.0
2017-11-28,5055.0
2017-11-29,5050.0
2017-11-30,4912.0
2017-12-01,4920.0
2017-12-04,4868.0
2017-12-05,4697.0
2017-12-06,4815.0
2017-12-07,4780.0
2017-12-08,4714.0
2017-12-11,4682.0
2017-12-12,4668.0
2017-12-13,4291.0
2017-12-14,4520.0
2017-12-15,4665.0
2017-12-18,4690.0
2017-12-19,4643.0
2017-12-20,4592.0
2017-12-21,4463.0
2017-12-22,4428.0
2017-12-25,4363.0
2017-12-26,4394.0
2017-12-27,4410.0
2017-12-28,4405.0
2017-12-29,4595.0
2018-01-03,4466.0
2018-01-04,4478.0
2018-01-05,4469.0
2018-01-09,4556.0
2018-01-10,4411.0
2018-01-11,4357.0
2018-01-12,4328.0
2018-01-15,4382.0
2018-01-16,4487.0
2018-01-17,4659.0
2018-01-18,4520.0
2018-01-19,4446.0
2018-01-22,4527.0
2018-01-23,4543.0
2018-01-24,4568.0
2018-01-25,4570.0
2018-01-26,4500.0
2018-01-29,4599.0
2018-01-30,4547.0
2018-01-31,4580.0
2018-02-01,4535.0
2018-02-02,4509.0
2018-02-05,4542.0
2018-02-06,4500.0
2018-02-07,4351.0
2018-02-08,4381.0
2018-02-09,4322.0
2018-02-12,4350.0
2018-02-13,4386.0
2018-02-14,4467.0
2018-02-15,4490.0
2018-02-16,4503.0
2018-02-19,4497.0
2018-02-20,4489.0
2018-02-21,4569.0
2018-02-22,4520.0
2018-02-26,4499.0
2018-02-27,4548.0
2018-02-28,4646.0
2018-03-01,4706.0
2018-03-02,4760.0
2018-03-05,4708.0
2018-03-06,4703.0
2018-03-07,4677.0
2018-03-09,4745.0
2018-03-12,4829.0
2018-03-13,4930.0
2018-03-14,4879.0
2018-03-15,4838.0
2018-03-16,4780.0
2018-03-19,4708.0
2018-03-20,4680.0
2018-03-21,4575.0
2018-03-22,4465.0
2018-03-23,4447.0
2018-03-26,4393.0
2018-03-27,4330.0
2018-03-28,4545.0
2018-03-29,4461.0
2018-03-30,4520.0
2018-04-02,4387.0
2018-04-03,4514.0
2018-04-04,4475.0
2018-04-05,4497.0
2018-04-06,4359.0
2018-04-09,3561.0
2018-04-10,3650.0
2018-04-11,3585.0
2018-04-12,3599.0
2018-04-13,3550.0
2018-04-16,3541.0
2018-04-17,3657.0
2018-04-18,3718.0
2018-04-19,3775.0
2018-04-20,3790.0
2018-04-23,3900.0
2018-04-24,3906.0
2018-04-25,3947.0
2018-04-26,3920.0
2018-04-27,3937.0
2018-04-28,3946.0
2018-04-30,3995.0
2018-05-02,3850.0
2018-05-03,3863.0
2018-05-04,3955.0
2018-05-07,3976.0
2018-05-08,3940.0
2018-05-10,3920.0
2018-05-11,3868.0
2018-05-14,3885.0
2018-05-15,3737.0
2018-05-16,3710.0
2018-05-17,3688.0
2018-05-18,3730.0
2018-05-21,3739.0
2018-05-22,3738.0
2018-05-23,3712.0
2018-05-24,3737.0
2018-05-25,3728.0
2018-05-28,3785.0
2018-05-29,3755.0
2018-05-30,3725.0
2018-05-31,3750.0
2018-06-01,3800.0
2018-06-04,3940.0
2018-06-05,3940.0
2018-06-06,3911.0
2018-06-07,3941.0
2018-06-08,3785.0
2018-06-09,3810.0
2018-06-11,3830.0
2018-06-13,3845.0
2018-06-14,3903.0
2018-06-15,3979.0
2018-06-18,3870.0
2018-06-19,3890.0
2018-06-20,3943.0
2018-06-21,3806.0
2018-06-22,3873.0
2018-06-25,3890.0
2018-06-26,3894.0
2018-06-27,3880.0
2018-06-28,4108.0
2018-06-29,4206.0
2018-07-02,4170.0
2018-07-03,4123.0
2018-07-04,4131.0
2018-07-05,4192.0
2018-07-06,4186.0
2018-07-09,4276.0
2018-07-10,4220.0
2018-07-11,4226.0
2018-07-12,4179.0
2018-07-13,4260.0
2018-07-16,4200.0
2018-07-17,4137.0
2018-07-18,4189.0
2018-07-19,4149.0
2018-07-20,4077.0
2018-07-23,4142.0
2018-07-24,4292.0
2018-07-25,4361.0
2018-07-26,4437.0
2018-07-27,4478.0
2018-07-30,4416.0
2018-07-31,4469.0
2018-08-01,4355.0
2018-08-02,4442.0
2018-08-03,4359.0
2018-08-06,4425.0
2018-08-07,4480.0
2018-08-08,4383.0
2018-08-09,4450.0
2018-08-10,4214.0
2018-08-13,4165.0
2018-08-14,4220.0
2018-08-15,4146.0
2018-08-16,4116.0
2018-08-17,4055.0
2018-08-20,4208.0
2018-08-21,4190.0
2018-08-22,4268.0
2018-08-23,4255.0
2018-08-24,4393.0
2018-08-27,4398.0
2018-08-28,4337.0
2018-08-29,4241.0
2018-08-30,4149.0
2018-08-31,4373.0
2018-09-03,4367.0
2018-09-04,4350.0
2018-09-05,4289.0
2018-09-06,4361.0
2018-09-07,4308.0
2018-09-10,4336.0
2018-09-11,4350.0
2018-09-12,4299.0
2018-09-13,4233.0
2018-09-14,4145.0
2018-09-17,4105.0
2018-09-18,4110.0
2018-09-19,4089.0
2018-09-20,4075.0
2018-09-21,4122.0
2018-09-24,4060.0
2018-09-25,4053.0
2018-09-26,4048.0
2018-09-27,4094.0
2018-09-28,4128.0
2018-10-01,4090.0
2018-10-02,4145.0
2018-10-03,4180.0
2018-10-04,4170.0
2018-10-05,4150.0
2018-10-08,4152.0
2018-10-09,4140.0
2018-10-10,4110.0
2018-10-11,4222.0
2018-10-12,4240.0
2018-10-15,4204.0
2018-10-16,4316.0
2018-10-17,4350.0
2018-10-18,4314.0
2018-10-19,4300.0
2018-10-22,4213.0
2018-10-23,4239.0
2018-10-24,4165.0
2018-10-25,4180.0
2018-10-26,4137.0
2018-10-29,4200.0
2018-10-30,4099.0
2018-10-31,4152.0
2018-11-01,4148.5
2018-11-02,4185.0
2018-11-06,4214.0
2018-11-07,4247.0
2018-11-08,4260.0
2018-11-09,4356.0
2018-11-12,4330.0
2018-11-13,4323.5
2018-11-14,4400.0
2018-11-15,4329.5
2018-11-16,4295.0
2018-11-19,4480.0
2018-11-20,4450.0
2018-11-21,4550.0
2018-11-22,4689.0
2018-11-23,4732.0
2018-11-26,4752.0
2018-11-27,4700.0
2018-11-28,4688.5
2018-11-29,4704.0
2018-11-30,4827.5
2018-12-03,4695.5
2018-12-04,4715.0
2018-12-05,4780.0
2018-12-06,4775.0
2018-12-07,4847.5
2018-12-10,5024.5
2018-12-11,4873.5
2018-12-12,4878.0
2018-12-13,4999.0
2018-12-14,4991.5
2018-12-17,5024.5
2018-12-18,5053.0
2018-12-19,5175.5
2018-12-20,5167.0
2018-12-21,5300.0
2018-12-24,5300.0
2018-12-25,5219.0
2018-12-26,5200.0
2018-12-27,5298.5
2018-12-28,5392.0
2018-12-29,5399.0
2019-01-03,5299.5
2019-01-04,5286.5
2019-01-08,5134.5
2019-01-09,5275.0
2019-01-10,5414.0
2019-01-11,5416.0
2019-01-14,5372.5
2019-01-15,5365.0
2019-01-16,5339.5
2019-01-17,5400.0
2019-01-18,5370.0
2019-01-21,5330.0
2019-01-22,5398.0
2019-01-23,5400.0
2019-01-24,5359.0
2019-01-25,5390.0
2019-01-28,5371.5
2019-01-29,5550.0
2019-01-30,5548.0
2019-01-31,5494.0
2019-02-01,5521.5
2019-02-04,5490.5
2019-02-05,5526.5
2019-02-06,5530.0
2019-02-07,5475.5
2019-02-08,5440.0
2019-02-11,5300.0
2019-02-12,5300.0
2019-02-13,5213.5
2019-02-14,5320.0
2019-02-15,5344.5
2019-02-18,5430.5
2019-02-19,5445.0
2019-02-20,5445.0
2019-02-21,5370.0
2019-02-22,5360.0
2019-02-25,5373.0
2019-02-26,5445.0
2019-02-27,5450.0
2019-02-28,5470.0
2019-03-01,5350.5
2019-03-04,5092.0
2019-03-05,5139.5
2019-03-06,5205.5
2019-03-07,5200.0
2019-03-11,5235.0
2019-03-12,5325.0
2019-03-13,5444.5
2019-03-14,5468.0
2019-03-15,5343.5
2019-03-18,5460.5
2019-03-19,5493.0
2019-03-20,5342.0
2019-03-21,5394.0
2019-03-22,5393.5
2019-03-25,5260.0
2019-03-26,5434.0
2019-03-27,5410.0
2019-03-28,5416.5
2019-03-29,5437.0
2019-04-01,5421.5
2019-04-02,5480.0
2019-04-03,5320.0
2019-04-04,5100.0
2019-04-05,5096.0
2019-04-08,5141.0
2019-04-09,5092.0
2019-04-10,4990.0
2019-04-11,4930.0
2019-04-12,4950.0
2019-04-15,4835.0
2019-04-16,4922.0
2019-04-17,4950.0
2019-04-18,4982.0
2019-04-19,5000.0
2019-04-22,5049.0
2019-04-23,4905.0
2019-04-24,4965.0
2019-04-25,4957.0
2019-04-26,5060.0
2019-04-29,5052.5
2019-04-30,5037.5
2019-05-02,5040.0
2019-05-03,5050.0
2019-05-06,5055.0
2019-05-07,5033.0
2019-05-08,5019.0
2019-05-10,4990.0
2019-05-13,5001.0
2019-05-14,5018.0
2019-05-15,4950.0
2019-05-16,4930.0
2019-05-17,4844.5
2019-05-20,4773.0
2019-05-21,4833.0
2019-05-22,4906.0
2019-05-23,4972.0
2019-05-24,4985.0
2019-05-27,4985.5
2019-05-28,4970.0
2019-05-29,5053.0
2019-05-30,5075.0
2019-05-31,5170.5
2019-06-03,5244.0
2019-06-04,5269.5
2019-06-05,5323.0
2019-06-06,5326.0
2019-06-07,5460.0
2019-06-10,5485.0
2019-06-11,5576.0
2019-06-13,5580.0
2019-06-14,5721.0
2019-06-17,5600.0
2019-06-18,5646.0
2019-06-19,5560.0
2019-06-20,5638.5
2019-06-21,5805.5
2019-06-24,5931.0
2019-06-25,5931.0
2019-06-26,5896.0
2019-06-27,5836.0
2019-06-28,5828.0
2019-07-01,5695.0
2019-07-02,5848.0
2019-07-03,6029.0
2019-07-04,6108.5
2019-07-05,6200.0
2019-07-08,6225.0
2019-07-09,6209.0
2019-07-10,6293.0
2019-07-11,6225.0
2019-07-12,6316.0
2019-07-15,6300.0
2019-07-16,6371.5
2019-07-17,6385.0
2019-07-18,6413.0
2019-07-19,6472.0
2019-07-22,6476.0
2019-07-23,6400.0
2019-07-24,6416.0
2019-07-25,6490.0
2019-07-26,6412.5
2019-07-29,6467.5
2019-07-30,6500.0
2019-07-31,6460.0
2019-08-01,6431.0
2019-08-02,6510.0
2019-08-05,6844.5
2019-08-06,6791.5
2019-08-07,6944.0
2019-08-08,6897.5
2019-08-09,7010.0
2019-08-12,7090.0
2019-08-13,7024.0
2019-08-14,7194.0
2019-08-15,7254.0
2019-08-16,7130.0
2019-08-19,7200.0
2019-08-20,7314.0
2019-08-21,7244.0
2019-08-22,7236.0
2019-08-23,7280.0
2019-08-26,7485.0
2019-08-27,7574.0
2019-08-28,7510.0
2019-08-29,7524.0
2019-08-30,7665.0
2019-09-02,7600.0
2019-09-03,7618.5
2019-09-04,7573.5
2019-09-05,7400.0
2019-09-06,7470.0
2019-09-09,7383.0
2019-09-10,7301.0
2019-09-11,7440.0
2019-09-12,7500.0
2019-09-13,7457.5
2019-09-16,7636.0
2019-09-17,7734.0
2019-09-18,7784.5
2019-09-19,7731.0
2019-09-20,7770.0
2019-09-23,7640.0
2019-09-24,7720.5
2019-09-25,7778.5
2019-09-26,7775.0
2019-09-27,7561.5
2019-09-30,7545.0
2019-10-01,7549.0
2019-10-02,7452.0
2019-10-03,7477.5
2019-10-04,7525.0
2019-10-07,7515.0
2019-10-08,7680.0
2019-10-09,7575.5
2019-10-10,7530.5
2019-10-11,7260.0
2019-10-14,7159.0
2019-10-15,7111.0
2019-10-16,7286.5
2019-10-17,7210.0
2019-10-18,7400.0
2019-10-21,7213.0
2019-10-22,7130.0
2019-10-23,7160.0
2019-10-24,7276.5
2019-10-25,7259.0
2019-10-28,7301.0
2019-10-29,7297.0
2019-10-30,7354.0
2019-10-31,7469.0
2019-11-01,7400.0
2019-11-05,7377.0
2019-11-06,7616.0
2019-11-07,7415.0
2019-11-08,7195.0
2019-11-11,7185.0
2019-11-12,7047.5
2019-11-13,7137.0
2019-11-14,7093.0
2019-11-15,7084.0
2019-11-18,7052.5
2019-11-19,6983.5
2019-11-20,7040.5
2019-11-21,6832.0
2019-11-22,6927.5
2019-11-25,6792.0
2019-11-26,6728.5
2019-11-27,6822.0
2019-11-28,6840.5
2019-11-29,6891.0
2019-12-02,6885.0
2019-12-03,6996.0
2019-12-04,6933.5
2019-12-05,6894.0
2019-12-06,6758.0
2019-12-09,6792.0
2019-12-10,6842.5
2019-12-11,7142.5
2019-12-12,7095.0
2019-12-13,6987.0
2019-12-16,7000.0
2019-12-17,6941.0
2019-12-18,6959.0
2019-12-19,6855.0
2019-12-20,6771.5
2019-12-23,6868.0
2019-12-24,6940.5
2019-12-25,6976.5
2019-12-26,7140.0
2019-12-27,7145.0
2019-12-30,7103.5
2020-01-03,7286.0
2020-01-06,7421.5
2020-01-08,7468.0
2020-01-09,7326.0
2020-01-10,7220.0
2020-01-13,7357.5
2020-01-14,7391.0
2020-01-15,7421.5
2020-01-16,7379.0
2020-01-17,7360.0
2020-01-20,7385.0
2020-01-21,7374.5
2020-01-22,7380.0
2020-01-23,7377.5
2020-01-24,7448.5
2020-01-27,7857.0
2020-01-28,7775.0
2020-01-29,7752.0
2020-01-30,7819.5
2020-01-31,7814.5
2020-02-03,7698.0
2020-02-04,7529.0
2020-02-05,7481.0
2020-02-06,7562.0
2020-02-07,7765.5
2020-02-10,7915.5
2020-02-11,7895.5
2020-02-12,7838.5
2020-02-13,7968.5
2020-02-14,8003.0
2020-02-17,7922.0
2020-02-18,8000.0
2020-02-19,8111.0
2020-02-20,8200.0
2020-02-21,8507.5
2020-02-25,8780.0
2020-02-26,8644.5
2020-02-27,8901.5
2020-02-28,8464.0
2020-03-02,8540.5
2020-03-03,8591.0
2020-03-04,8566.5
2020-03-05,8628.0
2020-03-06,8885.0
2020-03-10,9381.5
2020-03-11,9372.5
2020-03-12,8970.0
2020-03-13,8744.5
2020-03-16,7954.0
2020-03-17,8121.0
2020-03-18,8383.5
2020-03-19,8456.5
2020-03-20,8495.5
2020-03-23,8423.0
2020-03-24,9520.5
2020-03-25,9995.0
2020-03-26,11047.5
2020-03-27,10820.5
2020-03-30,11172.5
2020-03-31,10637.5
2020-04-01,10038.0
2020-04-02,10354.5
2020-04-03,10394.5
2020-04-06,10818.5
2020-04-07,10970.0
2020-04-08,11050.5
2020-04-09,11260.5
2020-04-10,11401.0
2020-04-13,11525.0
2020-04-14,12150.0
2020-04-15,11472.5
2020-04-16,11940.0
2020-04-17,11685.0
2020-04-20,11635.0
2020-04-21,11794.5
2020-04-22,12209.0
2020-04-23,11951.0
2020-04-24,12095.0
2020-04-27,12081.0
2020-04-28,11916.5
2020-04-29,11935.5
2020-04-30,12110.0
2020-05-04,12023.0
2020-05-05,11832.0
2020-05-06,11920.5
2020-05-07,11839.0
2020-05-08,11973.0
2020-05-12,11979.0
2020-05-13,12295.0
2020-05-14,12350.0
2020-05-15,12306.0
2020-05-18,12257.0
2020-05-19,12110.0
2020-05-20,12073.5
2020-05-21,11925.0
2020-05-22,11814.5
2020-05-25,11975.0
2020-05-26,11628.0
2020-05-27,11262.5
2020-05-28,11340.0
2020-05-29,11673.0
2020-06-01,11400.0
2020-06-02,11142.0
2020-06-03,10567.0
2020-06-04,10688.5
2020-06-05,10246.0
2020-06-08,10149.0
2020-06-09,10465.0
2020-06-10,10589.5
2020-06-11,10888.0
2020-06-15,10520.0
2020-06-16,10345.0
2020-06-17,10742.0
2020-06-18,10850.0
2020-06-19,11067.5
2020-06-22,11336.5
2020-06-23,11583.5
2020-06-25,11673.0
2020-06-26,11738.5
2020-06-29,11890.0
2020-06-30,11970.0
2020-07-02,11974.0
2020-07-03,12220.0
2020-07-06,12491.0
2020-07-07,12707.0
2020-07-08,12914.0
2020-07-09,13280.0
2020-07-10,13170.5
2020-07-13,12852.0
2020-07-14,12819.5
2020-07-15,13270.0
2020-07-16,13168.0
2020-07-17,13225.0
2020-07-20,13342.0
2020-07-21,13484.5
2020-07-22,13920.0
2020-07-23,14498.0
2020-07-24,15265.0
2020-07-27,17248.0
2020-07-28,16580.0
2020-07-29,16650.0
2020-07-30,16240.0
2020-07-31,16949.0
2020-08-03,16850.0
2020-08-04,17380.5
2020-08-05,18169.5
2020-08-06,18592.0
2020-08-07,18067.5
2020-08-10,17753.0
2020-08-11,16834.0
2020-08-12,17301.5
2020-08-13,17460.0
2020-08-14,17419.0
2020-08-17,18152.5
2020-08-18,17948.0
2020-08-19,17633.0
2020-08-20,17830.0
2020-08-21,17686.0
2020-08-24,17966.0
2020-08-25,17985.5
2020-08-26,18344.5
2020-08-27,18170.0
2020-08-28,18366.0
2020-08-31,18085.5
2020-09-01,17868.0
2020-09-02,17529.5
2020-09-03,16951.0
2020-09-04,17266.0
2020-09-07,17431.0
2020-09-08,17023.0
2020-09-09,16735.0
2020-09-10,16806.5
2020-09-11,17067.0
2020-09-14,16950.0
2020-09-15,16943.0
2020-09-16,17270.0
2020-09-17,16947.0
2020-09-18,16930.0
2020-09-21,16460.0
2020-09-22,16285.0
2020-09-23,16309.5
2020-09-24,16335.0
2020-09-25,16335.5
2020-09-28,16423.5
2020-09-29,16658.0
2020-09-30,16250.5
2020-10-01,16352.0
2020-10-02,16737.0
2020-10-05,16962.5
2020-10-06,16401.0
2020-10-07,16566.0
2020-10-08,16883.0
2020-10-09,16981.5
2020-10-12,16850.0
2020-10-13,16655.0
2020-10-14,17430.0
2020-10-15,17318.5
2020-10-16,17399.5
2020-10-19,17268.5
2020-10-20,17130.0
2020-10-21,16800.5
2020-10-22,16768.5
2020-10-23,16527.0
2020-10-26,16141.5
2020-10-27,16499.0
2020-10-28,15935.0
2020-10-29,15601.0
2020-10-30,15536.5
2020-11-02,16319.0
2020-11-03,16670.5
2020-11-05,17195.0
2020-11-06,17697.5
2020-11-09,16615.0
2020-11-10,16432.5
2020-11-11,15880.0
2020-11-12,16033.0
2020-11-13,16295.5
2020-11-16,16035.0
2020-11-17,15790.5
2020-11-18,15770.5
2020-11-19,15490.0
2020-11-20,15410.0
2020-11-23,14785.0
2020-11-24,14630.0
2020-11-25,14570.0
2020-11-26,15020.0
2020-11-27,14640.0
2020-11-30,14530.0
2020-12-01,14859.0
2020-12-02,14656.5
2020-12-03,14503.0
2020-12-04,14360.0
2020-12-07,14740.0
2020-12-08,15061.0
2020-12-09,14580.0
2020-12-10,14429.5
2020-12-11,14212.5
2020-12-14,14393.5
2020-12-15,14899.5
2020-12-16,14750.0
2020-12-17,15286.0
2020-12-18,15320.0
2020-12-21,15650.0
2020-12-22,15102.0
2020-12-23,15191.5
2020-12-24,15195.0
2020-12-25,15183.0
2020-12-28,15175.0
2020-12-29,15229.0
2020-12-30,15245.0
2021-01-04,15948.0
2021-01-05,15987.5
2021-01-06,15792.5
2021-01-08,15396.0
2021-01-11,15489.0
2021-01-12,15419.5
2021-01-13,15426.0
2021-01-14,15080.0
2021-01-15,14840.0
2021-01-18,14840.5
2021-01-19,14690.5
2021-01-20,15055.0
2021-01-21,15059.5
2021-01-22,14835.0
2021-01-25,15048.0
2021-01-26,15119.0
2021-01-27,14860.0
2021-01-28,14669.5
2021-01-29,14305.5
2021-02-01,14793.0
2021-02-02,14893.0
2021-02-03,14599.5
2021-02-04,14454.0
2021-02-05,14600.0
2021-02-08,14550.5
2021-02-09,14530.5
2021-02-10,14404.5
2021-02-11,14394.0
2021-02-12,14390.0
2021-02-15,14470.5
2021-02-16,14400.0
2021-02-17,14099.0
2021-02-18,13772.5
2021-02-19,13948.0
2021-02-20,13988.0
2021-02-22,13929.0
2021-02-24,14091.0
2021-02-25,14120.0
2021-02-26,14027.0
2021-03-01,14260.0
2021-03-02,14505.0
2021-03-03,14401.5
2021-03-04,14064.0
2021-03-05,14500.0
2021-03-09,14513.0
2021-03-10,14107.5
2021-03-11,14231.0
2021-03-12,14110.5
2021-03-15,14089.5
2021-03-16,14175.5
2021-03-17,14264.0
2021-03-18,14299.5
2021-03-19,14301.5
2021-03-22,14120.0
2021-03-23,14147.0
2021-03-24,13992.5
2021-03-25,13917.0
2021-03-26,13930.5
2021-03-29,13838.5
2021-03-30,13505.0
2021-03-31,13926.0
2021-04-01,13928.5
2021-04-02,13944.0
2021-04-05,13871.0
2021-04-06,14361.5
2021-04-07,14269.0
2021-04-08,14267.0
2021-04-09,14313.0
2021-04-12,14488.0
2021-04-13,14618.0
2021-04-14,14610.0
2021-04-15,14879.5
2021-04-16,15004.0
2021-04-19,15232.5
2021-04-20,15349.0
2021-04-21,15642.5
2021-04-22,15671.5
2021-04-23,15244.0
2021-04-26,14989.0
2021-04-27,14666.0
2021-04-28,14572.0
2021-04-29,14123.0
2021-04-30,13959.5
2021-05-04,14080.0
2021-05-05,14280.0
2021-05-06,14812.0
2021-05-07,15070.5
2021-05-10,15188.0
2021-05-11,15220.5
2021-05-12,14924.0
2021-05-13,14888.5
2021-05-14,14970.0
2021-05-17,15339.0
2021-05-18,15774.5
2021-05-19,15700.0
2021-05-20,15732.0
2021-05-21,15698.5
2021-05-24,15758.0
2021-05-25,15849.5
2021-05-26,16012.0
2021-05-27,15997.0
2021-05-28,15941.0
2021-05-31,15850.5
2021-06-01,16099.0
2021-06-02,16103.5
2021-06-03,16000.0
2021-06-04,15583.0
2021-06-07,15200.0
2021-06-08,15197.0
2021-06-09,15099.0
2021-06-10,15025.0
2021-06-11,14940.0
2021-06-14,14786.0
2021-06-15,14825.0
2021-06-16,14650.5
2021-06-17,14450.0
2021-06-18,14514.5
2021-06-21,14703.5
2021-06-22,14752.5
2021-06-23,14730.0
2021-06-24,14401.0
2021-06-25,14330.0
2021-06-28,14355.0
2021-06-29,13966.0
2021-06-30,14241.0
2021-07-01,14128.0
2021-07-02,14277.5
2021-07-05,14195.0
2021-07-06,14205.5
2021-07-07,14525.5
2021-07-08,14549.0
2021-07-09,14190.0
2021-07-12,14182.5
2021-07-13,14319.0
2021-07-14,14275.0
2021-07-15,14400.0
2021-07-16,14056.0
2021-07-19,14001.0
2021-07-20,13845.5
2021-07-21,13693.0
2021-07-22,13891.0
2021-07-23,13661.0
2021-07-26,13724.0
2021-07-27,13590.5
2021-07-28,13775.0
2021-07-29,14105.5
2021-07-30,14000.0
2021-08-02,13896.0
2021-08-03,14030.0
2021-08-04,14060.0
2021-08-05,13940.5
2021-08-06,13674.0
2021-08-09,13558.5
2021-08-10,13500.0
2021-08-11,13400.5
2021-08-12,13432.5
2021-08-13,13492.5
2021-08-16,13380.0
2021-08-17,13561.0
2021-08-18,13448.5
2021-08-19,13577.5
2021-08-20,13476.5
2021-08-23,13728.5
2021-08-24,13710.0
2021-08-25,13565.5
2021-08-26,13463.5
2021-08-27,13529.0
2021-08-30,13458.0
2021-08-31,13259.5
2021-09-01,13258.0
2021-09-02,13311.0
2021-09-03,13583.0
2021-09-06,13518.0
2021-09-07,13330.0
2021-09-08,13283.0
2021-09-09,13295.5
2021-09-10,13162.0
2021-09-13,12988.0
2021-09-14,12905.0
2021-09-15,12630.5
2021-09-16,12425.0
2021-09-17,12545.5
2021-09-20,12880.0
2021-09-21,12760.5
2021-09-22,12735.5
2021-09-23,12582.5
2021-09-24,12340.5
2021-09-27,12080.0
2021-09-28,11882.0
2021-09-29,11694.5
2021-09-30,12048.0
2021-10-01,11820.5
2021-10-04,11932.0
2021-10-05,12124.0
2021-10-06,12159.5
2021-10-07,12360.0
2021-10-08,12381.0
2021-10-11,12219.0
2021-10-12,12711.0
2021-10-13,13244.0
2021-10-14,13688.0
2021-10-15,13363.5
2021-10-18,13453.5
2021-10-19,13879.0
2021-10-20,13850.0
2021-10-21,14013.5
2021-10-22,14261.0
2021-10-25,14070.0
2021-10-26,13662.0
2021-10-27,14149.5
2021-10-28,14090.0
2021-10-29,13985.5
2021-11-01,14150.0
2021-11-02,14090.5
2021-11-03,14066.5
2021-11-05,14498.5
2021-11-08,14858.0
2021-11-09,14800.0
2021-11-10,15117.0
2021-11-11,15785.0
2021-11-12,15972.0
2021-11-15,15750.0
2021-11-16,15776.5
2021-11-17,15780.0
2021-11-18,15804.5
2021-11-19,15798.5
2021-11-22,14904.0
2021-11-23,14751.0
2021-11-24,14280.5
2021-11-25,14372.0
2021-11-26,14194.5
2021-11-29,13977.0
2021-11-30,14170.0
2021-12-01,13960.0
2021-12-02,13776.0
2021-12-03,13975.5
2021-12-06,13738.0
2021-12-07,13719.0
2021-12-08,13555.0
2021-12-09,13150.5
2021-12-10,12943.0
2021-12-13,12618.0
2021-12-14,12393.5
2021-12-15,12545.5
2021-12-16,12850.0
2021-12-17,13482.5
2021-12-20,13232.0
2021-12-21,13004.5
2021-12-22,13026.0
2021-12-23,12925.5
2021-12-24,13010.0
2021-12-27,13046.0
2021-12-28,12960.5
2021-12-29,12793.0
2021-12-30,13087.0
2022-01-03,12964.5
2022-01-04,12996.0
2022-01-05,12551.5
2022-01-06,12315.0
2022-01-10,12251.5
2022-01-11,12381.0
2022-01-12,12386.0
2022-01-13,12233.0
2022-01-14,11929.0
2022-01-17,11607.0
2022-01-18,11439.0
2022-01-19,11949.5
2022-01-20,11930.0
2022-01-21,12310.0
2022-01-24,12274.0
2022-01-25,12109.0
2022-01-26,11900.0
2022-01-27,11797.5
2022-01-28,11809.5
2022-01-31,12230.0
2022-02-01,12211.5
2022-02-02,12320.0
2022-02-03,12210.0
2022-02-04,12118.5
2022-02-07,12076.0
2022-02-08,12050.0
2022-02-09,12216.5
2022-02-10,12302.0
2022-02-11,12284.5
2022-02-14,12799.0
2022-02-15,12590.5
2022-02-16,12910.5
2022-02-17,13340.5
2022-02-18,12894.0
2022-02-21,12320.0
2022-02-22,13014.0
2022-02-24,9810.0
2022-02-25,10633.0
2022-03-24,12300.0
2022-03-25,12200.0
2022-03-28,11985.0
2022-03-29,10982.5
2022-03-30,12074.0
2022-03-31,12727.0
2022-04-01,12500.0
2022-04-04,12950.5
2022-04-05,13512.0
2022-04-06,13450.0
2022-04-07,13975.0
2022-04-08,13636.0
2022-04-11,14375.5
2022-04-12,14392.5
2022-04-13,14051.0
2022-04-14,13365.0
2022-04-15,13900.0
2022-04-18,13700.0
2022-04-19,13650.0
2022-04-20,13848.0
2022-04-21,13642.0
2022-04-22,13400.0
2022-04-25,12789.0
2022-04-26,13005.0
2022-04-27,13130.0
2022-04-28,13262.0
2022-04-29,13630.0
2022-05-04,13498.0
2022-05-05,13615.0
2022-05-06,13485.0
2022-05-11,13100.0
2022-05-12,12757.0
2022-05-13,12270.0
2022-05-16,12335.0
2022-05-17,12380.0
2022-05-18,12351.0
2022-05-19,12350.0
2022-05-20,12000.0
2022-05-23,11624.5
2022-05-24,11461.0
2022-05-25,11650.0
2022-05-26,11666.0
2022-05-27,11440.0
2022-05-30,11800.0
2022-05-31,11624.0
2022-06-01,11567.0
2022-06-02,11400.0
2022-06-03,11145.0
2022-06-06,11090.0
2022-06-07,10849.0
2022-06-08,10799.5
2022-06-09,10680.0
2022-06-10,10192.0
2022-06-14,10300.0
2022-06-15,10152.0
2022-06-16,10245.0
2022-06-17,10350.5
2022-06-20,10228.0
2022-06-21,9777.0
2022-06-22,9609.5
2022-06-23,9288.0
2022-06-24,9431.5
2022-06-27,9220.0
2022-06-28,9101.0
2022-06-29,9225.0
2022-06-30,8850.0
2022-07-01,8464.0
2022-07-04,7997.5
2022-07-05,8100.0
2022-07-06,8020.0
2022-07-07,8225.0
2022-07-08,8376.0
2022-07-11,8484.0
2022-07-12,8320.0
2022-07-13,8171.0
2022-07-14,8182.0
2022-07-15,8375.0
2022-07-18,8271.5
2022-07-19,8260.0
2022-07-20,8179.5
2022-07-21,7933.5
2022-07-22,7717.0
2022-07-25,7676.5
2022-07-26,7998.5
2022-07-27,8155.5
2022-07-28,8242.5
2022-07-29,8644.0
2022-08-01,8527.0
2022-08-02,8095.5
2022-08-03,7813.0
2022-08-04,7514.0
2022-08-05,7261.0
2022-08-08,7200.0
2022-08-09,7100.0
2022-08-10,7439.0
2022-08-11,7475.5
2022-08-12,7510.0
2022-08-15,7610.0
2022-08-16,7975.0
2022-08-17,7855.0
2022-08-18,7814.5
2022-08-19,7890.0
2022-08-22,7750.0
2022-08-23,7820.0
2022-08-24,7908.0
2022-08-25,8001.0
2022-08-26,8197.0
2022-08-29,8198.0
2022-08-30,8180.0
2022-08-31,8320.0
2022-09-01,8275.0
2022-09-02,8378.5
2022-09-05,8315.0
2022-09-06,8050.0
2022-09-07,7970.0
2022-09-08,7975.0
2022-09-09,8208.0
2022-09-12,8314.5
2022-09-13,8182.0
2022-09-14,8152.0
2022-09-15,8110.0
2022-09-16,8032.0
2022-09-19,8072.0
2022-09-20,7448.0
2022-09-21,7019.5
2022-09-22,6949.5
2022-09-23,6366.0
2022-09-26,5572.5
2022-09-27,5484.0
2022-09-28,5390.0
2022-09-29,5112.5
2022-09-30,5018.0
2022-10-03,5558.5
2022-10-04,5999.0
2022-10-05,5790.0
2022-10-06,5812.0
2022-10-07,5360.0
2022-10-10,5300.0
2022-10-11,5310.5
2022-10-12,5210.0
2022-10-13,5230.0
2022-10-14,5119.0
2022-10-17,5352.0
2022-10-18,5570.0
2022-10-19,5663.5
2022-10-20,5943.0
2022-10-21,6250.5
2022-10-24,6213.0
2022-10-25,6308.0
2022-10-26,6114.0
2022-10-27,6116.5
2022-10-28,6030.5
2022-10-31,6047.0
2022-11-01,6056.0
2022-11-02,5900.5
2022-11-03,5908.0
2022-11-07,6178.5
2022-11-08,6508.5
2022-11-09,6434.5
2022-11-10,6715.0
2022-11-11,6733.0
2022-11-14,6682.0
2022-11-15,6482.0
2022-11-16,6634.0
2022-11-17,6574.5
2022-11-18,6575.0
2022-11-21,6428.0
2022-11-22,6741.5
2022-11-23,7140.5
2022-11-24,7068.0
2022-11-25,7008.0
2022-11-28,7150.5
2022-11-29,7237.0
2022-11-30,7338.5
2022-12-01,7525.0
2022-12-02,7504.5
2022-12-05,7446.5
2022-12-06,7382.0
2022-12-07,7452.5
2022-12-08,7402.0
2022-12-09,7420.5
2022-12-12,7418.0
2022-12-13,7638.5
2022-12-14,7738.0
2022-12-15,7463.0
2022-12-16,7525.5
2022-12-19,7503.5
2022-12-20,7803.0
2022-12-21,7853.0
2022-12-22,7760.5
2022-12-23,7823.5
2022-12-26,7809.0
2022-12-27,7862.0
2022-12-28,7770.0
2022-12-29,7734.0
2022-12-30,7692.0
2023-01-03,7903.0
2023-01-04,8014.5
2023-01-05,7875.5
2023-01-06,7905.0
2023-01-09,7845.0
2023-01-10,7876.0
2023-01-11,7881.5
2023-01-12,7934.0
2023-01-13,8068.0
2023-01-16,8228.0
2023-01-17,8129.0
2023-01-18,8155.0
2023-01-19,8164.5
2023-01-20,8174.5
2023-01-23,8224.0
2023-01-24,8435.0
2023-01-25,8569.5
2023-01-26,8766.0
2023-01-27,8768.0
2023-01-30,9252.5
2023-01-31,9478.0
2023-02-01,9720.0
2023-02-02,9449.0
2023-02-03,9248.0
2023-02-06,9342.0
2023-02-07,9111.5
2023-02-08,9218.5
2023-02-09,9139.5
2023-02-10,9123.5
2023-02-13,9080.0
2023-02-14,8931.5
2023-02-15,8375.0
2023-02-16,8427.0
2023-02-17,8667.0
2023-02-20,8922.5
2023-02-21,8963.5
2023-02-22,8743.0
2023-02-24,8788.0
2023-02-27,8878.0
2023-02-28,8788.5
2023-03-01,8939.0
2023-03-02,8836.0
2023-03-03,8956.0
2023-03-06,9003.5
2023-03-07,8919.5
2023-03-09,8892.5
2023-03-10,8976.0
2023-03-13,9395.0
2023-03-14,9239.5
2023-03-15,9268.5
2023-03-16,9220.0
2023-03-17,9412.0
2023-03-20,9419.5
2023-03-21,9310.0
2023-03-22,9488.0
2023-03-23,9488.0
2023-03-24,9475.0
2023-03-27,9408.5
2023-03-28,9449.0
2023-03-29,9427.5
2023-03-30,9454.0
2023-03-31,9441.5
2023-04-03,9600.0
2023-04-04,9725.0
2023-04-05,9699.0
2023-04-06,9589.5
2023-04-07,9600.0
2023-04-10,9666.5
2023-04-11,9619.0
2023-04-12,9673.0
2023-04-13,9883.0
2023-04-14,9835.0
2023-04-17,10354.0
2023-04-18,10421.5
2023-04-19,10197.5
2023-04-20,10411.0
2023-04-21,10382.5
2023-04-24,10540.0
2023-04-25,10543.0
2023-04-26,10543.0
2023-04-27,10586.0
2023-04-28,10404.0
2023-05-02,10460.0
2023-05-03,10319.5
2023-05-04,10575.0
2023-05-05,10474.0
2023-05-08,10507.0
2023-05-10,10742.5
2023-05-11,10439.5
2023-05-12,10454.0
2023-05-15,10510.5
2023-05-16,10512.5
2023-05-17,10448.0
2023-05-18,10337.5
2023-05-19,10175.0
2023-05-22,9954.0
2023-05-23,10053.0
2023-05-24,10128.0
2023-05-25,10054.0
2023-05-26,10201.5
2023-05-29,10773.0
2023-05-30,10512.0
2023-05-31,10594.0
2023-06-01,10622.5
2023-06-02,10550.0
2023-06-05,10182.0
2023-06-06,10287.5
2023-06-07,10315.0
2023-06-08,10337.0
2023-06-09,10313.0
2023-06-13,10358.0
2023-06-14,10395.0
2023-06-15,10450.0
2023-06-16,10671.0
2023-06-19,10649.0
2023-06-20,10980.0
2023-06-21,11273.0
2023-06-22,11151.5
2023-06-23,10845.5
2023-06-26,10795.5
2023-06-27,10876.0
2023-06-28,10861.0
2023-06-29,10798.0
2023-06-30,10804.0
2023-07-03,10717.0
2023-07-04,10720.0
2023-07-05,10847.0
2023-07-06,10780.0
2023-07-07,10712.5
2023-07-10,10959.5
2023-07-11,10756.0
2023-07-12,10774.0
2023-07-13,10728.0
2023-07-14,10823.0
2023-07-17,11152.0
2023-07-18,11411.0
2023-07-19,11438.0
2023-07-20,11521.5
2023-07-21,11546.0
2023-07-24,11524.5
2023-07-25,11643.0
2023-07-26,11615.0
2023-07-27,11659.5
2023-07-28,11685.0
2023-07-31,11892.0
2023-08-01,11785.0
2023-08-02,11799.5
2023-08-03,11820.5
2023-08-04,11622.5
2023-08-07,11639.5
2023-08-08,11504.5
2023-08-09,11505.5
2023-08-10,11697.5
2023-08-11,11678.0
2023-08-14,11471.0
2023-08-15,11521.5
2023-08-16,11268.5
2023-08-17,11317.0
2023-08-18,11588.0
2023-08-21,11491.5
2023-08-22,11420.0
2023-08-23,11404.5
2023-08-24,11468.0
2023-08-25,11455.0
2023-08-28,11748.0
2023-08-29,11674.0
2023-08-30,11670.5
2023-08-31,11671.0
2023-09-01,11824.0
2023-09-04,12073.0
2023-09-05,12037.0
2023-09-06,11857.0
2023-09-07,11653.5
2023-09-08,11389.0
2023-09-11,11395.5
2023-09-12,11471.0
2023-09-13,11488.5
2023-09-14,11456.5
2023-09-15,11593.5
2023-09-18,11642.0
2023-09-19,11352.0
2023-09-20,11418.5
2023-09-21,11161.0
2023-09-22,11159.0
2023-09-25,11032.0
2023-09-26,11094.0
2023-09-27,11223.0
2023-09-28,11237.0
2023-09-29,11418.0
2023-10-02,11181.0
2023-10-03,11396.0
2023-10-04,11370.0
2023-10-05,11362.5
2023-10-06,11486.5
2023-10-09,11627.0
2023-10-10,11569.5
2023-10-11,11457.0
2023-10-12,11513.5
2023-10-13,11686.0
2023-10-16,11715.5
2023-10-17,11849.5
2023-10-18,11928.5
2023-10-19,11887.5
2023-10-20,11829.0
2023-10-23,11797.0
2023-10-24,11759.0
2023-10-25,11756.0
2023-10-26,11577.0
2023-10-27,11726.0
2023-10-30,11650.0
2023-10-31,11323.0
2023-11-01,11472.5
2023-11-02,11400.5
2023-11-03,11413.5
2023-11-06,11363.5
2023-11-07,11351.5
2023-11-08,11294.5
2023-11-09,11285.5
2023-11-10,11179.0
2023-11-13,11256.0
2023-11-14,11308.5
2023-11-15,11263.0
2023-11-16,11207.0
2023-11-17,11220.0
2023-11-20,11209.0
2023-11-21,11338.5
2023-11-22,11313.0
2023-11-23,11339.5
2023-11-24,11205.0
2023-11-27,11001.5
2023-11-28,11195.0
2023-11-29,11079.5
2023-11-30,10798.0
2023-12-01,10971.5
2023-12-04,10710.0
2023-12-05,10752.5
2023-12-06,10551.5
2023-12-07,10602.0
2023-12-08,10508.0
2023-12-11,10050.5
2023-12-12,9976.0
2023-12-13,10061.0
2023-12-14,9885.0
2023-12-15,10194.0
2023-12-18,10242.5
2023-12-19,10403.5
2023-12-20,10626.5
2023-12-21,10593.5
2023-12-22,10555.5
2023-12-25,10496.5
2023-12-26,10613.0
2023-12-27,10670.0
2023-12-28,10619.5
2023-12-29,10674.5
2024-01-03,10830.0
2024-01-04,10862.5
2024-01-05,10800.0
2024-01-08,10900.0
2024-01-09,10898.5
2024-01-10,10809.0
2024-01-11,10851.5
2024-01-12,10999.0
2024-01-15,11049.0
2024-01-16,10995.5
2024-01-17,10966.0
2024-01-18,11030.5
2024-01-19,11003.0
2024-01-22,11063.0
2024-01-23,11052.0
2024-01-24,10936.0
2024-01-25,10951.5
2024-01-26,10958.0
2024-01-29,10981.0
2024-01-30,11077.5
2024-01-31,11413.0
2024-02-01,11373.0
2024-02-02,11295.0
2024-02-05,11320.0
2024-02-06,11310.0
2024-02-07,11390.0
2024-02-08,11152.0
2024-02-09,11167.0
2024-02-12,11111.0
2024-02-13,11080.0
2024-02-14,10999.0
2024-02-15,11038.0
2024-02-16,10846.0
2024-02-19,10927.5
2024-02-20,10735.5
2024-02-21,10728.0
2024-02-22,10774.0
2024-02-26,11002.0
2024-02-27,10904.5
2024-02-28,11045.5
2024-02-29,11014.0
2024-03-01,11005.0
2024-03-04,11592.0
2024-03-05,11365.5
2024-03-06,11752.0
2024-03-07,11702.5
2024-03-11,11741.5
2024-03-12,11646.0
2024-03-13,11870.0
2024-03-14,11752.5
2024-03-15,11760.0
2024-03-18,11673.0
2024-03-19,11534.0
2024-03-20,11759.5
2024-03-21,11666.0
2024-03-22,11406.0
2024-03-25,11481.0
2024-03-26,11573.5
2024-03-27,11523.0
2024-03-28,11716.5
2024-03-29,11985.0
2024-04-01,12450.0
2024-04-02,13000.0
2024-04-03,13313.5
2024-04-04,13105.0
2024-04-05,13363.5
2024-04-08,13455.0
2024-04-09,13920.0
2024-04-10,13710.5
2024-04-11,14158.0
2024-04-12,14562.5
2024-04-15,14569.5
2024-04-16,14469.0
2024-04-17,14130.5
2024-04-18,14235.0
2024-04-19,14253.5
2024-04-22,13861.0
2024-04-23,13600.0
2024-04-24,13311.0
2024-04-25,13592.0
2024-04-26,13784.5
2024-04-27,13712.5
2024-04-29,13577.5
2024-04-30,13226.0
2024-05-02,13301.0
2024-05-03,13202.5
2024-05-06,13635.0
2024-05-07,13515.0
2024-05-08,13489.0
2024-05-10,13910.0
2024-05-13,13950.0
2024-05-14,13905.0
2024-05-15,14335.0
2024-05-16,14170.0
2024-05-17,14355.5
2024-05-20,14498.0
2024-05-21,14467.0
2024-05-22,13915.5
2024-05-23,13938.5
2024-05-24,13770.0
2024-05-27,13371.0
2024-05-28,13085.0
2024-05-29,12809.0
2024-05-30,12560.0
2024-05-31,12280.0
2024-06-03,12556.5
2024-06-04,12319.5
2024-06-05,12460.0
2024-06-06,12598.5
2024-06-07,12367.5
2024-06-10,12099.5
2024-06-11,12052.5
2024-06-13,12029.5
2024-06-14,12331.5
2024-06-17,12078.0
2024-06-18,11861.5
2024-06-19,11333.0
2024-06-20,11898.0
2024-06-21,11859.5
2024-06-24,11722.0
2024-06-25,11759.0
2024-06-26,11892.0
2024-06-27,12109.0
2024-06-28,12098.0
2024-07-01,12185.0
2024-07-02,12470.0
2024-07-03,12350.5
2024-07-04,12140.0
2024-07-05,12416.5
2024-07-08,12207.5
2024-07-09,11890.0
2024-07-10,11408.5
2024-07-11,12207.5
2024-07-12,12300.0
2024-07-15,11959.0
2024-07-16,12539.5
2024-07-17,12801.5
2024-07-18,12745.5
2024-07-19,12713.0
2024-07-22,12908.0
2024-07-23,13028.0
2024-07-24,12959.5
2024-07-25,12753.0
2024-07-26,12605.5
2024-07-29,12283.0
2024-07-30,12725.0
2024-07-31,12929.5
2024-08-01,12850.0
2024-08-02,12607.0
2024-08-05,12297.0
2024-08-06,12379.0
2024-08-07,12326.0
2024-08-08,12368.5
2024-08-09,12305.0
2024-08-12,12731.5
2024-08-13,12832.5
2024-08-14,12572.0
2024-08-15,12591.5
2024-08-16,12714.5
2024-08-19,12703.0
2024-08-20,12985.5
2024-08-21,12987.0
2024-08-22,12614.5
2024-08-23,12745.0
2024-08-26,12949.0
2024-08-27,12952.5
2024-08-28,12593.5
2024-08-29,12484.5
2024-08-30,12000.0
2024-09-02,11539.0
2024-09-03,11517.0
2024-09-04,11903.0
2024-09-05,11997.0
2024-09-06,12099.5
2024-09-09,12546.0
2024-09-10,12481.0
2024-09-11,12446.0
2024-09-12,12657.0
2024-09-13,12834.5
2024-09-16,13273.0
2024-09-17,13178.0
2024-09-18,13048.5
2024-09-19,13235.0
2024-09-20,13510.0
2024-09-23,13630.0
2024-09-24,13747.5
2024-09-25,13441.5
2024-09-26,13528.0
2024-09-27,13397.5
2024-09-30,13189.5
2024-10-01,13539.0
2024-10-02,13419.5
2024-10-03,13448.0
2024-10-04,13423.0
2024-10-07,13359.5
2024-10-08,13288.5
2024-10-09,13019.5
2024-10-10,13028.5
2024-10-11,13259.5
2024-10-14,13328.0
2024-10-15,13508.0
2024-10-16,13513.0
2024-10-17,13526.5
2024-10-18,13641.0
2024-10-21,14554.5
2024-10-22,14602.0
2024-10-23,14500.0
2024-10-24,14815.0
2024-10-25,14594.0
2024-10-28,14365.0
2024-10-29,14538.0
2024-10-30,14799.5
2024-10-31,14715.5
2024-11-01,15164.0
2024-11-02,15189.0
2024-11-05,15232.0
2024-11-06,14718.5
2024-11-07,14850.0
2024-11-08,14746.0
2024-11-11,14258.0
2024-11-12,14370.0
2024-11-13,14152.5
2024-11-14,14143.5
2024-11-15,14365.5
2024-11-18,14571.0
2024-11-19,14418.0
2024-11-20,14409.0
2024-11-21,14421.0
2024-11-22,14762.0
2024-11-25,14513.0
2024-11-26,14180.0
2024-11-27,14307.5
2024-11-28,14203.5
2024-11-29,14124.5
2024-12-02,14430.0
2024-12-03,14512.5
2024-12-04,14260.0
2024-12-05,14319.0
2024-12-06,14323.0
2024-12-09,14799.0
2024-12-10,14777.0
2024-12-11,15044.0
2024-12-12,14770.0
2024-12-13,13692.5
2024-12-16,13074.0
2024-12-17,13620.0
2024-12-18,13820.0
2024-12-19,13336.0
2024-12-20,13600.0
2024-12-23,13929.5
2024-12-24,13719.0
2024-12-25,13973.5
2024-12-26,14001.0
2024-12-27,14139.0
2024-12-28,13926.0
2024-12-30,13981.0
2025-01-03,14095.0
2025-01-06,14070.0
2025-01-08,14410.0
2025-01-09,14533.0
2025-01-10,14886.0
2025-01-13,14903.0
2025-01-14,14914.0
2025-01-15,15084.0
2025-01-16,15207.5
2025-01-17,15163.5
2025-01-20,14971.0
2025-01-21,15800.0
2025-01-22,16010.0
2025-01-23,16465.5
2025-01-24,17080.0
2025-01-27,16902.0
2025-01-28,17205.5
2025-01-29,17017.0
2025-01-30,17250.0
2025-01-31,17170.0
2025-02-03,17359.5
2025-02-04,17678.0
2025-02-05,17846.5
2025-02-06,17729.5
2025-02-07,17830.0
2025-02-10,17973.5
2025-02-11,18170.5
2025-02-12,18882.5
2025-02-13,19319.0
2025-02-14,18709.5
2025-02-17,18500.0
2025-02-18,18717.0
2025-02-19,18973.5
2025-02-20,19009.0
2025-02-21,18849.0
2025-02-24,18717.0
2025-02-25,19521.0
2025-02-26,19562.5
2025-02-27,19168.0
2025-02-28,19313.0
2025-03-03,19159.0
2025-03-04,19702.5
2025-03-05,19531.5
2025-03-06,19550.0
2025-03-07,19399.5
2025-03-10,18871.0
2025-03-11,19030.5
2025-03-12,19021.5
2025-03-13,18997.0
2025-03-14,19333.0
2025-03-17,19406.5
2025-03-18,19001.0
2025-03-19,19054.5
2025-03-20,19039.5
2025-03-21,19017.0
2025-03-27,1867.6
2025-03-28,1880.0
2025-03-31,1863.6
2025-04-01,1783.0
2025-04-02,1811.4
2025-04-03,1741.2
2025-04-04,1741.2
2025-04-07,1727.2
2025-04-08,1776.8
2025-04-09,1818.2
2025-04-10,1850.0
2025-04-11,1899.6
2025-04-14,1897.8
2025-04-15,1898.0
2025-04-16,1950.0
2025-04-17,1924.2
2025-04-18,1917.2
2025-04-21,1958.0
2025-04-22,1954.2
2025-04-23,1911.0
2025-04-24,1904.8
2025-04-25,1856.8
2025-04-28,1816.6
2025-04-29,1761.8
2025-04-30,1751.4
2025-05-02,1701.8
2025-05-05,1744.6
2025-05-06,1804.2
2025-05-07,1763.4
2025-05-08,1748.8
2025-05-12,1736.6
2025-05-13,1759.8
2025-05-14,1712.0
2025-05-15,1684.6
2025-05-16,1663.4
2025-05-19,1655.6
2025-05-20,1705.0
2025-05-21,1706.0
2025-05-22,1669.8
2025-05-23,1719.4
2025-05-26,1663.0
2025-05-27,1653.6
2025-05-28,1688.8
2025-05-29,1680.8
2025-05-30,1687.0
2025-06-02,1729.8
2025-06-03,1739.0
2025-06-04,1761.8
2025-06-05,1823.8
2025-06-06,1746.2
2025-06-09,1711.8
2025-06-10,1722.4
2025-06-11,1734.0
2025-06-13,1764.4
2025-06-16,1757.0
2025-06-17,1744.4
2025-06-18,1732.8
2025-06-19,1733.0
2025-06-20,1715.4
2025-06-23,1701.8
2025-06-24,1717.8
2025-06-25,1755.6
2025-06-26,1790.0
2025-06-27,1797.2
2025-06-30,1817.4
2025-07-01,1865.0
2025-07-02,1867.0
2025-07-03,1851.6
2025-07-04,1908.0
2025-07-07,1882.0
2025-07-08,1845.2
2025-07-09,1828.4
2025-07-10,1860.8
2025-07-11,1790.0
2025-07-14,1837.6
2025-07-15,1862.0
2025-07-16,1884.4
2025-07-17,1891.0
2025-07-18,1873.0
2025-07-21,1943.2
2025-07-22,1970.0
2025-07-23,1968.8
2025-07-24,1973.0
2025-07-25,1914.6
2025-07-28,1931.0
2025-07-29,1987.0
2025-07-30,1930.8
2025-07-31,1967.2
2025-08-01,1966.4
2025-08-04,2031.6
2025-08-05,2048.0
2025-08-06,2053.8
2025-08-07,2079.4
2025-08-08,2145.0
2025-08-11,2108.4
2025-08-12,2077.0
2025-08-13,2097.4
2025-08-14,2108.0
2025-08-15,2116.2
2025-08-18,2115.6
2025-08-19,2137.8
2025-08-20,2146.8
2025-08-21,2147.4
2025-08-22,2194.0
2025-08-25,2198.0
2025-08-26,2209.6
2025-08-27,2143.8
2025-08-28,2165.0
2025-08-29,2138.2
2025-09-01,2182.4
2025-09-02,2223.8
2025-09-03,2232.2
2025-09-04,2219.4
2025-09-05,2235.6
2025-09-08,2280.8
2025-09-09,2327.4
2025-09-10,2336.4
2025-09-11,2328.4
2025-09-12,2312.8
2025-09-15,2345.0
2025-09-16,2340.2
2025-09-17,2309.6
2025-09-18,2296.0
2025-09-19,2293.6
2025-09-22,2328.6
2025-09-23,2322.8
2025-09-24,2309.0
2025-09-25,2313.0
2025-09-26,2320.2
2025-09-29,2386.6
2025-09-30,2362.4
2025-10-01,2368.2
2025-10-02,2317.2
2025-10-03,2321.8
2025-10-06,2377.4
2025-10-07,2386.0
2025-10-08,2352.0
2025-10-09,2323.0
2025-10-10,2292.4
2025-10-13,2223.6
2025-10-14,2128.2
2025-10-15,2212.8
2025-10-16,2340.0
2025-10-17,2196.2
2025-10-20,2186.0
2025-10-21,2058.2
2025-10-22,2043.8
2025-10-23,2037.2
2025-10-24,2043.2
2025-10-27,1971.0
2025-10-28,1980.6
2025-10-29,2045.8
2025-10-30,2094.6
2025-10-31,2052.8
2025-11-01,2062.0
2025-11-03,2098.8
2025-11-05,2087.0
2025-11-06,2072.8
2025-11-07,2084.8
2025-11-10,2148.0
2025-11-11,2153.8
2025-11-12,2153.6
2025-11-13,2167.8
2025-11-14,2150.2
2025-11-17,2095.0
2025-11-18,2130.2
2025-11-19,2145.0
2025-11-20,2170.2
2025-11-21,2161.0
2025-11-24,2140.0
2025-11-25,2133.6
2025-11-26,2136.6
2025-11-27,2111.2
2025-11-28,2140.4
2025-12-01,2144.8
2025-12-02,2135.0
2025-12-03,2128.0
2025-12-04,2136.8
2025-12-05,2168.6
2025-12-08,2138.0
2025-12-09,2168.0
2025-12-10,2183.8
2025-12-11,2255.6
2025-12-12,2241.8
2025-12-15,2294.2
2025-12-16,2312.4
2025-12-17,2310.2
2025-12-18,2294.4
2025-12-19,2304.8
2025-12-22,2286.8
2025-12-23,2328.0
2025-12-24,2325.2
2025-12-25,2324.6
2025-12-26,2373.4
2025-12-29,2372.0
2025-12-30,2398.4
2026-01-05,2438.8
2026-01-06,2442.0
2026-01-08,2408.0
2026-01-09,2416.4
2026-01-12,2547.0
2026-01-13,2580.0
2026-01-14,2593.2
2026-01-15,2569.8
2026-01-16,2561.0
2026-01-19,2609.0
2026-01-20,2649.0
2026-01-21,2643.0
2026-01-22,2696.0
2026-01-23,2709.0
2026-01-26,2737.4
2026-01-27,2714.8
2026-01-28,2738.0
2026-01-29,2706.0
2026-01-30,2601.2
2026-02-02,2629.8
2026-02-03,2690.0
2026-02-04,2674.8
2026-02-05,2601.6
2026-02-06,2631.8
2026-02-09,2677.8
2026-02-10,2661.6
2026-02-11,2676.0
2026-02-12,2573.2
2026-02-13,2533.8
2026-02-16,2469.0
2026-02-17,2421.6
2026-02-18,2485.6
2026-02-19,2499.6
2026-02-20,2505.0
2026-02-24,2488.0
2026-02-25,2511.4
2026-02-26,2481.0
2026-02-27,2505.4
2026-03-02,2543.0
2026-03-03,2476.4
2026-03-04,2492.4
2026-03-05,2475.0
2026-03-06,2436.4
2026-03-09,2402.2
2026-03-10,2464.4
2026-03-11,2431.6
2026-03-12,2408.6
2026-03-13,2421.2
2026-03-16,2392.6
2026-03-17,2386.2
2026-03-18,2322.4
2026-03-19,2283.0
2026-03-20,2296.0
2026-03-23,2283.6
2026-03-24,2273.0
2026-03-25,2251.4
2026-03-26,2227.6
2026-03-27,2165.6
2026-03-30,2121.0
2026-03-31,2115.4
2026-04-01,2167.8
2026-04-02,2150.0
2026-04-03,2138.6
2026-04-06,2171.2
2026-04-07,2259.0
2026-04-08,2260.2
2026-04-09,2224.2
2026-04-10,2163.4
2026-04-13,2131.0
2026-04-14,2207.4
2026-04-15,2238.2
2026-04-16,2230.0
2026-04-17,2263.2
2026-04-20,2280.2
2026-04-21,2296.6
2026-04-22,2303.4
2026-04-23,2288.0
2026-04-24,2289.8
2026-04-27,2251.0
2026-04-28,2162.4
2026-04-29,2069.2
2026-04-30,2099.0
2026-05-04,2057.0
2026-05-05,2067.0
2026-05-06,2195.0
2026-05-07,2139.0
2026-05-08,2159.0
2026-05-11,2181.6
2026-05-12,2180.8
2026-05-13,2175.2
2026-05-14,2132.2
2026-05-15,2120.0
2026-05-18,2090.4
2026-05-19,2073.2
2026-05-20,2071.0
2026-05-21,2105.8
2026-05-22,2082.8
2026-05-25,2129.6
2026-05-26,2102.6
2026-05-27,2107.2
2026-05-28,2102.0
2026-05-29,2087.2
2026-06-01,2069.6
2026-06-02,2110.6
2026-06-03,2094.0
2026-06-04,2097.6
2026-06-05,2064.0
2026-06-08,2018.0
2026-06-09,2034.2
2026-06-10,1950.0
2026-06-11,1995.0
2026-06-15,2082.4
2026-06-16,2049.4
2026-06-17,2029.8
2026-06-18,2047.0
2026-06-19,2016.4
2026-06-22,1994.6
2026-06-23,1997.4
2026-06-24,1917.0
2026-06-25,1917.8
2026-06-26,1975.0
2026-06-29,1987.4
2026-06-30,1980.4
2026-07-01,1983.8
2026-07-02,1932.2
2026-07-03,1924.4
2026-07-06,1854.4
2026-07-07,1828.0
2026-07-08,1345.0
2026-07-09,1334.0
2026-07-10,1191.6
2026-07-13,1193.4
2026-07-14,1183.8
2026-07-15,1156.6
2026-07-16,1006.4
2026-07-17,927.6
2026-07-20,1025.4
2026-07-21,1163.2
2026-07-22,1288.0
2026-07-23,1212.0
2026-07-24,1227.2
2026-07-27,1336.4
2026-07-28,1309.2
2026-07-29,1316.4
2026-07-30,1292.6
2026-07-31,1286.0
2026-08-03,1309.0
2026-08-04,1303.0
2026-08-05,1367.0
2026-08-06,1344.6
2026-08-07,1322.6
2026-08-10,1344.2
2026-08-11,1324.2
2026-08-12,1261.6
2026-08-13,1154.6
2026-08-14,1099.2
2026-08-17,1104.8
2026-08-18,1115.8
2026-08-19,1190.0
2026-08-20,1150.4
2026-08-21,1171.8
2026-08-24,1126.8
2026-08-25,1109.4
2026-08-26,1060.0
2026-08-27,1068.4
2026-08-28,1045.0
2026-08-31,1043.8
2026-09-01,979.4
2026-09-02,994.0
2026-09-03,1009.2
2026-09-04,1004.2
2026-09-07,991.6
2026-09-08,981.0
2026-09-09,981.4
2026-09-10,982.0
2026-09-11,1000.4
2026-09-14,993.6
2026-09-15,990.2
2026-09-16,953.2
2026-09-17,960.0
2026-09-18,955.2
