date,TATN
2016-09-20,324.35
2016-09-21,318.45
2016-09-22,322.45
2016-09-23,323.25
2016-09-26,319.15
2016-09-27,316.8
2016-09-28,319.5
2016-09-29,325.85
2016-09-30,320.25
2016-10-03,320.65
2016-10-04,324.45
2016-10-05,326.1
2016-10-06,326.85
2016-10-07,326.85
2016-10-10,325.85
2016-10-11,327.95
2016-10-12,326.9
2016-10-13,330.6
2016-10-14,328.5
2016-10-17,329.05
2016-10-18,333.8
2016-10-19,331.4
2016-10-20,331.5
2016-10-21,331.3
2016-10-24,331.0
2016-10-25,338.95
2016-10-26,332.6
2016-10-27,334.45
2016-10-28,338.4
2016-10-31,355.0
2016-11-01,362.55
2016-11-02,355.9
2016-11-03,355.0
2016-11-07,355.9
2016-11-08,353.8
2016-11-09,364.6
2016-11-10,375.0
2016-11-11,357.45
2016-11-14,361.0
2016-11-15,363.7
2016-11-16,381.95
2016-11-17,399.55
2016-11-18,386.8
2016-11-21,398.0
2016-11-22,385.85
2016-11-23,392.4
2016-11-24,389.6
2016-11-25,386.1
2016-11-28,391.0
2016-11-29,384.0
2016-11-30,388.3
2016-12-01,398.5
2016-12-02,397.8
2016-12-05,413.7
2016-12-06,422.95
2016-12-07,423.5
2016-12-08,417.8
2016-12-09,417.3
2016-12-12,394.0
2016-12-13,405.95
2016-12-14,395.0
2016-12-15,405.0
2016-12-16,403.35
2016-12-19,398.8
2016-12-20,410.0
2016-12-21,410.95
2016-12-22,399.85
2016-12-23,394.65
2016-12-26,397.55
2016-12-27,402.95
2016-12-28,410.3
2016-12-29,420.4
2016-12-30,427.0
2017-01-03,445.2
2017-01-04,446.4
2017-01-05,424.25
2017-01-06,423.45
2017-01-09,425.8
2017-01-10,428.6
2017-01-11,431.25
2017-01-12,438.0
2017-01-13,433.1
2017-01-16,427.25
2017-01-17,423.05
2017-01-18,420.0
2017-01-19,412.15
2017-01-20,411.15
2017-01-23,401.8
2017-01-24,411.7
2017-01-25,409.8
2017-01-26,429.95
2017-01-27,435.0
2017-01-30,421.0
2017-01-31,406.7
2017-02-01,408.8
2017-02-02,404.9
2017-02-03,404.4
2017-02-06,401.95
2017-02-07,399.0
2017-02-08,406.0
2017-02-09,398.95
2017-02-10,398.3
2017-02-13,395.45
2017-02-14,385.2
2017-02-15,377.5
2017-02-16,380.5
2017-02-17,367.1
2017-02-20,365.0
2017-02-21,366.15
2017-02-22,364.5
2017-02-24,360.0
2017-02-27,351.9
2017-02-28,340.95
2017-03-01,355.95
2017-03-02,365.0
2017-03-03,364.0
2017-03-06,370.0
2017-03-07,354.95
2017-03-09,342.7
2017-03-10,341.1
2017-03-13,363.4
2017-03-14,365.4
2017-03-15,356.0
2017-03-16,371.0
2017-03-17,368.7
2017-03-20,364.45
2017-03-21,364.7
2017-03-22,365.5
2017-03-23,359.95
2017-03-24,349.0
2017-03-27,347.35
2017-03-28,351.9
2017-03-29,354.0
2017-03-30,359.9
2017-03-31,347.65
2017-04-03,351.0
2017-04-04,352.35
2017-04-05,369.85
2017-04-06,369.45
2017-04-07,357.7
2017-04-10,343.3
2017-04-11,342.15
2017-04-12,334.95
2017-04-13,330.0
2017-04-14,325.0
2017-04-17,329.0
2017-04-18,323.25
2017-04-19,326.65
2017-04-20,324.45
2017-04-21,326.85
2017-04-24,331.6
2017-04-25,335.1
2017-04-26,339.8
2017-04-27,361.2
2017-04-28,377.0
2017-05-02,371.35
2017-05-03,361.0
2017-05-04,368.25
2017-05-05,368.3
2017-05-10,373.5
2017-05-11,372.35
2017-05-12,375.5
2017-05-15,386.5
2017-05-16,384.0
2017-05-17,393.5
2017-05-18,392.8
2017-05-19,392.25
2017-05-22,389.35
2017-05-23,392.0
2017-05-24,400.0
2017-05-25,389.5
2017-05-26,388.0
2017-05-29,388.8
2017-05-30,387.0
2017-05-31,384.5
2017-06-01,378.45
2017-06-02,380.3
2017-06-05,376.3
2017-06-06,363.4
2017-06-07,358.0
2017-06-08,359.9
2017-06-09,360.0
2017-06-13,360.3
2017-06-14,365.65
2017-06-15,365.0
2017-06-16,350.1
2017-06-19,368.55
2017-06-20,369.0
2017-06-21,376.4
2017-06-22,373.1
2017-06-23,371.85
2017-06-26,370.0
2017-06-27,372.25
2017-06-28,380.9
2017-06-29,378.85
2017-06-30,375.6
2017-07-03,389.15
2017-07-04,383.4
2017-07-05,388.5
2017-07-06,370.95
2017-07-07,369.1
2017-07-10,365.5
2017-07-11,367.05
2017-07-12,374.0
2017-07-13,377.8
2017-07-14,378.0
2017-07-17,377.3
2017-07-18,371.75
2017-07-19,386.5
2017-07-20,386.7
2017-07-21,385.1
2017-07-24,386.75
2017-07-25,380.2
2017-07-26,389.8
2017-07-27,388.1
2017-07-28,379.0
2017-07-31,390.1
2017-08-01,389.8
2017-08-02,392.0
2017-08-03,392.6
2017-08-04,382.95
2017-08-07,387.0
2017-08-08,401.0
2017-08-09,389.9
2017-08-10,388.15
2017-08-11,379.45
2017-08-14,377.0
2017-08-15,377.35
2017-08-16,379.25
2017-08-17,381.5
2017-08-18,380.95
2017-08-21,375.5
2017-08-22,381.25
2017-08-23,382.15
2017-08-24,383.2
2017-08-25,385.5
2017-08-28,388.0
2017-08-29,382.85
2017-08-30,381.55
2017-08-31,388.0
2017-09-01,386.15
2017-09-04,385.4
2017-09-05,386.0
2017-09-06,392.5
2017-09-07,389.4
2017-09-08,395.85
2017-09-11,391.05
2017-09-12,391.35
2017-09-13,384.5
2017-09-14,391.05
2017-09-15,396.6
2017-09-18,395.5
2017-09-19,391.05
2017-09-20,399.95
2017-09-21,409.4
2017-09-22,402.35
2017-09-25,412.1
2017-09-26,405.7
2017-09-27,410.95
2017-09-28,411.65
2017-09-29,411.25
2017-10-02,403.15
2017-10-03,404.85
2017-10-04,414.8
2017-10-05,419.95
2017-10-06,425.0
2017-10-09,421.1
2017-10-10,424.35
2017-10-11,427.9
2017-10-12,428.6
2017-10-13,430.2
2017-10-16,429.75
2017-10-17,425.3
2017-10-18,421.05
2017-10-19,415.55
2017-10-20,424.85
2017-10-23,418.95
2017-10-24,422.6
2017-10-25,412.0
2017-10-26,408.35
2017-10-27,419.85
2017-10-30,424.3
2017-10-31,436.0
2017-11-01,444.4
2017-11-02,439.0
2017-11-03,437.5
2017-11-07,491.95
2017-11-08,490.0
2017-11-09,491.35
2017-11-10,487.0
2017-11-13,484.3
2017-11-14,487.5
2017-11-15,479.6
2017-11-16,471.0
2017-11-17,468.85
2017-11-20,471.0
2017-11-21,492.35
2017-11-22,488.95
2017-11-23,483.95
2017-11-24,479.5
2017-11-27,483.9
2017-11-28,480.0
2017-11-29,467.65
2017-11-30,456.7
2017-12-01,459.75
2017-12-04,511.45
2017-12-05,506.7
2017-12-06,510.9
2017-12-07,507.0
2017-12-08,503.1
2017-12-11,516.95
2017-12-12,517.0
2017-12-13,503.0
2017-12-14,492.8
2017-12-15,487.55
2017-12-18,503.0
2017-12-19,491.65
2017-12-20,477.3
2017-12-21,471.95
2017-12-22,481.6
2017-12-25,481.75
2017-12-26,483.0
2017-12-27,482.4
2017-12-28,477.95
2017-12-29,478.8
2018-01-03,486.8
2018-01-04,502.0
2018-01-05,500.9
2018-01-09,511.3
2018-01-10,510.3
2018-01-11,508.95
2018-01-12,515.55
2018-01-15,518.15
2018-01-16,528.95
2018-01-17,546.0
2018-01-18,560.0
2018-01-19,551.2
2018-01-22,567.15
2018-01-23,564.4
2018-01-24,569.7
2018-01-25,573.8
2018-01-26,580.0
2018-01-29,578.6
2018-01-30,565.4
2018-01-31,565.2
2018-02-01,578.65
2018-02-02,579.0
2018-02-05,564.4
2018-02-06,542.7
2018-02-07,563.1
2018-02-08,555.5
2018-02-09,536.7
2018-02-12,536.0
2018-02-13,549.75
2018-02-14,554.0
2018-02-15,560.0
2018-02-16,569.0
2018-02-19,569.05
2018-02-20,574.8
2018-02-21,586.3
2018-02-22,599.5
2018-02-26,602.0
2018-02-27,606.2
2018-02-28,594.0
2018-03-01,594.8
2018-03-02,595.0
2018-03-05,600.4
2018-03-06,604.0
2018-03-07,595.25
2018-03-09,604.0
2018-03-12,606.8
2018-03-13,606.5
2018-03-14,602.95
2018-03-15,606.7
2018-03-16,613.25
2018-03-19,611.0
2018-03-20,620.0
2018-03-21,618.8
2018-03-22,616.75
2018-03-23,618.35
2018-03-26,603.5
2018-03-27,605.5
2018-03-28,604.0
2018-03-29,615.0
2018-03-30,611.6
2018-04-02,598.3
2018-04-03,604.95
2018-04-04,599.75
2018-04-05,614.55
2018-04-06,610.0
2018-04-09,596.7
2018-04-10,641.1
2018-04-11,650.25
2018-04-12,655.65
2018-04-13,647.75
2018-04-16,650.0
2018-04-17,657.0
2018-04-18,660.55
2018-04-19,660.0
2018-04-20,657.1
2018-04-23,659.45
2018-04-24,661.0
2018-04-25,666.0
2018-04-26,680.0
2018-04-27,685.25
2018-04-28,680.7
2018-04-30,671.05
2018-05-02,671.0
2018-05-03,650.0
2018-05-04,659.35
2018-05-07,654.15
2018-05-08,666.95
2018-05-10,671.8
2018-05-11,677.55
2018-05-14,685.25
2018-05-15,679.55
2018-05-16,676.0
2018-05-17,672.1
2018-05-18,681.5
2018-05-21,685.0
2018-05-22,676.05
2018-05-23,664.3
2018-05-24,664.0
2018-05-25,667.6
2018-05-28,663.35
2018-05-29,675.95
2018-05-30,669.5
2018-05-31,666.5
2018-06-01,665.55
2018-06-04,670.45
2018-06-05,673.85
2018-06-06,668.5
2018-06-07,668.0
2018-06-08,653.3
2018-06-09,656.35
2018-06-11,653.0
2018-06-13,655.0
2018-06-14,642.05
2018-06-15,650.0
2018-06-18,641.0
2018-06-19,646.05
2018-06-20,655.0
2018-06-21,661.45
2018-06-22,656.65
2018-06-25,672.65
2018-06-26,660.45
2018-06-27,674.15
2018-06-28,658.0
2018-06-29,675.95
2018-07-02,677.2
2018-07-03,678.0
2018-07-04,684.15
2018-07-05,686.0
2018-07-06,678.75
2018-07-09,689.95
2018-07-10,699.9
2018-07-11,694.0
2018-07-12,697.05
2018-07-13,703.7
2018-07-16,699.7
2018-07-17,690.05
2018-07-18,701.45
2018-07-19,704.95
2018-07-20,700.0
2018-07-23,693.2
2018-07-24,691.7
2018-07-25,705.0
2018-07-26,710.7
2018-07-27,707.8
2018-07-30,718.0
2018-07-31,721.4
2018-08-01,728.9
2018-08-02,723.1
2018-08-03,730.0
2018-08-06,731.9
2018-08-07,732.8
2018-08-08,740.0
2018-08-09,747.5
2018-08-10,752.0
2018-08-13,758.5
2018-08-14,752.6
2018-08-15,753.5
2018-08-16,742.0
2018-08-17,740.0
2018-08-20,751.0
2018-08-21,757.8
2018-08-22,764.8
2018-08-23,760.5
2018-08-24,774.9
2018-08-27,783.1
2018-08-28,784.8
2018-08-29,794.9
2018-08-30,795.9
2018-08-31,783.1
2018-09-03,788.3
2018-09-04,787.0
2018-09-05,779.8
2018-09-06,785.6
2018-09-07,785.5
2018-09-10,813.0
2018-09-11,813.1
2018-09-12,798.8
2018-09-13,796.1
2018-09-14,794.0
2018-09-17,784.9
2018-09-18,786.8
2018-09-19,783.9
2018-09-20,783.1
2018-09-21,795.5
2018-09-24,784.1
2018-09-25,818.1
2018-09-26,813.3
2018-09-27,837.0
2018-09-28,835.4
2018-10-01,833.2
2018-10-02,813.8
2018-10-03,826.3
2018-10-04,819.6
2018-10-05,810.1
2018-10-08,821.4
2018-10-09,823.9
2018-10-10,823.8
2018-10-11,778.3
2018-10-12,790.0
2018-10-15,789.7
2018-10-16,786.4
2018-10-17,790.5
2018-10-18,779.0
2018-10-19,776.0
2018-10-22,776.9
2018-10-23,765.5
2018-10-24,776.6
2018-10-25,776.5
2018-10-26,762.1
2018-10-29,762.9
2018-10-30,754.9
2018-10-31,784.4
2018-11-01,779.0
2018-11-02,792.7
2018-11-06,802.2
2018-11-07,814.1
2018-11-08,819.2
2018-11-09,813.4
2018-11-12,812.3
2018-11-13,793.0
2018-11-14,762.5
2018-11-15,752.3
2018-11-16,760.8
2018-11-19,763.6
2018-11-20,750.8
2018-11-21,758.3
2018-11-22,755.0
2018-11-23,726.7
2018-11-26,705.7
2018-11-27,705.0
2018-11-28,725.6
2018-11-29,714.0
2018-11-30,712.7
2018-12-03,743.8
2018-12-04,771.3
2018-12-05,778.7
2018-12-06,765.0
2018-12-07,776.0
2018-12-10,759.9
2018-12-11,760.0
2018-12-12,738.7
2018-12-13,736.0
2018-12-14,726.4
2018-12-17,727.0
2018-12-18,719.6
2018-12-19,714.3
2018-12-20,714.7
2018-12-21,710.0
2018-12-24,703.0
2018-12-25,696.8
2018-12-26,712.0
2018-12-27,717.0
2018-12-28,737.8
2018-12-29,737.9
2019-01-03,731.8
2019-01-04,737.7
2019-01-08,723.2
2019-01-09,717.9
2019-01-10,732.6
2019-01-11,730.3
2019-01-14,725.0
2019-01-15,721.0
2019-01-16,722.0
2019-01-17,734.1
2019-01-18,741.0
2019-01-21,735.4
2019-01-22,750.5
2019-01-23,784.0
2019-01-24,772.9
2019-01-25,798.9
2019-01-28,791.4
2019-01-29,798.8
2019-01-30,806.9
2019-01-31,806.9
2019-02-01,808.1
2019-02-04,803.2
2019-02-05,810.0
2019-02-06,804.0
2019-02-07,804.7
2019-02-08,787.3
2019-02-11,780.0
2019-02-12,784.5
2019-02-13,761.6
2019-02-14,763.9
2019-02-15,790.3
2019-02-18,778.5
2019-02-19,772.8
2019-02-20,793.6
2019-02-21,796.0
2019-02-22,799.9
2019-02-25,787.1
2019-02-26,789.9
2019-02-27,794.9
2019-02-28,776.1
2019-03-01,775.2
2019-03-04,770.1
2019-03-05,760.0
2019-03-06,766.0
2019-03-07,755.2
2019-03-11,747.0
2019-03-12,732.5
2019-03-13,729.0
2019-03-14,731.8
2019-03-15,743.8
2019-03-18,753.1
2019-03-19,767.0
2019-03-20,772.6
2019-03-21,768.0
2019-03-22,757.2
2019-03-25,747.2
2019-03-26,755.5
2019-03-27,746.9
2019-03-28,755.6
2019-03-29,755.0
2019-04-01,750.7
2019-04-02,742.9
2019-04-03,743.1
2019-04-04,733.1
2019-04-05,731.2
2019-04-08,754.2
2019-04-09,760.9
2019-04-10,758.8
2019-04-11,751.0
2019-04-12,750.5
2019-04-15,741.9
2019-04-16,746.9
2019-04-17,751.6
2019-04-18,749.2
2019-04-19,748.9
2019-04-22,752.0
2019-04-23,750.2
2019-04-24,743.5
2019-04-25,738.2
2019-04-26,767.3
2019-04-29,754.9
2019-04-30,757.5
2019-05-02,754.1
2019-05-03,765.5
2019-05-06,765.3
2019-05-07,750.5
2019-05-08,723.2
2019-05-10,705.1
2019-05-13,690.9
2019-05-14,706.4
2019-05-15,693.3
2019-05-16,675.9
2019-05-17,679.4
2019-05-20,681.1
2019-05-21,706.7
2019-05-22,720.0
2019-05-23,708.0
2019-05-24,696.8
2019-05-27,695.3
2019-05-28,702.8
2019-05-29,725.9
2019-05-30,754.1
2019-05-31,748.5
2019-06-03,759.9
2019-06-04,766.9
2019-06-05,755.7
2019-06-06,758.6
2019-06-07,753.6
2019-06-10,759.4
2019-06-11,777.4
2019-06-13,770.0
2019-06-14,765.0
2019-06-17,759.7
2019-06-18,775.0
2019-06-19,771.9
2019-06-20,789.4
2019-06-21,776.8
2019-06-24,769.8
2019-06-25,763.5
2019-06-26,770.0
2019-06-27,773.3
2019-06-28,774.9
2019-07-01,768.0
2019-07-02,769.4
2019-07-03,780.0
2019-07-04,760.5
2019-07-05,762.7
2019-07-08,760.9
2019-07-09,753.6
2019-07-10,748.0
2019-07-11,741.3
2019-07-12,726.9
2019-07-15,717.5
2019-07-16,730.0
2019-07-17,741.0
2019-07-18,738.0
2019-07-19,744.0
2019-07-22,733.6
2019-07-23,747.9
2019-07-24,741.3
2019-07-25,740.5
2019-07-26,734.6
2019-07-29,738.1
2019-07-30,737.5
2019-07-31,743.2
2019-08-01,755.0
2019-08-02,732.2
2019-08-05,716.4
2019-08-06,740.0
2019-08-07,727.8
2019-08-08,738.7
2019-08-09,737.3
2019-08-12,738.6
2019-08-13,729.0
2019-08-14,709.4
2019-08-15,702.5
2019-08-16,705.0
2019-08-19,712.8
2019-08-20,721.1
2019-08-21,718.6
2019-08-22,717.6
2019-08-23,718.1
2019-08-26,716.9
2019-08-27,720.0
2019-08-28,717.9
2019-08-29,723.6
2019-08-30,743.1
2019-09-02,747.7
2019-09-03,746.0
2019-09-04,740.0
2019-09-05,743.7
2019-09-06,753.0
2019-09-09,752.8
2019-09-10,746.7
2019-09-11,749.0
2019-09-12,738.6
2019-09-13,733.3
2019-09-16,759.9
2019-09-17,756.1
2019-09-18,753.0
2019-09-19,741.9
2019-09-20,748.7
2019-09-23,743.4
2019-09-24,734.3
2019-09-25,740.0
2019-09-26,704.9
2019-09-27,697.5
2019-09-30,687.4
2019-10-01,694.9
2019-10-02,688.8
2019-10-03,676.3
2019-10-04,681.5
2019-10-07,691.5
2019-10-08,688.5
2019-10-09,690.5
2019-10-10,698.4
2019-10-11,709.7
2019-10-14,700.0
2019-10-15,700.8
2019-10-16,708.9
2019-10-17,707.3
2019-10-18,706.8
2019-10-21,721.9
2019-10-22,738.0
2019-10-23,749.9
2019-10-24,759.9
2019-10-25,749.6
2019-10-28,749.9
2019-10-29,752.0
2019-10-30,759.8
2019-10-31,748.2
2019-11-01,755.4
2019-11-05,773.0
2019-11-06,787.0
2019-11-07,797.9
2019-11-08,782.2
2019-11-11,778.8
2019-11-12,777.4
2019-11-13,772.7
2019-11-14,773.9
2019-11-15,764.0
2019-11-18,753.8
2019-11-19,760.0
2019-11-20,760.0
2019-11-21,759.0
2019-11-22,761.2
2019-11-25,760.0
2019-11-26,747.1
2019-11-27,749.0
2019-11-28,747.8
2019-11-29,740.4
2019-12-02,747.9
2019-12-03,734.2
2019-12-04,740.9
2019-12-05,745.0
2019-12-06,752.3
2019-12-09,759.2
2019-12-10,751.0
2019-12-11,762.4
2019-12-12,780.6
2019-12-13,793.2
2019-12-16,788.8
2019-12-17,791.2
2019-12-18,791.5
2019-12-19,788.0
2019-12-20,780.8
2019-12-23,788.9
2019-12-24,781.5
2019-12-25,784.5
2019-12-26,789.0
2019-12-27,770.0
2019-12-30,759.7
2020-01-03,776.7
2020-01-06,776.0
2020-01-08,788.0
2020-01-09,806.7
2020-01-10,801.0
2020-01-13,806.0
2020-01-14,811.6
2020-01-15,807.0
2020-01-16,808.9
2020-01-17,809.6
2020-01-20,830.0
2020-01-21,825.0
2020-01-22,818.0
2020-01-23,800.0
2020-01-24,795.7
2020-01-27,779.8
2020-01-28,779.0
2020-01-29,780.0
2020-01-30,777.0
2020-01-31,761.0
2020-02-03,751.6
2020-02-04,764.3
2020-02-05,765.3
2020-02-06,762.9
2020-02-07,752.0
2020-02-10,741.0
2020-02-11,753.7
2020-02-12,768.2
2020-02-13,763.0
2020-02-14,763.1
2020-02-17,766.1
2020-02-18,750.8
2020-02-19,765.4
2020-02-20,764.1
2020-02-21,755.0
2020-02-25,721.4
2020-02-26,724.3
2020-02-27,691.6
2020-02-28,671.6
2020-03-02,667.9
2020-03-03,682.7
2020-03-04,695.3
2020-03-05,696.2
2020-03-06,658.5
2020-03-10,530.0
2020-03-11,527.7
2020-03-12,469.8
2020-03-13,458.7
2020-03-16,442.3
2020-03-17,422.1
2020-03-18,385.0
2020-03-19,455.9
2020-03-20,515.6
2020-03-23,503.8
2020-03-24,561.2
2020-03-25,562.2
2020-03-26,560.0
2020-03-27,530.0
2020-03-30,521.8
2020-03-31,552.6
2020-04-01,544.0
2020-04-02,585.0
2020-04-03,600.6
2020-04-06,608.9
2020-04-07,583.6
2020-04-08,598.0
2020-04-09,606.2
2020-04-10,601.4
2020-04-13,587.0
2020-04-14,554.6
2020-04-15,510.6
2020-04-16,510.4
2020-04-17,516.4
2020-04-20,488.4
2020-04-21,476.7
2020-04-22,514.4
2020-04-23,532.2
2020-04-24,521.9
2020-04-27,516.7
2020-04-28,529.8
2020-04-29,558.6
2020-04-30,550.0
2020-05-04,544.9
2020-05-05,551.6
2020-05-06,541.5
2020-05-07,544.0
2020-05-08,546.5
2020-05-12,541.9
2020-05-13,517.8
2020-05-14,522.6
2020-05-15,514.2
2020-05-18,549.0
2020-05-19,549.6
2020-05-20,566.5
2020-05-21,540.0
2020-05-22,544.0
2020-05-25,557.0
2020-05-26,559.9
2020-05-27,559.8
2020-05-28,565.0
2020-05-29,532.0
2020-06-01,542.5
2020-06-02,560.1
2020-06-03,569.0
2020-06-04,559.2
2020-06-05,569.9
2020-06-08,578.4
2020-06-09,586.5
2020-06-10,595.9
2020-06-11,577.0
2020-06-15,581.6
2020-06-16,581.0
2020-06-17,565.4
2020-06-18,576.0
2020-06-19,586.5
2020-06-22,589.1
2020-06-23,588.6
2020-06-25,584.7
2020-06-26,572.6
2020-06-29,568.4
2020-06-30,556.3
2020-07-02,567.5
2020-07-03,568.0
2020-07-06,570.6
2020-07-07,565.5
2020-07-08,560.6
2020-07-09,552.5
2020-07-10,562.7
2020-07-13,546.5
2020-07-14,547.9
2020-07-15,553.3
2020-07-16,553.6
2020-07-17,550.9
2020-07-20,554.9
2020-07-21,560.4
2020-07-22,560.9
2020-07-23,559.0
2020-07-24,564.7
2020-07-27,560.9
2020-07-28,557.0
2020-07-29,563.0
2020-07-30,558.4
2020-07-31,554.7
2020-08-03,547.2
2020-08-04,546.8
2020-08-05,558.4
2020-08-06,561.4
2020-08-07,559.4
2020-08-10,559.8
2020-08-11,581.0
2020-08-12,605.6
2020-08-13,604.9
2020-08-14,608.5
2020-08-17,600.1
2020-08-18,597.6
2020-08-19,590.9
2020-08-20,572.8
2020-08-21,566.1
2020-08-24,570.7
2020-08-25,571.0
2020-08-26,571.6
2020-08-27,561.4
2020-08-28,556.8
2020-08-31,547.8
2020-09-01,549.5
2020-09-02,545.0
2020-09-03,532.6
2020-09-04,536.4
2020-09-07,533.9
2020-09-08,523.9
2020-09-09,529.7
2020-09-10,528.0
2020-09-11,537.6
2020-09-14,538.9
2020-09-15,552.8
2020-09-16,531.4
2020-09-17,517.4
2020-09-18,507.8
2020-09-21,480.7
2020-09-22,479.7
2020-09-23,460.0
2020-09-24,467.5
2020-09-25,464.0
2020-09-28,474.5
2020-09-29,464.7
2020-09-30,463.6
2020-10-01,458.5
2020-10-02,453.1
2020-10-05,473.5
2020-10-06,472.5
2020-10-07,468.1
2020-10-08,464.5
2020-10-09,459.0
2020-10-12,453.6
2020-10-13,442.6
2020-10-14,443.4
2020-10-15,434.1
2020-10-16,429.2
2020-10-19,415.7
2020-10-20,421.2
2020-10-21,416.9
2020-10-22,424.6
2020-10-23,438.7
2020-10-26,430.1
2020-10-27,420.5
2020-10-28,401.0
2020-10-29,405.7
2020-10-30,412.6
2020-11-02,419.3
2020-11-03,430.5
2020-11-05,442.7
2020-11-06,447.6
2020-11-09,479.3
2020-11-10,501.0
2020-11-11,508.2
2020-11-12,499.8
2020-11-13,505.1
2020-11-16,510.9
2020-11-17,506.0
2020-11-18,511.2
2020-11-19,508.3
2020-11-20,511.0
2020-11-23,520.3
2020-11-24,524.8
2020-11-25,537.1
2020-11-26,524.9
2020-11-27,511.4
2020-11-30,492.3
2020-12-01,493.9
2020-12-02,509.1
2020-12-03,496.0
2020-12-04,507.7
2020-12-07,500.3
2020-12-08,497.6
2020-12-09,494.4
2020-12-10,507.3
2020-12-11,508.8
2020-12-14,514.6
2020-12-15,517.0
2020-12-16,511.5
2020-12-17,513.0
2020-12-18,506.4
2020-12-21,499.8
2020-12-22,500.5
2020-12-23,505.6
2020-12-24,505.0
2020-12-25,505.5
2020-12-28,505.9
2020-12-29,509.4
2020-12-30,513.7
2021-01-04,515.8
2021-01-05,524.2
2021-01-06,522.0
2021-01-08,545.4
2021-01-11,539.8
2021-01-12,546.2
2021-01-13,546.2
2021-01-14,551.6
2021-01-15,535.2
2021-01-18,532.9
2021-01-19,530.5
2021-01-20,529.5
2021-01-21,516.8
2021-01-22,507.0
2021-01-25,509.7
2021-01-26,506.2
2021-01-27,502.0
2021-01-28,500.0
2021-01-29,489.3
2021-02-01,494.2
2021-02-02,499.2
2021-02-03,505.5
2021-02-04,506.7
2021-02-05,513.0
2021-02-08,528.2
2021-02-09,526.6
2021-02-10,523.3
2021-02-11,517.0
2021-02-12,529.2
2021-02-15,538.2
2021-02-16,538.0
2021-02-17,529.8
2021-02-18,515.2
2021-02-19,523.8
2021-02-20,524.6
2021-02-22,527.8
2021-02-24,537.4
2021-02-25,535.5
2021-02-26,522.5
2021-03-01,528.3
2021-03-02,533.3
2021-03-03,534.8
2021-03-04,533.7
2021-03-05,567.4
2021-03-09,607.0
2021-03-10,605.3
2021-03-11,618.7
2021-03-12,623.6
2021-03-15,624.6
2021-03-16,610.0
2021-03-17,608.3
2021-03-18,583.6
2021-03-19,598.0
2021-03-22,600.7
2021-03-23,589.5
2021-03-24,605.1
2021-03-25,596.0
2021-03-26,603.4
2021-03-29,603.0
2021-03-30,596.9
2021-03-31,594.2
2021-04-01,606.0
2021-04-02,605.3
2021-04-05,596.4
2021-04-06,582.2
2021-04-07,588.0
2021-04-08,580.0
2021-04-09,565.5
2021-04-12,571.3
2021-04-13,571.0
2021-04-14,586.6
2021-04-15,584.4
2021-04-16,582.1
2021-04-19,575.7
2021-04-20,568.2
2021-04-21,569.6
2021-04-22,566.6
2021-04-23,571.3
2021-04-26,568.4
2021-04-27,568.5
2021-04-28,529.9
2021-04-29,505.2
2021-04-30,506.5
2021-05-04,514.0
2021-05-05,511.1
2021-05-06,515.8
2021-05-07,512.5
2021-05-10,517.1
2021-05-11,515.6
2021-05-12,510.6
2021-05-13,506.2
2021-05-14,500.9
2021-05-17,505.9
2021-05-18,500.4
2021-05-19,492.9
2021-05-20,483.3
2021-05-21,487.7
2021-05-24,492.8
2021-05-25,485.3
2021-05-26,486.4
2021-05-27,485.0
2021-05-28,492.5
2021-05-31,501.1
2021-06-01,510.0
2021-06-02,518.0
2021-06-03,514.2
2021-06-04,512.5
2021-06-07,517.2
2021-06-08,515.3
2021-06-09,523.8
2021-06-10,519.4
2021-06-11,523.4
2021-06-14,535.9
2021-06-15,537.1
2021-06-16,540.6
2021-06-17,535.8
2021-06-18,526.8
2021-06-21,534.8
2021-06-22,539.4
2021-06-23,540.0
2021-06-24,538.3
2021-06-25,537.1
2021-06-28,530.4
2021-06-29,523.8
2021-06-30,531.3
2021-07-01,537.0
2021-07-02,538.3
2021-07-05,542.4
2021-07-06,539.3
2021-07-07,536.4
2021-07-08,521.9
2021-07-09,519.1
2021-07-12,518.6
2021-07-13,518.9
2021-07-14,516.2
2021-07-15,499.6
2021-07-16,496.7
2021-07-19,483.4
2021-07-20,482.1
2021-07-21,491.9
2021-07-22,490.4
2021-07-23,486.0
2021-07-26,489.8
2021-07-27,487.6
2021-07-28,493.7
2021-07-29,496.0
2021-07-30,488.4
2021-08-02,491.2
2021-08-03,491.4
2021-08-04,490.6
2021-08-05,502.0
2021-08-06,494.1
2021-08-09,494.0
2021-08-10,497.3
2021-08-11,495.1
2021-08-12,498.8
2021-08-13,494.5
2021-08-16,496.6
2021-08-17,500.6
2021-08-18,494.6
2021-08-19,490.2
2021-08-20,488.7
2021-08-23,501.6
2021-08-24,514.0
2021-08-25,513.5
2021-08-26,493.0
2021-08-27,487.2
2021-08-30,489.5
2021-08-31,485.1
2021-09-01,491.5
2021-09-02,488.0
2021-09-03,489.2
2021-09-06,486.5
2021-09-07,480.1
2021-09-08,483.3
2021-09-09,479.1
2021-09-10,480.0
2021-09-13,491.4
2021-09-14,500.1
2021-09-15,510.0
2021-09-16,508.7
2021-09-17,502.0
2021-09-20,487.5
2021-09-21,493.3
2021-09-22,505.2
2021-09-23,507.3
2021-09-24,503.7
2021-09-27,531.5
2021-09-28,524.7
2021-09-29,526.9
2021-09-30,527.3
2021-10-01,532.1
2021-10-04,539.9
2021-10-05,577.8
2021-10-06,564.6
2021-10-07,569.3
2021-10-08,571.0
2021-10-11,565.0
2021-10-12,574.4
2021-10-13,567.9
2021-10-14,564.2
2021-10-15,570.5
2021-10-18,569.1
2021-10-19,573.0
2021-10-20,580.7
2021-10-21,562.9
2021-10-22,562.5
2021-10-25,570.2
2021-10-26,562.2
2021-10-27,546.0
2021-10-28,548.7
2021-10-29,540.0
2021-11-01,552.4
2021-11-02,545.2
2021-11-03,538.2
2021-11-05,543.0
2021-11-08,553.4
2021-11-09,545.0
2021-11-10,542.3
2021-11-11,546.1
2021-11-12,535.1
2021-11-15,533.2
2021-11-16,536.0
2021-11-17,529.6
2021-11-18,519.9
2021-11-19,500.3
2021-11-22,489.0
2021-11-23,497.5
2021-11-24,498.4
2021-11-25,489.6
2021-11-26,461.3
2021-11-29,470.6
2021-11-30,473.3
2021-12-01,477.9
2021-12-02,503.6
2021-12-03,495.9
2021-12-06,492.1
2021-12-07,501.1
2021-12-08,496.5
2021-12-09,493.9
2021-12-10,484.5
2021-12-13,455.6
2021-12-14,464.8
2021-12-15,479.3
2021-12-16,483.1
2021-12-17,487.6
2021-12-20,481.4
2021-12-21,484.2
2021-12-22,489.0
2021-12-23,483.9
2021-12-24,482.0
2021-12-27,490.4
2021-12-28,496.4
2021-12-29,495.0
2021-12-30,502.0
2022-01-03,515.4
2022-01-04,515.4
2022-01-05,492.6
2022-01-06,496.4
2022-01-10,499.8
2022-01-11,508.2
2022-01-12,511.2
2022-01-13,496.3
2022-01-14,498.1
2022-01-17,495.7
2022-01-18,474.0
2022-01-19,490.7
2022-01-20,478.8
2022-01-21,474.2
2022-01-24,459.2
2022-01-25,479.4
2022-01-26,468.0
2022-01-27,484.9
2022-01-28,503.6
2022-01-31,499.7
2022-02-01,491.7
2022-02-02,491.5
2022-02-03,487.9
2022-02-04,490.8
2022-02-07,492.0
2022-02-08,499.1
2022-02-09,506.5
2022-02-10,498.5
2022-02-11,478.7
2022-02-14,482.1
2022-02-15,498.5
2022-02-16,503.9
2022-02-17,491.0
2022-02-18,472.4
2022-02-21,396.0
2022-02-22,441.6
2022-02-24,309.8
2022-02-25,353.0
2022-03-24,424.0
2022-03-25,427.0
2022-03-28,399.8
2022-03-29,391.0
2022-03-30,395.3
2022-03-31,411.8
2022-04-01,407.2
2022-04-04,407.0
2022-04-05,395.0
2022-04-06,393.0
2022-04-07,391.0
2022-04-08,386.0
2022-04-11,382.8
2022-04-12,383.6
2022-04-13,385.0
2022-04-14,367.0
2022-04-15,361.0
2022-04-18,352.9
2022-04-19,340.7
2022-04-20,355.0
2022-04-21,350.0
2022-04-22,359.7
2022-04-25,355.0
2022-04-26,375.0
2022-04-27,373.3
2022-04-28,362.2
2022-04-29,386.2
2022-05-04,369.4
2022-05-05,370.3
2022-05-06,381.9
2022-05-11,378.2
2022-05-12,364.1
2022-05-13,362.0
2022-05-16,373.7
2022-05-17,392.5
2022-05-18,407.2
2022-05-19,404.0
2022-05-20,401.5
2022-05-23,372.9
2022-05-24,359.0
2022-05-25,375.0
2022-05-26,385.0
2022-05-27,391.0
2022-05-30,391.0
2022-05-31,392.0
2022-06-01,398.0
2022-06-02,390.1
2022-06-03,391.8
2022-06-06,390.0
2022-06-07,393.0
2022-06-08,405.6
2022-06-09,405.8
2022-06-10,424.5
2022-06-14,427.2
2022-06-15,424.5
2022-06-16,440.0
2022-06-17,431.0
2022-06-20,441.0
2022-06-21,440.6
2022-06-22,444.6
2022-06-23,449.0
2022-06-24,448.5
2022-06-27,458.0
2022-06-28,447.2
2022-06-29,440.8
2022-06-30,429.5
2022-07-01,422.1
2022-07-04,433.0
2022-07-05,426.0
2022-07-06,429.8
2022-07-07,407.9
2022-07-08,409.9
2022-07-11,400.0
2022-07-12,391.8
2022-07-13,375.8
2022-07-14,366.6
2022-07-15,379.9
2022-07-18,380.6
2022-07-19,374.6
2022-07-20,379.5
2022-07-21,375.7
2022-07-22,381.1
2022-07-25,383.1
2022-07-26,388.1
2022-07-27,392.3
2022-07-28,395.0
2022-07-29,409.0
2022-08-01,395.1
2022-08-02,394.3
2022-08-03,397.6
2022-08-04,403.1
2022-08-05,387.0
2022-08-08,383.7
2022-08-09,405.6
2022-08-10,415.8
2022-08-11,414.6
2022-08-12,422.6
2022-08-15,425.0
2022-08-16,437.0
2022-08-17,432.5
2022-08-18,436.0
2022-08-19,431.0
2022-08-22,443.4
2022-08-23,450.2
2022-08-24,451.0
2022-08-25,446.9
2022-08-26,450.0
2022-08-29,454.5
2022-08-30,454.2
2022-08-31,456.0
2022-09-01,442.1
2022-09-02,450.9
2022-09-05,461.1
2022-09-06,448.1
2022-09-07,437.7
2022-09-08,433.0
2022-09-09,441.8
2022-09-12,448.0
2022-09-13,441.0
2022-09-14,443.0
2022-09-15,444.8
2022-09-16,438.7
2022-09-19,438.3
2022-09-20,413.1
2022-09-21,379.7
2022-09-22,395.9
2022-09-23,381.3
2022-09-26,345.0
2022-09-27,361.1
2022-09-28,359.4
2022-09-29,352.1
2022-09-30,362.1
2022-10-03,383.8
2022-10-04,381.3
2022-10-05,382.7
2022-10-06,391.7
2022-10-07,365.8
2022-10-10,353.2
2022-10-11,353.0
2022-10-12,351.4
2022-10-13,353.0
2022-10-14,351.8
2022-10-17,365.6
2022-10-18,357.7
2022-10-19,359.6
2022-10-20,362.1
2022-10-21,362.4
2022-10-24,372.0
2022-10-25,382.7
2022-10-26,380.9
2022-10-27,382.6
2022-10-28,384.9
2022-10-31,387.4
2022-11-01,388.0
2022-11-02,383.0
2022-11-03,385.3
2022-11-07,393.4
2022-11-08,391.9
2022-11-09,386.5
2022-11-10,388.3
2022-11-11,385.1
2022-11-14,384.4
2022-11-15,375.5
2022-11-16,383.2
2022-11-17,378.0
2022-11-18,376.2
2022-11-21,368.8
2022-11-22,369.7
2022-11-23,368.3
2022-11-24,367.3
2022-11-25,366.4
2022-11-28,367.6
2022-11-29,367.8
2022-11-30,366.0
2022-12-01,363.9
2022-12-02,361.1
2022-12-05,362.7
2022-12-06,361.7
2022-12-07,361.6
2022-12-08,361.0
2022-12-09,364.5
2022-12-12,360.1
2022-12-13,358.4
2022-12-14,356.8
2022-12-15,351.8
2022-12-16,354.4
2022-12-19,348.5
2022-12-20,354.6
2022-12-21,351.1
2022-12-22,350.5
2022-12-23,349.4
2022-12-26,350.8
2022-12-27,348.9
2022-12-28,346.8
2022-12-29,349.0
2022-12-30,348.5
2023-01-03,351.6
2023-01-04,350.8
2023-01-05,349.4
2023-01-06,350.6
2023-01-09,346.7
2023-01-10,345.7
2023-01-11,346.0
2023-01-12,345.5
2023-01-13,345.4
2023-01-16,345.7
2023-01-17,341.8
2023-01-18,339.0
2023-01-19,335.2
2023-01-20,333.7
2023-01-23,334.7
2023-01-24,333.7
2023-01-25,334.4
2023-01-26,333.3
2023-01-27,333.0
2023-01-30,332.7
2023-01-31,328.8
2023-02-01,328.5
2023-02-02,326.6
2023-02-03,323.9
2023-02-06,325.5
2023-02-07,323.8
2023-02-08,324.2
2023-02-09,324.4
2023-02-10,323.5
2023-02-13,325.3
2023-02-14,326.4
2023-02-15,313.8
2023-02-16,315.6
2023-02-17,316.6
2023-02-20,314.1
2023-02-21,315.8
2023-02-22,313.4
2023-02-24,312.6
2023-02-27,316.1
2023-02-28,328.3
2023-03-01,334.8
2023-03-02,330.2
2023-03-03,334.9
2023-03-06,337.6
2023-03-07,336.0
2023-03-09,335.2
2023-03-10,333.3
2023-03-13,334.7
2023-03-14,339.0
2023-03-15,337.6
2023-03-16,336.3
2023-03-17,347.8
2023-03-20,355.0
2023-03-21,350.8
2023-03-22,350.4
2023-03-23,344.6
2023-03-24,349.3
2023-03-27,363.4
2023-03-28,367.1
2023-03-29,367.8
2023-03-30,375.2
2023-03-31,373.7
2023-04-03,386.8
2023-04-04,382.7
2023-04-05,387.3
2023-04-06,389.5
2023-04-07,396.2
2023-04-10,402.8
2023-04-11,393.8
2023-04-12,395.4
2023-04-13,394.5
2023-04-14,394.4
2023-04-17,399.3
2023-04-18,400.2
2023-04-19,396.4
2023-04-20,407.3
2023-04-21,406.3
2023-04-24,411.7
2023-04-25,408.8
2023-04-26,407.4
2023-04-27,411.8
2023-04-28,404.0
2023-05-02,397.1
2023-05-03,381.8
2023-05-04,388.0
2023-05-05,383.0
2023-05-08,391.9
2023-05-10,402.4
2023-05-11,398.7
2023-05-12,400.7
2023-05-15,406.0
2023-05-16,406.8
2023-05-17,405.4
2023-05-18,411.7
2023-05-19,410.3
2023-05-22,416.5
2023-05-23,427.3
2023-05-24,429.4
2023-05-25,426.4
2023-05-26,429.5
2023-05-29,441.7
2023-05-30,438.9
2023-05-31,443.2
2023-06-01,450.3
2023-06-02,463.7
2023-06-05,475.0
2023-06-06,473.0
2023-06-07,470.7
2023-06-08,470.9
2023-06-09,472.4
2023-06-13,481.0
2023-06-14,488.1
2023-06-15,515.0
2023-06-16,511.7
2023-06-19,503.6
2023-06-20,503.6
2023-06-21,503.3
2023-06-22,504.3
2023-06-23,494.6
2023-06-26,498.5
2023-06-27,497.9
2023-06-28,500.0
2023-06-29,507.7
2023-06-30,505.7
2023-07-03,500.1
2023-07-04,493.4
2023-07-05,501.7
2023-07-06,499.2
2023-07-07,501.0
2023-07-10,487.9
2023-07-11,490.7
2023-07-12,495.6
2023-07-13,494.7
2023-07-14,496.0
2023-07-17,496.4
2023-07-18,497.7
2023-07-19,496.5
2023-07-20,488.6
2023-07-21,494.7
2023-07-24,498.1
2023-07-25,509.3
2023-07-26,506.4
2023-07-27,509.4
2023-07-28,516.5
2023-07-31,523.5
2023-08-01,526.5
2023-08-02,537.5
2023-08-03,547.7
2023-08-04,541.9
2023-08-07,548.7
2023-08-08,555.5
2023-08-09,569.5
2023-08-10,574.9
2023-08-11,577.4
2023-08-14,576.3
2023-08-15,574.0
2023-08-16,563.0
2023-08-17,568.2
2023-08-18,575.1
2023-08-21,584.6
2023-08-22,590.3
2023-08-23,575.9
2023-08-24,581.6
2023-08-25,587.7
2023-08-28,587.5
2023-08-29,586.5
2023-08-30,589.4
2023-08-31,590.2
2023-09-01,593.0
2023-09-04,602.5
2023-09-05,607.2
2023-09-06,608.8
2023-09-07,603.7
2023-09-08,595.5
2023-09-11,588.4
2023-09-12,606.6
2023-09-13,604.7
2023-09-14,602.5
2023-09-15,614.8
2023-09-18,626.2
2023-09-19,610.1
2023-09-20,611.8
2023-09-21,597.6
2023-09-22,610.8
2023-09-25,604.6
2023-09-26,603.4
2023-09-27,615.3
2023-09-28,619.4
2023-09-29,625.4
2023-10-02,639.3
2023-10-03,639.1
2023-10-04,634.2
2023-10-05,633.8
2023-10-06,638.0
2023-10-09,643.7
2023-10-10,649.5
2023-10-11,618.8
2023-10-12,617.6
2023-10-13,628.3
2023-10-16,628.9
2023-10-17,628.5
2023-10-18,632.3
2023-10-19,633.1
2023-10-20,630.4
2023-10-23,626.6
2023-10-24,625.5
2023-10-25,622.3
2023-10-26,613.6
2023-10-27,622.4
2023-10-30,621.2
2023-10-31,607.6
2023-11-01,606.3
2023-11-02,602.7
2023-11-03,601.7
2023-11-06,609.7
2023-11-07,611.2
2023-11-08,614.5
2023-11-09,615.2
2023-11-10,620.0
2023-11-13,616.3
2023-11-14,610.7
2023-11-15,611.8
2023-11-16,602.1
2023-11-17,615.5
2023-11-20,615.4
2023-11-21,634.2
2023-11-22,640.8
2023-11-23,641.1
2023-11-24,648.0
2023-11-27,638.4
2023-11-28,641.2
2023-11-29,638.7
2023-11-30,638.8
2023-12-01,632.5
2023-12-04,623.7
2023-12-05,635.2
2023-12-06,622.2
2023-12-07,626.2
2023-12-08,637.7
2023-12-11,625.0
2023-12-12,625.5
2023-12-13,628.7
2023-12-14,617.0
2023-12-15,635.3
2023-12-18,643.6
2023-12-19,653.4
2023-12-20,658.4
2023-12-21,658.5
2023-12-22,661.5
2023-12-25,676.0
2023-12-26,698.3
2023-12-27,717.7
2023-12-28,708.2
2023-12-29,710.0
2024-01-03,720.9
2024-01-04,725.9
2024-01-05,725.0
2024-01-08,722.9
2024-01-09,686.7
2024-01-10,694.0
2024-01-11,689.1
2024-01-12,697.8
2024-01-15,701.0
2024-01-16,699.2
2024-01-17,697.8
2024-01-18,698.0
2024-01-19,690.3
2024-01-22,695.5
2024-01-23,695.4
2024-01-24,691.1
2024-01-25,689.3
2024-01-26,693.5
2024-01-29,694.1
2024-01-30,692.2
2024-01-31,703.5
2024-02-01,704.4
2024-02-02,706.9
2024-02-05,709.0
2024-02-06,710.3
2024-02-07,715.0
2024-02-08,709.6
2024-02-09,712.1
2024-02-12,711.6
2024-02-13,712.1
2024-02-14,707.7
2024-02-15,709.3
2024-02-16,707.8
2024-02-19,703.5
2024-02-20,694.3
2024-02-21,688.1
2024-02-22,694.3
2024-02-26,702.5
2024-02-27,696.7
2024-02-28,705.0
2024-02-29,718.8
2024-03-01,717.3
2024-03-04,732.5
2024-03-05,730.4
2024-03-06,743.3
2024-03-07,749.3
2024-03-11,753.7
2024-03-12,753.2
2024-03-13,746.6
2024-03-14,749.2
2024-03-15,725.7
2024-03-18,714.9
2024-03-19,702.7
2024-03-20,695.7
2024-03-21,703.7
2024-03-22,694.5
2024-03-25,689.0
2024-03-26,692.8
2024-03-27,689.4
2024-03-28,687.9
2024-03-29,694.3
2024-04-01,711.5
2024-04-02,709.3
2024-04-03,707.2
2024-04-04,710.8
2024-04-05,709.1
2024-04-08,710.8
2024-04-09,706.1
2024-04-10,709.2
2024-04-11,708.9
2024-04-12,714.9
2024-04-15,736.5
2024-04-16,728.2
2024-04-17,722.6
2024-04-18,715.3
2024-04-19,716.4
2024-04-22,711.4
2024-04-23,719.6
2024-04-24,717.6
2024-04-25,722.2
2024-04-26,718.8
2024-04-27,720.5
2024-04-29,720.6
2024-04-30,718.3
2024-05-02,719.7
2024-05-03,718.4
2024-05-06,715.1
2024-05-07,718.0
2024-05-08,721.8
2024-05-10,728.9
2024-05-13,729.8
2024-05-14,731.2
2024-05-15,739.7
2024-05-16,751.9
2024-05-17,746.5
2024-05-20,733.4
2024-05-21,734.2
2024-05-22,745.8
2024-05-23,743.4
2024-05-24,732.1
2024-05-27,713.0
2024-05-28,710.8
2024-05-29,715.2
2024-05-30,702.8
2024-05-31,688.5
2024-06-03,685.5
2024-06-04,694.0
2024-06-05,691.6
2024-06-06,692.9
2024-06-07,695.7
2024-06-10,686.3
2024-06-11,693.2
2024-06-13,678.0
2024-06-14,695.3
2024-06-17,688.3
2024-06-18,679.8
2024-06-19,657.2
2024-06-20,688.0
2024-06-21,688.2
2024-06-24,681.1
2024-06-25,694.4
2024-06-26,701.5
2024-06-27,702.7
2024-06-28,699.9
2024-07-01,710.9
2024-07-02,710.4
2024-07-03,704.1
2024-07-04,699.1
2024-07-05,692.1
2024-07-08,695.3
2024-07-09,660.5
2024-07-10,635.1
2024-07-11,650.4
2024-07-12,653.9
2024-07-15,643.8
2024-07-16,648.5
2024-07-17,650.2
2024-07-18,661.7
2024-07-19,662.7
2024-07-22,663.2
2024-07-23,663.6
2024-07-24,667.5
2024-07-25,657.6
2024-07-26,650.3
2024-07-29,646.7
2024-07-30,641.6
2024-07-31,638.8
2024-08-01,630.9
2024-08-02,622.9
2024-08-05,608.8
2024-08-06,607.1
2024-08-07,623.6
2024-08-08,613.8
2024-08-09,610.0
2024-08-12,604.5
2024-08-13,609.1
2024-08-14,613.1
2024-08-15,608.5
2024-08-16,600.8
2024-08-19,591.6
2024-08-20,586.9
2024-08-21,603.5
2024-08-22,601.7
2024-08-23,596.6
2024-08-26,607.8
2024-08-27,611.6
2024-08-28,604.1
2024-08-29,599.0
2024-08-30,590.0
2024-09-02,565.0
2024-09-03,564.1
2024-09-04,583.4
2024-09-05,581.2
2024-09-06,588.9
2024-09-09,610.5
2024-09-10,595.8
2024-09-11,590.7
2024-09-12,593.4
2024-09-13,607.3
2024-09-16,621.2
2024-09-17,635.4
2024-09-18,626.8
2024-09-19,624.2
2024-09-20,631.7
2024-09-23,641.1
2024-09-24,642.0
2024-09-25,640.0
2024-09-26,639.5
2024-09-27,644.0
2024-09-30,641.4
2024-10-01,646.6
2024-10-02,649.7
2024-10-03,649.0
2024-10-04,659.1
2024-10-07,661.9
2024-10-08,622.6
2024-10-09,613.2
2024-10-10,618.8
2024-10-11,614.3
2024-10-14,610.6
2024-10-15,608.6
2024-10-16,603.1
2024-10-17,593.0
2024-10-18,595.8
2024-10-21,595.2
2024-10-22,592.9
2024-10-23,587.0
2024-10-24,586.6
2024-10-25,572.4
2024-10-28,542.4
2024-10-29,547.2
2024-10-30,538.3
2024-10-31,536.0
2024-11-01,536.0
2024-11-02,550.5
2024-11-05,548.4
2024-11-06,567.6
2024-11-07,578.0
2024-11-08,595.5
2024-11-11,592.0
2024-11-12,592.5
2024-11-13,583.2
2024-11-14,569.9
2024-11-15,576.1
2024-11-18,562.4
2024-11-19,545.2
2024-11-20,536.9
2024-11-21,543.5
2024-11-22,541.9
2024-11-25,515.3
2024-11-26,506.0
2024-11-27,519.0
2024-11-28,534.3
2024-11-29,544.9
2024-12-02,548.5
2024-12-03,538.5
2024-12-04,521.6
2024-12-05,547.5
2024-12-06,558.9
2024-12-09,566.2
2024-12-10,564.9
2024-12-11,574.1
2024-12-12,557.8
2024-12-13,571.6
2024-12-16,550.0
2024-12-17,556.2
2024-12-18,569.3
2024-12-19,563.9
2024-12-20,599.9
2024-12-23,636.0
2024-12-24,625.3
2024-12-25,629.2
2024-12-26,630.9
2024-12-27,635.8
2024-12-28,652.4
2024-12-30,688.9
2025-01-03,668.7
2025-01-06,666.2
2025-01-08,654.7
2025-01-09,633.9
2025-01-10,653.5
2025-01-13,667.9
2025-01-14,667.9
2025-01-15,670.6
2025-01-16,677.1
2025-01-17,673.6
2025-01-20,676.0
2025-01-21,681.0
2025-01-22,681.5
2025-01-23,686.4
2025-01-24,682.6
2025-01-27,667.5
2025-01-28,677.8
2025-01-29,679.0
2025-01-30,690.7
2025-01-31,683.9
2025-02-03,685.5
2025-02-04,686.7
2025-02-05,690.6
2025-02-06,695.8
2025-02-07,697.0
2025-02-10,700.3
2025-02-11,702.8
2025-02-12,737.0
2025-02-13,711.6
2025-02-14,716.9
2025-02-17,748.9
2025-02-18,737.5
2025-02-19,744.5
2025-02-20,745.3
2025-02-21,754.4
2025-02-24,752.8
2025-02-25,764.3
2025-02-26,737.3
2025-02-27,713.0
2025-02-28,732.4
2025-03-03,711.3
2025-03-04,714.7
2025-03-05,705.0
2025-03-06,700.5
2025-03-07,693.0
2025-03-10,683.6
2025-03-11,694.7
2025-03-12,694.1
2025-03-13,710.3
2025-03-14,715.8
2025-03-17,714.8
2025-03-18,705.0
2025-03-19,699.9
2025-03-20,688.6
2025-03-21,693.9
2025-03-24,686.6
2025-03-25,697.9
2025-03-26,684.5
2025-03-27,675.9
2025-03-28,687.6
2025-03-31,673.3
2025-04-01,653.5
2025-04-02,673.2
2025-04-03,649.4
2025-04-04,618.2
2025-04-07,636.3
2025-04-08,621.1
2025-04-09,638.2
2025-04-10,655.8
2025-04-11,686.9
2025-04-14,686.4
2025-04-15,684.1
2025-04-16,685.9
2025-04-17,694.0
2025-04-18,693.4
2025-04-21,706.6
2025-04-22,703.5
2025-04-23,693.7
2025-04-24,690.5
2025-04-25,719.5
2025-04-28,725.4
2025-04-29,723.1
2025-04-30,714.9
2025-05-02,698.9
2025-05-05,680.0
2025-05-06,685.0
2025-05-07,691.6
2025-05-08,696.8
2025-05-12,720.9
2025-05-13,715.8
2025-05-14,700.5
2025-05-15,695.7
2025-05-16,699.0
2025-05-19,703.9
2025-05-20,690.9
2025-05-21,691.4
2025-05-22,692.7
2025-05-23,690.7
2025-05-26,678.6
2025-05-27,680.1
2025-05-28,685.8
2025-05-29,687.8
2025-05-30,704.8
2025-06-02,656.5
2025-06-03,661.7
2025-06-04,656.7
2025-06-05,654.3
2025-06-06,639.1
2025-06-09,640.2
2025-06-10,626.0
2025-06-11,622.9
2025-06-13,654.7
2025-06-16,646.0
2025-06-17,663.6
2025-06-18,660.8
2025-06-19,655.5
2025-06-20,651.5
2025-06-23,642.5
2025-06-24,647.0
2025-06-25,655.3
2025-06-26,653.0
2025-06-27,670.2
2025-06-30,670.1
2025-07-01,653.9
2025-07-02,646.3
2025-07-03,637.2
2025-07-04,642.0
2025-07-07,639.2
2025-07-08,621.2
2025-07-09,614.2
2025-07-10,623.8
2025-07-11,608.1
2025-07-14,624.6
2025-07-15,628.1
2025-07-16,628.8
2025-07-17,632.9
2025-07-18,659.9
2025-07-21,660.9
2025-07-22,666.5
2025-07-23,671.6
2025-07-24,669.6
2025-07-25,664.0
2025-07-28,650.3
2025-07-29,644.2
2025-07-30,646.0
2025-07-31,647.0
2025-08-01,651.1
2025-08-04,658.6
2025-08-05,668.7
2025-08-06,688.6
2025-08-07,703.0
2025-08-08,728.7
2025-08-11,721.2
2025-08-12,723.2
2025-08-13,712.5
2025-08-14,721.6
2025-08-15,725.4
2025-08-18,706.2
2025-08-19,698.3
2025-08-20,694.3
2025-08-21,681.2
2025-08-22,675.0
2025-08-25,665.5
2025-08-26,660.2
2025-08-27,653.7
2025-08-28,647.7
2025-08-29,651.3
2025-09-01,651.0
2025-09-02,647.0
2025-09-03,653.9
2025-09-04,655.4
2025-09-05,664.3
2025-09-08,658.7
2025-09-09,657.3
2025-09-10,650.1
2025-09-11,655.1
2025-09-12,645.5
2025-09-15,641.9
2025-09-16,631.7
2025-09-17,629.3
2025-09-18,620.4
2025-09-19,616.5
2025-09-22,623.9
2025-09-23,610.3
2025-09-24,627.2
2025-09-25,627.3
2025-09-26,645.9
2025-09-29,632.1
2025-09-30,630.0
2025-10-01,614.6
2025-10-02,600.0
2025-10-03,581.8
2025-10-06,591.9
2025-10-07,598.0
2025-10-08,578.0
2025-10-09,607.7
2025-10-10,581.9
2025-10-13,595.3
2025-10-14,557.5
2025-10-15,542.2
2025-10-16,589.1
2025-10-17,606.6
2025-10-20,607.6
2025-10-21,596.5
2025-10-22,580.4
2025-10-23,565.5
2025-10-24,557.1
2025-10-27,517.1
2025-10-28,519.8
2025-10-29,536.9
2025-10-30,544.5
2025-10-31,531.9
2025-11-01,537.4
2025-11-03,553.0
2025-11-05,546.8
2025-11-06,541.6
2025-11-07,562.5
2025-11-10,557.0
2025-11-11,561.2
2025-11-12,550.3
2025-11-13,549.0
2025-11-14,547.3
2025-11-17,544.5
2025-11-18,564.9
2025-11-19,598.3
2025-11-20,628.8
2025-11-21,626.0
2025-11-24,601.0
2025-11-25,600.4
2025-11-26,592.8
2025-11-27,576.6
2025-11-28,602.5
2025-12-01,595.4
2025-12-02,598.4
2025-12-03,588.4
2025-12-04,588.3
2025-12-05,605.8
2025-12-08,590.3
2025-12-09,598.4
2025-12-10,597.3
2025-12-11,607.0
2025-12-12,597.1
2025-12-15,608.7
2025-12-16,608.3
2025-12-17,604.2
2025-12-18,589.0
2025-12-19,585.9
2025-12-22,575.1
2025-12-23,576.5
2025-12-24,572.9
2025-12-25,568.8
2025-12-26,584.3
2025-12-29,572.3
2025-12-30,580.7
2026-01-05,576.9
2026-01-06,574.7
2026-01-08,569.8
2026-01-09,562.4
2026-01-12,558.0
2026-01-13,546.8
2026-01-14,557.1
2026-01-15,564.0
2026-01-16,560.7
2026-01-19,555.5
2026-01-20,553.4
2026-01-21,565.6
2026-01-22,563.8
2026-01-23,567.4
2026-01-26,562.8
2026-01-27,572.5
2026-01-28,573.4
2026-01-29,578.5
2026-01-30,574.1
2026-02-02,569.8
2026-02-03,567.6
2026-02-04,566.7
2026-02-05,561.4
2026-02-06,557.5
2026-02-09,549.0
2026-02-10,542.2
2026-02-11,543.7
2026-02-12,548.1
2026-02-13,546.9
2026-02-16,546.8
2026-02-17,545.2
2026-02-18,545.6
2026-02-19,543.5
2026-02-20,542.0
2026-02-24,542.5
2026-02-25,541.3
2026-02-26,539.6
2026-02-27,543.0
2026-03-02,606.8
2026-03-03,617.5
2026-03-04,609.3
2026-03-05,626.0
2026-03-06,642.9
2026-03-09,646.6
2026-03-10,634.1
2026-03-11,629.5
2026-03-12,637.5
2026-03-13,632.1
2026-03-16,629.0
2026-03-17,630.2
2026-03-18,644.9
2026-03-19,653.2
2026-03-20,655.7
2026-03-23,646.0
2026-03-24,652.4
2026-03-25,658.4
2026-03-26,664.7
2026-03-27,671.4
2026-03-30,682.5
2026-03-31,664.9
2026-04-01,651.3
2026-04-02,654.5
2026-04-03,649.0
2026-04-06,649.6
2026-04-07,658.0
2026-04-08,632.8
2026-04-09,624.4
2026-04-10,611.1
2026-04-13,612.7
2026-04-14,603.9
2026-04-15,599.0
2026-04-16,590.0
2026-04-17,567.5
2026-04-20,582.7
2026-04-21,592.5
2026-04-22,598.1
2026-04-23,601.5
2026-04-24,594.9
2026-04-27,604.0
2026-04-28,596.9
2026-04-29,583.5
2026-04-30,581.6
2026-05-04,578.8
2026-05-05,581.4
2026-05-06,565.0
2026-05-07,565.3
2026-05-08,573.2
2026-05-11,581.5
2026-05-12,599.2
2026-05-13,606.9
2026-05-14,599.0
2026-05-15,605.6
2026-05-18,625.5
2026-05-19,624.8
2026-05-20,616.2
2026-05-21,634.0
2026-05-22,625.8
2026-05-25,603.9
2026-05-26,602.8
2026-05-27,605.6
2026-05-28,609.1
2026-05-29,602.1
2026-06-01,613.4
2026-06-02,613.5
2026-06-03,612.3
2026-06-04,609.9
2026-06-05,609.0
2026-06-08,594.8
2026-06-09,598.8
2026-06-10,604.2
2026-06-11,596.4
2026-06-15,574.8
2026-06-16,533.0
2026-06-17,543.0
2026-06-18,525.0
2026-06-19,535.3
2026-06-22,497.2
2026-06-23,496.0
2026-06-24,466.6
2026-06-25,468.3
2026-06-26,495.5
2026-06-29,517.8
2026-06-30,505.2
2026-07-01,490.8
2026-07-02,461.4
2026-07-03,451.1
2026-07-06,443.4
2026-07-07,464.0
2026-07-08,492.8
2026-07-09,463.0
2026-07-10,463.6
2026-07-13,479.0
2026-07-14,484.8
2026-07-15,465.5
2026-07-16,436.1
2026-07-17,413.0
2026-07-20,442.9
2026-07-21,456.7
2026-07-22,484.2
2026-07-23,495.3
2026-07-24,516.1
2026-07-27,499.3
2026-07-28,496.8
2026-07-29,513.8
2026-07-30,518.4
2026-07-31,525.9
2026-08-03,529.9
2026-08-04,523.2
2026-08-05,527.4
2026-08-06,541.4
2026-08-07,534.8
2026-08-10,560.5
2026-08-11,571.0
2026-08-12,566.5
2026-08-13,544.7
2026-08-14,519.6
2026-08-17,509.4
2026-08-18,519.2
2026-08-19,527.1
2026-08-20,519.0
2026-08-21,532.6
2026-08-24,511.3
2026-08-25,528.2
2026-08-26,518.9
2026-08-27,544.9
2026-08-28,553.3
2026-08-31,580.1
2026-09-01,568.7
2026-09-02,576.0
2026-09-03,587.1
2026-09-04,593.3
2026-09-07,592.0
2026-09-08,614.7
2026-09-09,617.8
2026-09-10,629.8
2026-09-11,618.7
2026-09-14,640.3
2026-09-15,632.2
2026-09-16,623.4
2026-09-17,619.8
2026-09-18,620.4
