date,TATNP
2016-09-19,176.0
2016-09-20,175.7
2016-09-21,174.7
2016-09-22,176.0
2016-09-23,177.2
2016-09-26,177.0
2016-09-27,178.0
2016-09-28,179.0
2016-09-29,182.4
2016-09-30,181.9
2016-10-03,180.7
2016-10-04,181.2
2016-10-05,182.0
2016-10-06,184.0
2016-10-07,188.2
2016-10-10,190.5
2016-10-11,189.9
2016-10-12,188.9
2016-10-13,186.1
2016-10-14,192.1
2016-10-17,190.3
2016-10-18,190.0
2016-10-19,189.1
2016-10-20,189.7
2016-10-21,190.9
2016-10-24,191.6
2016-10-25,196.0
2016-10-26,193.9
2016-10-27,195.0
2016-10-28,196.9
2016-10-31,203.0
2016-11-01,204.1
2016-11-02,198.0
2016-11-03,196.9
2016-11-07,197.0
2016-11-08,194.7
2016-11-09,197.8
2016-11-10,197.9
2016-11-11,191.0
2016-11-14,193.8
2016-11-15,195.8
2016-11-16,197.7
2016-11-17,203.1
2016-11-18,200.0
2016-11-21,201.0
2016-11-22,200.5
2016-11-23,206.0
2016-11-24,202.3
2016-11-25,203.5
2016-11-28,201.0
2016-11-29,201.1
2016-11-30,200.3
2016-12-01,205.4
2016-12-02,206.7
2016-12-05,214.8
2016-12-06,217.6
2016-12-07,223.0
2016-12-08,223.8
2016-12-09,224.9
2016-12-12,224.2
2016-12-13,232.8
2016-12-14,231.3
2016-12-15,229.9
2016-12-16,231.2
2016-12-19,228.0
2016-12-20,229.0
2016-12-21,225.4
2016-12-22,220.2
2016-12-23,222.7
2016-12-26,220.5
2016-12-27,222.3
2016-12-28,229.4
2016-12-29,230.4
2016-12-30,235.0
2017-01-03,244.1
2017-01-04,244.0
2017-01-05,235.8
2017-01-06,233.3
2017-01-09,235.3
2017-01-10,238.6
2017-01-11,237.9
2017-01-12,238.9
2017-01-13,236.8
2017-01-16,236.0
2017-01-17,234.5
2017-01-18,231.5
2017-01-19,225.0
2017-01-20,221.5
2017-01-23,217.2
2017-01-24,219.6
2017-01-25,218.8
2017-01-26,227.0
2017-01-27,228.4
2017-01-30,227.0
2017-01-31,225.5
2017-02-01,227.0
2017-02-02,227.3
2017-02-03,228.0
2017-02-06,227.4
2017-02-07,226.6
2017-02-08,227.6
2017-02-09,227.3
2017-02-10,224.8
2017-02-13,221.4
2017-02-14,222.0
2017-02-15,222.4
2017-02-16,221.5
2017-02-17,222.0
2017-02-20,219.4
2017-02-21,219.5
2017-02-22,221.8
2017-02-24,223.9
2017-02-27,218.9
2017-02-28,212.0
2017-03-01,213.9
2017-03-02,220.6
2017-03-03,221.5
2017-03-06,222.1
2017-03-07,213.6
2017-03-09,205.1
2017-03-10,203.5
2017-03-13,208.2
2017-03-14,205.9
2017-03-15,202.4
2017-03-16,205.1
2017-03-17,214.3
2017-03-20,211.4
2017-03-21,210.7
2017-03-22,206.0
2017-03-23,205.0
2017-03-24,205.7
2017-03-27,205.9
2017-03-28,210.3
2017-03-29,208.3
2017-03-30,206.5
2017-03-31,204.2
2017-04-03,205.4
2017-04-04,203.2
2017-04-05,208.7
2017-04-06,218.4
2017-04-07,214.0
2017-04-10,210.0
2017-04-11,210.5
2017-04-12,209.1
2017-04-13,209.6
2017-04-14,208.3
2017-04-17,209.2
2017-04-18,208.0
2017-04-19,207.8
2017-04-20,207.8
2017-04-21,207.7
2017-04-24,208.0
2017-04-25,208.5
2017-04-26,212.0
2017-04-27,237.0
2017-04-28,238.1
2017-05-02,239.6
2017-05-03,236.7
2017-05-04,245.0
2017-05-05,249.9
2017-05-10,251.5
2017-05-11,262.0
2017-05-12,269.3
2017-05-15,268.8
2017-05-16,268.6
2017-05-17,269.3
2017-05-18,272.8
2017-05-19,271.7
2017-05-22,266.0
2017-05-23,270.4
2017-05-24,269.9
2017-05-25,277.6
2017-05-26,279.8
2017-05-29,286.0
2017-05-30,293.1
2017-05-31,298.9
2017-06-01,279.0
2017-06-02,280.4
2017-06-05,279.5
2017-06-06,273.7
2017-06-07,269.6
2017-06-08,267.0
2017-06-09,265.0
2017-06-13,266.3
2017-06-14,262.1
2017-06-15,260.0
2017-06-16,272.0
2017-06-19,270.0
2017-06-20,273.2
2017-06-21,268.0
2017-06-22,270.2
2017-06-23,271.1
2017-06-26,273.0
2017-06-27,271.6
2017-06-28,273.9
2017-06-29,274.1
2017-06-30,273.4
2017-07-03,279.6
2017-07-04,284.0
2017-07-05,288.0
2017-07-06,269.0
2017-07-07,267.0
2017-07-10,265.0
2017-07-11,263.2
2017-07-12,264.5
2017-07-13,263.4
2017-07-14,264.2
2017-07-17,265.0
2017-07-18,270.0
2017-07-19,272.7
2017-07-20,270.1
2017-07-21,269.4
2017-07-24,269.8
2017-07-25,263.9
2017-07-26,265.3
2017-07-27,269.0
2017-07-28,263.0
2017-07-31,264.5
2017-08-01,267.3
2017-08-02,267.0
2017-08-03,267.0
2017-08-04,264.0
2017-08-07,268.0
2017-08-08,279.0
2017-08-09,274.1
2017-08-10,275.3
2017-08-11,272.7
2017-08-14,274.2
2017-08-15,275.4
2017-08-16,274.0
2017-08-17,273.7
2017-08-18,275.0
2017-08-21,273.7
2017-08-22,273.9
2017-08-23,274.0
2017-08-24,275.3
2017-08-25,276.3
2017-08-28,273.7
2017-08-29,275.4
2017-08-30,271.6
2017-08-31,270.0
2017-09-01,265.0
2017-09-04,262.0
2017-09-05,259.8
2017-09-06,264.1
2017-09-07,263.1
2017-09-08,270.0
2017-09-11,270.1
2017-09-12,270.9
2017-09-13,272.0
2017-09-14,276.9
2017-09-15,276.0
2017-09-18,285.2
2017-09-19,286.6
2017-09-20,289.9
2017-09-21,295.0
2017-09-22,291.8
2017-09-25,293.0
2017-09-26,290.5
2017-09-27,291.8
2017-09-28,290.5
2017-09-29,289.1
2017-10-02,289.9
2017-10-03,291.4
2017-10-04,293.0
2017-10-05,296.5
2017-10-06,301.5
2017-10-09,300.5
2017-10-10,300.9
2017-10-11,307.0
2017-10-12,304.4
2017-10-13,308.0
2017-10-16,313.5
2017-10-17,308.8
2017-10-18,308.4
2017-10-19,304.7
2017-10-20,306.3
2017-10-23,307.8
2017-10-24,307.5
2017-10-25,301.8
2017-10-26,300.0
2017-10-27,308.9
2017-10-30,311.7
2017-10-31,316.8
2017-11-01,318.6
2017-11-02,317.1
2017-11-03,324.0
2017-11-07,359.6
2017-11-08,353.1
2017-11-09,353.5
2017-11-10,350.0
2017-11-13,353.3
2017-11-14,353.0
2017-11-15,345.1
2017-11-16,341.0
2017-11-17,343.3
2017-11-20,345.2
2017-11-21,354.5
2017-11-22,355.6
2017-11-23,356.0
2017-11-24,352.0
2017-11-27,349.6
2017-11-28,346.6
2017-11-29,341.8
2017-11-30,353.9
2017-12-01,353.6
2017-12-04,369.8
2017-12-05,371.6
2017-12-06,380.6
2017-12-07,381.0
2017-12-08,375.6
2017-12-11,383.4
2017-12-12,394.0
2017-12-13,390.0
2017-12-14,383.1
2017-12-15,395.0
2017-12-18,392.6
2017-12-19,391.5
2017-12-20,390.0
2017-12-21,367.9
2017-12-22,368.0
2017-12-25,361.1
2017-12-26,359.5
2017-12-27,369.8
2017-12-28,369.9
2017-12-29,365.0
2018-01-03,367.7
2018-01-04,368.7
2018-01-05,371.8
2018-01-09,380.2
2018-01-10,382.0
2018-01-11,391.7
2018-01-12,391.6
2018-01-15,389.5
2018-01-16,392.0
2018-01-17,397.6
2018-01-18,417.5
2018-01-19,409.3
2018-01-22,415.1
2018-01-23,414.6
2018-01-24,410.0
2018-01-25,413.3
2018-01-26,412.5
2018-01-29,412.6
2018-01-30,407.5
2018-01-31,409.0
2018-02-01,410.0
2018-02-02,411.0
2018-02-05,408.4
2018-02-06,402.5
2018-02-07,405.0
2018-02-08,395.3
2018-02-09,388.9
2018-02-12,390.0
2018-02-13,390.2
2018-02-14,389.0
2018-02-15,396.6
2018-02-16,400.1
2018-02-19,402.2
2018-02-20,414.8
2018-02-21,411.5
2018-02-22,418.1
2018-02-26,425.2
2018-02-27,419.5
2018-02-28,402.8
2018-03-01,406.8
2018-03-02,408.0
2018-03-05,407.0
2018-03-06,417.4
2018-03-07,408.0
2018-03-09,410.2
2018-03-12,419.6
2018-03-13,420.0
2018-03-14,411.1
2018-03-15,415.3
2018-03-16,393.5
2018-03-19,402.5
2018-03-20,406.4
2018-03-21,411.4
2018-03-22,410.4
2018-03-23,405.8
2018-03-26,413.0
2018-03-27,414.0
2018-03-28,413.1
2018-03-29,413.0
2018-03-30,416.0
2018-04-02,424.7
2018-04-03,420.2
2018-04-04,422.2
2018-04-05,424.2
2018-04-06,424.9
2018-04-09,410.3
2018-04-10,422.3
2018-04-11,418.5
2018-04-12,424.9
2018-04-13,430.2
2018-04-16,450.0
2018-04-17,432.6
2018-04-18,430.2
2018-04-19,430.0
2018-04-20,437.6
2018-04-23,444.6
2018-04-24,453.0
2018-04-25,460.0
2018-04-26,476.7
2018-04-27,466.9
2018-04-28,464.4
2018-04-30,475.5
2018-05-02,473.7
2018-05-03,458.5
2018-05-04,465.7
2018-05-07,461.6
2018-05-08,462.8
2018-05-10,478.2
2018-05-11,486.5
2018-05-14,500.1
2018-05-15,495.3
2018-05-16,500.0
2018-05-17,495.0
2018-05-18,500.1
2018-05-21,485.0
2018-05-22,493.9
2018-05-23,485.0
2018-05-24,480.3
2018-05-25,474.9
2018-05-28,469.0
2018-05-29,461.3
2018-05-30,467.5
2018-05-31,458.0
2018-06-01,461.5
2018-06-04,464.6
2018-06-05,463.0
2018-06-06,455.9
2018-06-07,461.6
2018-06-08,463.5
2018-06-09,464.7
2018-06-11,463.6
2018-06-13,465.0
2018-06-14,465.7
2018-06-15,483.5
2018-06-18,479.0
2018-06-19,462.7
2018-06-20,473.0
2018-06-21,474.0
2018-06-22,466.4
2018-06-25,470.0
2018-06-26,457.8
2018-06-27,466.7
2018-06-28,460.0
2018-06-29,465.1
2018-07-02,458.2
2018-07-03,457.0
2018-07-04,458.4
2018-07-05,454.5
2018-07-06,460.6
2018-07-09,467.1
2018-07-10,473.6
2018-07-11,480.3
2018-07-12,478.6
2018-07-13,477.0
2018-07-16,480.4
2018-07-17,482.3
2018-07-18,484.0
2018-07-19,485.1
2018-07-20,478.6
2018-07-23,481.2
2018-07-24,483.5
2018-07-25,479.1
2018-07-26,481.3
2018-07-27,477.0
2018-07-30,481.2
2018-07-31,482.0
2018-08-01,483.2
2018-08-02,484.0
2018-08-03,494.1
2018-08-06,500.1
2018-08-07,502.8
2018-08-08,501.0
2018-08-09,503.0
2018-08-10,501.5
2018-08-13,501.8
2018-08-14,506.5
2018-08-15,499.7
2018-08-16,499.9
2018-08-17,501.4
2018-08-20,503.0
2018-08-21,505.9
2018-08-22,500.1
2018-08-23,500.2
2018-08-24,503.0
2018-08-27,504.7
2018-08-28,516.0
2018-08-29,536.0
2018-08-30,539.0
2018-08-31,526.0
2018-09-03,533.1
2018-09-04,534.0
2018-09-05,535.0
2018-09-06,530.0
2018-09-07,524.4
2018-09-10,536.0
2018-09-11,534.0
2018-09-12,524.8
2018-09-13,525.8
2018-09-14,525.5
2018-09-17,525.5
2018-09-18,527.2
2018-09-19,539.5
2018-09-20,544.2
2018-09-21,544.9
2018-09-24,533.3
2018-09-25,547.0
2018-09-26,553.2
2018-09-27,563.2
2018-09-28,575.0
2018-10-01,576.3
2018-10-02,571.5
2018-10-03,586.9
2018-10-04,579.6
2018-10-05,577.6
2018-10-08,589.9
2018-10-09,588.3
2018-10-10,578.0
2018-10-11,560.2
2018-10-12,565.0
2018-10-15,562.0
2018-10-16,555.0
2018-10-17,550.0
2018-10-18,550.0
2018-10-19,549.6
2018-10-22,551.0
2018-10-23,555.9
2018-10-24,550.1
2018-10-25,548.5
2018-10-26,532.2
2018-10-29,527.0
2018-10-30,517.0
2018-10-31,526.0
2018-11-01,526.0
2018-11-02,527.0
2018-11-06,537.6
2018-11-07,543.0
2018-11-08,556.0
2018-11-09,553.2
2018-11-12,562.8
2018-11-13,559.5
2018-11-14,548.0
2018-11-15,546.2
2018-11-16,541.1
2018-11-19,546.4
2018-11-20,532.4
2018-11-21,523.7
2018-11-22,520.0
2018-11-23,503.0
2018-11-26,492.8
2018-11-27,498.0
2018-11-28,512.0
2018-11-29,512.8
2018-11-30,508.1
2018-12-03,533.5
2018-12-04,548.5
2018-12-05,555.3
2018-12-06,554.9
2018-12-07,554.0
2018-12-10,549.0
2018-12-11,540.3
2018-12-12,530.9
2018-12-13,520.0
2018-12-14,518.0
2018-12-17,518.0
2018-12-18,511.0
2018-12-19,500.0
2018-12-20,495.0
2018-12-21,488.0
2018-12-24,477.4
2018-12-25,472.0
2018-12-26,490.1
2018-12-27,496.0
2018-12-28,510.6
2018-12-29,522.0
2019-01-03,521.9
2019-01-04,519.0
2019-01-08,505.9
2019-01-09,506.0
2019-01-10,510.8
2019-01-11,505.8
2019-01-14,508.8
2019-01-15,511.8
2019-01-16,514.1
2019-01-17,519.0
2019-01-18,528.4
2019-01-21,525.0
2019-01-22,524.2
2019-01-23,549.1
2019-01-24,545.9
2019-01-25,552.0
2019-01-28,547.5
2019-01-29,550.0
2019-01-30,558.0
2019-01-31,569.0
2019-02-01,557.5
2019-02-04,563.7
2019-02-05,565.2
2019-02-06,564.0
2019-02-07,563.8
2019-02-08,564.4
2019-02-11,562.3
2019-02-12,560.8
2019-02-13,549.0
2019-02-14,555.4
2019-02-15,563.0
2019-02-18,560.9
2019-02-19,560.9
2019-02-20,565.0
2019-02-21,562.8
2019-02-22,563.0
2019-02-25,558.8
2019-02-26,555.3
2019-02-27,547.7
2019-02-28,548.5
2019-03-01,548.0
2019-03-04,549.7
2019-03-05,547.0
2019-03-06,549.8
2019-03-07,543.0
2019-03-11,542.0
2019-03-12,529.0
2019-03-13,524.6
2019-03-14,531.0
2019-03-15,530.0
2019-03-18,540.9
2019-03-19,550.2
2019-03-20,562.3
2019-03-21,550.8
2019-03-22,545.2
2019-03-25,544.0
2019-03-26,552.4
2019-03-27,546.1
2019-03-28,553.0
2019-03-29,557.8
2019-04-01,556.6
2019-04-02,555.0
2019-04-03,555.9
2019-04-04,547.1
2019-04-05,555.0
2019-04-08,574.5
2019-04-09,575.8
2019-04-10,583.3
2019-04-11,585.0
2019-04-12,588.0
2019-04-15,588.6
2019-04-16,582.8
2019-04-17,579.0
2019-04-18,574.0
2019-04-19,578.2
2019-04-22,586.5
2019-04-23,581.8
2019-04-24,574.1
2019-04-25,580.9
2019-04-26,620.0
2019-04-29,623.0
2019-04-30,634.6
2019-05-02,634.9
2019-05-03,645.4
2019-05-06,641.3
2019-05-07,634.0
2019-05-08,619.3
2019-05-10,603.1
2019-05-13,593.0
2019-05-14,600.0
2019-05-15,593.8
2019-05-16,579.2
2019-05-17,573.0
2019-05-20,568.7
2019-05-21,574.0
2019-05-22,600.0
2019-05-23,583.0
2019-05-24,579.0
2019-05-27,576.0
2019-05-28,575.0
2019-05-29,577.3
2019-05-30,593.0
2019-05-31,584.4
2019-06-03,584.9
2019-06-04,603.1
2019-06-05,591.5
2019-06-06,594.8
2019-06-07,595.2
2019-06-10,600.4
2019-06-11,608.4
2019-06-13,621.4
2019-06-14,626.0
2019-06-17,623.0
2019-06-18,621.7
2019-06-19,620.0
2019-06-20,633.1
2019-06-21,629.4
2019-06-24,635.1
2019-06-25,630.8
2019-06-26,634.8
2019-06-27,638.3
2019-06-28,636.2
2019-07-01,643.9
2019-07-02,648.3
2019-07-03,664.5
2019-07-04,656.1
2019-07-05,651.4
2019-07-08,646.9
2019-07-09,635.0
2019-07-10,630.5
2019-07-11,623.8
2019-07-12,619.3
2019-07-15,611.1
2019-07-16,625.8
2019-07-17,627.0
2019-07-18,625.9
2019-07-19,636.0
2019-07-22,633.6
2019-07-23,639.1
2019-07-24,642.9
2019-07-25,644.0
2019-07-26,649.9
2019-07-29,675.0
2019-07-30,663.0
2019-07-31,674.1
2019-08-01,665.0
2019-08-02,672.8
2019-08-05,661.3
2019-08-06,663.7
2019-08-07,660.0
2019-08-08,661.0
2019-08-09,658.0
2019-08-12,652.0
2019-08-13,649.0
2019-08-14,642.3
2019-08-15,632.0
2019-08-16,615.0
2019-08-19,622.9
2019-08-20,625.9
2019-08-21,625.0
2019-08-22,625.9
2019-08-23,630.0
2019-08-26,629.6
2019-08-27,629.0
2019-08-28,630.0
2019-08-29,630.5
2019-08-30,635.0
2019-09-02,641.3
2019-09-03,641.2
2019-09-04,650.5
2019-09-05,658.6
2019-09-06,670.0
2019-09-09,671.5
2019-09-10,671.3
2019-09-11,672.2
2019-09-12,669.5
2019-09-13,661.2
2019-09-16,679.9
2019-09-17,672.4
2019-09-18,676.6
2019-09-19,680.0
2019-09-20,668.5
2019-09-23,677.1
2019-09-24,675.6
2019-09-25,667.0
2019-09-26,631.9
2019-09-27,638.8
2019-09-30,626.7
2019-10-01,622.4
2019-10-02,615.0
2019-10-03,612.1
2019-10-04,618.0
2019-10-07,637.5
2019-10-08,630.0
2019-10-09,635.8
2019-10-10,634.0
2019-10-11,632.0
2019-10-14,629.1
2019-10-15,629.2
2019-10-16,630.0
2019-10-17,627.9
2019-10-18,629.0
2019-10-21,631.5
2019-10-22,643.5
2019-10-23,650.5
2019-10-24,658.0
2019-10-25,660.0
2019-10-28,656.4
2019-10-29,650.8
2019-10-30,657.5
2019-10-31,659.0
2019-11-01,656.3
2019-11-05,661.6
2019-11-06,659.5
2019-11-07,669.9
2019-11-08,671.7
2019-11-11,669.4
2019-11-12,667.9
2019-11-13,665.0
2019-11-14,672.0
2019-11-15,670.7
2019-11-18,672.4
2019-11-19,676.0
2019-11-20,676.6
2019-11-21,675.0
2019-11-22,679.5
2019-11-25,686.3
2019-11-26,690.8
2019-11-27,690.0
2019-11-28,682.9
2019-11-29,689.9
2019-12-02,693.5
2019-12-03,691.1
2019-12-04,682.7
2019-12-05,690.0
2019-12-06,695.3
2019-12-09,708.0
2019-12-10,708.9
2019-12-11,720.0
2019-12-12,724.2
2019-12-13,738.5
2019-12-16,743.3
2019-12-17,735.6
2019-12-18,738.2
2019-12-19,734.3
2019-12-20,740.9
2019-12-23,744.0
2019-12-24,739.8
2019-12-25,744.1
2019-12-26,752.9
2019-12-27,739.0
2019-12-30,734.0
2020-01-03,734.0
2020-01-06,736.3
2020-01-08,749.1
2020-01-09,769.9
2020-01-10,773.5
2020-01-13,761.4
2020-01-14,766.9
2020-01-15,760.0
2020-01-16,761.0
2020-01-17,763.7
2020-01-20,777.5
2020-01-21,767.2
2020-01-22,758.3
2020-01-23,743.8
2020-01-24,734.5
2020-01-27,715.4
2020-01-28,721.4
2020-01-29,729.4
2020-01-30,723.0
2020-01-31,716.9
2020-02-03,707.9
2020-02-04,720.0
2020-02-05,729.5
2020-02-06,724.0
2020-02-07,722.6
2020-02-10,715.0
2020-02-11,734.5
2020-02-12,748.3
2020-02-13,741.0
2020-02-14,742.0
2020-02-17,739.2
2020-02-18,725.5
2020-02-19,736.0
2020-02-20,734.3
2020-02-21,726.0
2020-02-25,695.0
2020-02-26,705.0
2020-02-27,681.3
2020-02-28,660.8
2020-03-02,661.1
2020-03-03,676.0
2020-03-04,678.0
2020-03-05,679.7
2020-03-06,650.1
2020-03-10,527.0
2020-03-11,523.5
2020-03-12,456.0
2020-03-13,455.5
2020-03-16,425.8
2020-03-17,404.3
2020-03-18,365.5
2020-03-19,410.3
2020-03-20,469.5
2020-03-23,465.2
2020-03-24,517.7
2020-03-25,510.1
2020-03-26,527.0
2020-03-27,503.0
2020-03-30,487.0
2020-03-31,520.5
2020-04-01,516.0
2020-04-02,554.0
2020-04-03,567.5
2020-04-06,566.4
2020-04-07,548.6
2020-04-08,555.4
2020-04-09,572.0
2020-04-10,567.0
2020-04-13,542.2
2020-04-14,521.2
2020-04-15,485.0
2020-04-16,484.0
2020-04-17,494.0
2020-04-20,461.0
2020-04-21,446.0
2020-04-22,474.0
2020-04-23,493.0
2020-04-24,481.0
2020-04-27,480.1
2020-04-28,487.0
2020-04-29,520.0
2020-04-30,514.1
2020-05-04,507.0
2020-05-05,515.0
2020-05-06,507.7
2020-05-07,510.7
2020-05-08,519.0
2020-05-12,520.4
2020-05-13,494.1
2020-05-14,495.6
2020-05-15,496.0
2020-05-18,520.0
2020-05-19,516.6
2020-05-20,529.1
2020-05-21,511.2
2020-05-22,510.9
2020-05-25,515.6
2020-05-26,528.0
2020-05-27,519.1
2020-05-28,529.7
2020-05-29,509.0
2020-06-01,520.8
2020-06-02,526.0
2020-06-03,544.9
2020-06-04,540.0
2020-06-05,550.8
2020-06-08,561.8
2020-06-09,575.0
2020-06-10,579.0
2020-06-11,566.3
2020-06-15,563.6
2020-06-16,560.5
2020-06-17,551.0
2020-06-18,557.7
2020-06-19,563.7
2020-06-22,567.3
2020-06-23,562.4
2020-06-25,559.7
2020-06-26,548.0
2020-06-29,549.7
2020-06-30,539.9
2020-07-02,550.0
2020-07-03,555.0
2020-07-06,551.5
2020-07-07,550.5
2020-07-08,546.5
2020-07-09,538.0
2020-07-10,538.7
2020-07-13,523.6
2020-07-14,524.1
2020-07-15,532.9
2020-07-16,528.8
2020-07-17,529.3
2020-07-20,537.9
2020-07-21,539.5
2020-07-22,540.7
2020-07-23,537.0
2020-07-24,538.0
2020-07-27,538.4
2020-07-28,536.9
2020-07-29,542.0
2020-07-30,538.8
2020-07-31,537.5
2020-08-03,529.3
2020-08-04,528.3
2020-08-05,537.7
2020-08-06,540.0
2020-08-07,538.0
2020-08-10,543.2
2020-08-11,564.8
2020-08-12,584.2
2020-08-13,580.0
2020-08-14,583.3
2020-08-17,578.4
2020-08-18,573.6
2020-08-19,571.3
2020-08-20,557.6
2020-08-21,548.0
2020-08-24,548.0
2020-08-25,548.0
2020-08-26,549.5
2020-08-27,543.5
2020-08-28,541.7
2020-08-31,532.7
2020-09-01,531.2
2020-09-02,529.1
2020-09-03,516.2
2020-09-04,524.1
2020-09-07,521.0
2020-09-08,514.7
2020-09-09,517.0
2020-09-10,520.0
2020-09-11,523.8
2020-09-14,529.6
2020-09-15,539.1
2020-09-16,515.5
2020-09-17,503.8
2020-09-18,498.1
2020-09-21,474.4
2020-09-22,466.9
2020-09-23,452.3
2020-09-24,451.1
2020-09-25,447.9
2020-09-28,453.5
2020-09-29,445.8
2020-09-30,443.6
2020-10-01,438.5
2020-10-02,434.5
2020-10-05,457.3
2020-10-06,456.9
2020-10-07,456.2
2020-10-08,454.0
2020-10-09,443.3
2020-10-12,438.0
2020-10-13,430.4
2020-10-14,428.5
2020-10-15,417.8
2020-10-16,408.8
2020-10-19,400.2
2020-10-20,402.6
2020-10-21,400.8
2020-10-22,405.3
2020-10-23,417.2
2020-10-26,410.2
2020-10-27,404.3
2020-10-28,388.1
2020-10-29,393.4
2020-10-30,397.6
2020-11-02,404.8
2020-11-03,413.6
2020-11-05,428.2
2020-11-06,428.8
2020-11-09,453.0
2020-11-10,470.4
2020-11-11,476.2
2020-11-12,473.9
2020-11-13,479.4
2020-11-16,485.2
2020-11-17,477.6
2020-11-18,481.2
2020-11-19,479.6
2020-11-20,482.9
2020-11-23,485.5
2020-11-24,492.1
2020-11-25,502.8
2020-11-26,494.1
2020-11-27,481.2
2020-11-30,469.0
2020-12-01,472.0
2020-12-02,482.7
2020-12-03,474.0
2020-12-04,481.4
2020-12-07,474.5
2020-12-08,468.9
2020-12-09,466.0
2020-12-10,475.4
2020-12-11,479.0
2020-12-14,483.9
2020-12-15,485.5
2020-12-16,478.0
2020-12-17,479.4
2020-12-18,473.4
2020-12-21,464.1
2020-12-22,464.6
2020-12-23,468.2
2020-12-24,468.0
2020-12-25,468.5
2020-12-28,468.5
2020-12-29,470.5
2020-12-30,475.7
2021-01-04,476.5
2021-01-05,485.6
2021-01-06,482.5
2021-01-08,491.3
2021-01-11,489.0
2021-01-12,494.7
2021-01-13,503.5
2021-01-14,513.4
2021-01-15,500.3
2021-01-18,496.4
2021-01-19,494.7
2021-01-20,495.0
2021-01-21,481.7
2021-01-22,470.6
2021-01-25,473.8
2021-01-26,471.6
2021-01-27,469.0
2021-01-28,468.6
2021-01-29,457.0
2021-02-01,461.3
2021-02-02,463.5
2021-02-03,469.3
2021-02-04,469.7
2021-02-05,480.0
2021-02-08,496.0
2021-02-09,493.0
2021-02-10,485.8
2021-02-11,480.5
2021-02-12,489.3
2021-02-15,497.6
2021-02-16,497.0
2021-02-17,496.6
2021-02-18,481.9
2021-02-19,491.1
2021-02-20,492.9
2021-02-22,492.3
2021-02-24,500.9
2021-02-25,500.1
2021-02-26,491.8
2021-03-01,494.7
2021-03-02,498.0
2021-03-03,501.9
2021-03-04,500.4
2021-03-05,525.3
2021-03-09,555.8
2021-03-10,556.9
2021-03-11,566.6
2021-03-12,570.4
2021-03-15,579.0
2021-03-16,567.1
2021-03-17,565.6
2021-03-18,543.3
2021-03-19,557.6
2021-03-22,559.6
2021-03-23,548.2
2021-03-24,564.6
2021-03-25,557.4
2021-03-26,566.8
2021-03-29,562.8
2021-03-30,560.5
2021-03-31,558.3
2021-04-01,569.2
2021-04-02,569.1
2021-04-05,561.6
2021-04-06,550.4
2021-04-07,552.3
2021-04-08,548.1
2021-04-09,534.4
2021-04-12,535.2
2021-04-13,537.4
2021-04-14,548.7
2021-04-15,551.4
2021-04-16,550.5
2021-04-19,543.9
2021-04-20,536.7
2021-04-21,537.1
2021-04-22,529.6
2021-04-23,531.2
2021-04-26,530.0
2021-04-27,530.6
2021-04-28,496.6
2021-04-29,461.1
2021-04-30,469.1
2021-05-04,478.3
2021-05-05,477.4
2021-05-06,482.1
2021-05-07,480.8
2021-05-10,482.7
2021-05-11,481.8
2021-05-12,478.6
2021-05-13,475.0
2021-05-14,472.3
2021-05-17,476.0
2021-05-18,475.4
2021-05-19,467.9
2021-05-20,460.4
2021-05-21,465.6
2021-05-24,469.4
2021-05-25,466.4
2021-05-26,467.8
2021-05-27,466.3
2021-05-28,468.7
2021-05-31,477.5
2021-06-01,484.6
2021-06-02,496.2
2021-06-03,495.0
2021-06-04,495.0
2021-06-07,495.5
2021-06-08,496.2
2021-06-09,499.1
2021-06-10,500.7
2021-06-11,500.1
2021-06-14,508.1
2021-06-15,513.0
2021-06-16,515.4
2021-06-17,509.5
2021-06-18,504.0
2021-06-21,511.0
2021-06-22,511.6
2021-06-23,511.7
2021-06-24,506.1
2021-06-25,507.8
2021-06-28,502.1
2021-06-29,495.9
2021-06-30,502.0
2021-07-01,505.7
2021-07-02,506.7
2021-07-05,508.5
2021-07-06,505.7
2021-07-07,503.9
2021-07-08,489.1
2021-07-09,486.4
2021-07-12,484.7
2021-07-13,486.2
2021-07-14,481.7
2021-07-15,465.4
2021-07-16,465.5
2021-07-19,454.3
2021-07-20,454.6
2021-07-21,460.2
2021-07-22,459.0
2021-07-23,457.0
2021-07-26,458.0
2021-07-27,453.3
2021-07-28,460.9
2021-07-29,464.8
2021-07-30,456.1
2021-08-02,460.7
2021-08-03,459.6
2021-08-04,457.3
2021-08-05,465.0
2021-08-06,461.1
2021-08-09,460.0
2021-08-10,465.4
2021-08-11,463.9
2021-08-12,465.5
2021-08-13,465.9
2021-08-16,464.6
2021-08-17,469.0
2021-08-18,464.0
2021-08-19,459.3
2021-08-20,458.9
2021-08-23,470.9
2021-08-24,477.6
2021-08-25,482.5
2021-08-26,460.8
2021-08-27,458.7
2021-08-30,459.9
2021-08-31,457.3
2021-09-01,461.5
2021-09-02,458.6
2021-09-03,458.6
2021-09-06,456.5
2021-09-07,450.0
2021-09-08,450.5
2021-09-09,449.0
2021-09-10,446.9
2021-09-13,454.7
2021-09-14,462.8
2021-09-15,473.9
2021-09-16,470.5
2021-09-17,468.5
2021-09-20,456.5
2021-09-21,460.3
2021-09-22,470.0
2021-09-23,472.0
2021-09-24,467.9
2021-09-27,487.8
2021-09-28,481.4
2021-09-29,480.8
2021-09-30,484.0
2021-10-01,489.9
2021-10-04,494.8
2021-10-05,528.9
2021-10-06,519.9
2021-10-07,522.9
2021-10-08,525.5
2021-10-11,518.0
2021-10-12,526.1
2021-10-13,519.6
2021-10-14,518.2
2021-10-15,524.6
2021-10-18,523.0
2021-10-19,525.7
2021-10-20,532.0
2021-10-21,516.0
2021-10-22,515.9
2021-10-25,523.5
2021-10-26,517.5
2021-10-27,502.7
2021-10-28,503.4
2021-10-29,489.3
2021-11-01,500.1
2021-11-02,494.5
2021-11-03,487.7
2021-11-05,489.5
2021-11-08,497.2
2021-11-09,492.5
2021-11-10,487.0
2021-11-11,490.5
2021-11-12,482.9
2021-11-15,480.0
2021-11-16,483.1
2021-11-17,476.9
2021-11-18,467.1
2021-11-19,455.3
2021-11-22,449.8
2021-11-23,454.7
2021-11-24,456.4
2021-11-25,451.4
2021-11-26,428.5
2021-11-29,438.4
2021-11-30,439.3
2021-12-01,440.0
2021-12-02,460.9
2021-12-03,447.4
2021-12-06,445.0
2021-12-07,450.8
2021-12-08,447.1
2021-12-09,446.9
2021-12-10,440.0
2021-12-13,418.3
2021-12-14,426.6
2021-12-15,438.9
2021-12-16,443.2
2021-12-17,449.0
2021-12-20,444.8
2021-12-21,446.6
2021-12-22,450.4
2021-12-23,445.5
2021-12-24,446.1
2021-12-27,451.9
2021-12-28,455.7
2021-12-29,456.4
2021-12-30,462.8
2022-01-03,472.1
2022-01-04,473.8
2022-01-05,453.0
2022-01-06,459.0
2022-01-10,460.0
2022-01-11,466.4
2022-01-12,469.1
2022-01-13,453.9
2022-01-14,452.7
2022-01-17,451.9
2022-01-18,433.8
2022-01-19,449.0
2022-01-20,439.1
2022-01-21,433.9
2022-01-24,414.7
2022-01-25,418.8
2022-01-26,414.0
2022-01-27,431.9
2022-01-28,447.8
2022-01-31,453.5
2022-02-01,445.0
2022-02-02,442.5
2022-02-03,437.6
2022-02-04,445.0
2022-02-07,442.8
2022-02-08,448.1
2022-02-09,456.4
2022-02-10,449.5
2022-02-11,432.8
2022-02-14,433.9
2022-02-15,450.7
2022-02-16,455.1
2022-02-17,441.5
2022-02-18,433.3
2022-02-21,372.9
2022-02-22,399.6
2022-02-24,273.6
2022-02-25,313.1
2022-03-24,329.0
2022-03-25,318.5
2022-03-28,318.0
2022-03-29,336.7
2022-03-30,351.8
2022-03-31,356.3
2022-04-01,368.1
2022-04-04,363.8
2022-04-05,353.9
2022-04-06,347.0
2022-04-07,342.0
2022-04-08,339.2
2022-04-11,340.2
2022-04-12,342.5
2022-04-13,343.1
2022-04-14,332.1
2022-04-15,327.9
2022-04-18,319.2
2022-04-19,308.1
2022-04-20,315.1
2022-04-21,308.6
2022-04-22,310.4
2022-04-25,319.2
2022-04-26,346.3
2022-04-27,343.9
2022-04-28,343.4
2022-04-29,357.0
2022-05-04,344.6
2022-05-05,343.8
2022-05-06,338.2
2022-05-11,345.0
2022-05-12,330.0
2022-05-13,334.8
2022-05-16,340.8
2022-05-17,355.0
2022-05-18,365.0
2022-05-19,364.0
2022-05-20,366.8
2022-05-23,338.1
2022-05-24,334.5
2022-05-25,345.8
2022-05-26,354.4
2022-05-27,362.5
2022-05-30,362.9
2022-05-31,353.2
2022-06-01,356.4
2022-06-02,354.0
2022-06-03,347.8
2022-06-06,346.0
2022-06-07,349.8
2022-06-08,359.0
2022-06-09,357.3
2022-06-10,364.9
2022-06-14,365.0
2022-06-15,370.0
2022-06-16,389.1
2022-06-17,391.9
2022-06-20,416.0
2022-06-21,406.9
2022-06-22,401.6
2022-06-23,406.4
2022-06-24,405.9
2022-06-27,410.0
2022-06-28,404.5
2022-06-29,402.1
2022-06-30,398.9
2022-07-01,380.0
2022-07-04,383.0
2022-07-05,382.5
2022-07-06,383.8
2022-07-07,365.3
2022-07-08,361.9
2022-07-11,355.9
2022-07-12,347.4
2022-07-13,340.9
2022-07-14,332.8
2022-07-15,347.0
2022-07-18,348.2
2022-07-19,342.0
2022-07-20,344.2
2022-07-21,341.3
2022-07-22,344.0
2022-07-25,346.0
2022-07-26,358.3
2022-07-27,366.5
2022-07-28,370.3
2022-07-29,376.1
2022-08-01,374.8
2022-08-02,371.1
2022-08-03,374.0
2022-08-04,374.0
2022-08-05,362.1
2022-08-08,366.1
2022-08-09,394.1
2022-08-10,400.0
2022-08-11,398.3
2022-08-12,405.1
2022-08-15,396.7
2022-08-16,416.0
2022-08-17,414.0
2022-08-18,415.0
2022-08-19,409.2
2022-08-22,414.0
2022-08-23,415.9
2022-08-24,414.9
2022-08-25,412.9
2022-08-26,415.0
2022-08-29,418.0
2022-08-30,418.9
2022-08-31,418.0
2022-09-01,415.0
2022-09-02,418.4
2022-09-05,418.0
2022-09-06,410.9
2022-09-07,410.0
2022-09-08,408.0
2022-09-09,408.3
2022-09-12,415.8
2022-09-13,413.7
2022-09-14,413.0
2022-09-15,414.0
2022-09-16,412.9
2022-09-19,412.9
2022-09-20,385.0
2022-09-21,361.0
2022-09-22,386.0
2022-09-23,370.1
2022-09-26,340.9
2022-09-27,349.8
2022-09-28,349.0
2022-09-29,344.2
2022-09-30,356.2
2022-10-03,372.5
2022-10-04,371.0
2022-10-05,369.7
2022-10-06,373.4
2022-10-07,354.9
2022-10-10,333.6
2022-10-11,339.4
2022-10-12,335.0
2022-10-13,334.3
2022-10-14,334.3
2022-10-17,344.7
2022-10-18,339.5
2022-10-19,338.5
2022-10-20,339.0
2022-10-21,342.7
2022-10-24,348.0
2022-10-25,357.4
2022-10-26,358.7
2022-10-27,361.5
2022-10-28,363.5
2022-10-31,366.5
2022-11-01,370.0
2022-11-02,370.6
2022-11-03,372.3
2022-11-07,380.5
2022-11-08,377.3
2022-11-09,372.8
2022-11-10,375.0
2022-11-11,370.8
2022-11-14,369.9
2022-11-15,365.5
2022-11-16,367.0
2022-11-17,357.6
2022-11-18,355.9
2022-11-21,352.4
2022-11-22,353.1
2022-11-23,354.2
2022-11-24,354.4
2022-11-25,355.5
2022-11-28,353.1
2022-11-29,353.4
2022-11-30,352.7
2022-12-01,351.0
2022-12-02,350.7
2022-12-05,353.0
2022-12-06,349.5
2022-12-07,348.8
2022-12-08,347.8
2022-12-09,348.6
2022-12-12,347.5
2022-12-13,346.9
2022-12-14,343.2
2022-12-15,338.8
2022-12-16,342.0
2022-12-19,338.5
2022-12-20,343.7
2022-12-21,341.8
2022-12-22,342.2
2022-12-23,339.9
2022-12-26,341.5
2022-12-27,341.3
2022-12-28,340.0
2022-12-29,340.1
2022-12-30,341.4
2023-01-03,344.9
2023-01-04,345.5
2023-01-05,344.3
2023-01-06,344.3
2023-01-09,339.3
2023-01-10,336.7
2023-01-11,337.1
2023-01-12,337.5
2023-01-13,338.7
2023-01-16,339.4
2023-01-17,337.1
2023-01-18,336.5
2023-01-19,333.7
2023-01-20,332.2
2023-01-23,333.4
2023-01-24,332.4
2023-01-25,330.5
2023-01-26,327.2
2023-01-27,327.0
2023-01-30,327.3
2023-01-31,326.8
2023-02-01,324.7
2023-02-02,322.0
2023-02-03,321.7
2023-02-06,323.2
2023-02-07,322.6
2023-02-08,324.8
2023-02-09,324.6
2023-02-10,323.4
2023-02-13,326.3
2023-02-14,325.6
2023-02-15,314.5
2023-02-16,317.3
2023-02-17,319.0
2023-02-20,317.1
2023-02-21,320.6
2023-02-22,319.7
2023-02-24,319.6
2023-02-27,322.9
2023-02-28,332.2
2023-03-01,337.9
2023-03-02,332.2
2023-03-03,337.4
2023-03-06,339.0
2023-03-07,336.4
2023-03-09,335.4
2023-03-10,333.9
2023-03-13,333.0
2023-03-14,336.6
2023-03-15,334.6
2023-03-16,335.6
2023-03-17,345.1
2023-03-20,354.5
2023-03-21,351.1
2023-03-22,350.7
2023-03-23,350.0
2023-03-24,351.4
2023-03-27,363.3
2023-03-28,364.7
2023-03-29,365.3
2023-03-30,371.2
2023-03-31,369.5
2023-04-03,379.5
2023-04-04,375.5
2023-04-05,380.4
2023-04-06,385.4
2023-04-07,394.2
2023-04-10,397.6
2023-04-11,391.5
2023-04-12,394.0
2023-04-13,393.6
2023-04-14,393.3
2023-04-17,398.3
2023-04-18,400.5
2023-04-19,394.7
2023-04-20,407.9
2023-04-21,406.7
2023-04-24,412.5
2023-04-25,410.3
2023-04-26,409.0
2023-04-27,413.9
2023-04-28,406.5
2023-05-02,399.4
2023-05-03,384.3
2023-05-04,390.1
2023-05-05,385.5
2023-05-08,392.4
2023-05-10,404.5
2023-05-11,401.3
2023-05-12,403.1
2023-05-15,408.0
2023-05-16,410.2
2023-05-17,408.3
2023-05-18,415.1
2023-05-19,413.0
2023-05-22,418.2
2023-05-23,427.4
2023-05-24,429.3
2023-05-25,427.7
2023-05-26,431.0
2023-05-29,443.1
2023-05-30,440.1
2023-05-31,444.3
2023-06-01,450.0
2023-06-02,461.5
2023-06-05,472.5
2023-06-06,474.1
2023-06-07,470.3
2023-06-08,470.1
2023-06-09,472.9
2023-06-13,480.4
2023-06-14,488.8
2023-06-15,509.0
2023-06-16,507.1
2023-06-19,502.2
2023-06-20,501.2
2023-06-21,499.7
2023-06-22,501.7
2023-06-23,495.9
2023-06-26,496.5
2023-06-27,496.5
2023-06-28,498.1
2023-06-29,504.3
2023-06-30,501.5
2023-07-03,498.0
2023-07-04,491.6
2023-07-05,498.0
2023-07-06,495.0
2023-07-07,493.9
2023-07-10,484.6
2023-07-11,487.6
2023-07-12,491.3
2023-07-13,492.6
2023-07-14,492.3
2023-07-17,492.3
2023-07-18,494.7
2023-07-19,492.7
2023-07-20,485.7
2023-07-21,492.4
2023-07-24,497.4
2023-07-25,505.6
2023-07-26,501.7
2023-07-27,504.1
2023-07-28,509.6
2023-07-31,515.5
2023-08-01,516.0
2023-08-02,523.8
2023-08-03,530.8
2023-08-04,525.1
2023-08-07,539.2
2023-08-08,542.1
2023-08-09,548.6
2023-08-10,553.8
2023-08-11,559.9
2023-08-14,564.8
2023-08-15,564.2
2023-08-16,556.5
2023-08-17,559.8
2023-08-18,567.6
2023-08-21,573.9
2023-08-22,579.4
2023-08-23,567.4
2023-08-24,574.6
2023-08-25,579.6
2023-08-28,582.3
2023-08-29,584.6
2023-08-30,587.0
2023-08-31,584.6
2023-09-01,586.5
2023-09-04,592.7
2023-09-05,598.4
2023-09-06,600.6
2023-09-07,590.9
2023-09-08,586.1
2023-09-11,582.5
2023-09-12,594.6
2023-09-13,592.3
2023-09-14,589.3
2023-09-15,596.4
2023-09-18,604.6
2023-09-19,599.8
2023-09-20,600.4
2023-09-21,588.0
2023-09-22,597.3
2023-09-25,594.3
2023-09-26,593.0
2023-09-27,602.1
2023-09-28,608.8
2023-09-29,614.3
2023-10-02,629.2
2023-10-03,634.5
2023-10-04,633.7
2023-10-05,633.7
2023-10-06,638.1
2023-10-09,644.3
2023-10-10,649.6
2023-10-11,618.7
2023-10-12,619.0
2023-10-13,629.6
2023-10-16,630.2
2023-10-17,629.0
2023-10-18,630.7
2023-10-19,628.0
2023-10-20,625.1
2023-10-23,621.8
2023-10-24,620.0
2023-10-25,619.1
2023-10-26,613.8
2023-10-27,617.4
2023-10-30,615.8
2023-10-31,599.5
2023-11-01,599.4
2023-11-02,594.2
2023-11-03,588.7
2023-11-06,601.2
2023-11-07,598.8
2023-11-08,607.3
2023-11-09,604.2
2023-11-10,609.1
2023-11-13,608.0
2023-11-14,609.9
2023-11-15,609.6
2023-11-16,598.9
2023-11-17,615.0
2023-11-20,614.8
2023-11-21,629.5
2023-11-22,638.8
2023-11-23,639.7
2023-11-24,647.9
2023-11-27,638.4
2023-11-28,639.2
2023-11-29,637.4
2023-11-30,635.8
2023-12-01,629.7
2023-12-04,620.6
2023-12-05,632.9
2023-12-06,621.4
2023-12-07,624.0
2023-12-08,632.4
2023-12-11,622.3
2023-12-12,621.6
2023-12-13,625.6
2023-12-14,615.1
2023-12-15,633.2
2023-12-18,641.7
2023-12-19,653.0
2023-12-20,658.6
2023-12-21,656.5
2023-12-22,660.9
2023-12-25,676.2
2023-12-26,692.9
2023-12-27,719.9
2023-12-28,709.0
2023-12-29,707.9
2024-01-03,720.7
2024-01-04,725.9
2024-01-05,724.7
2024-01-08,720.4
2024-01-09,686.5
2024-01-10,694.9
2024-01-11,692.9
2024-01-12,698.6
2024-01-15,699.0
2024-01-16,697.0
2024-01-17,697.1
2024-01-18,696.5
2024-01-19,691.2
2024-01-22,692.5
2024-01-23,693.5
2024-01-24,690.5
2024-01-25,689.0
2024-01-26,692.6
2024-01-29,694.6
2024-01-30,691.9
2024-01-31,702.0
2024-02-01,704.9
2024-02-02,706.0
2024-02-05,707.8
2024-02-06,709.2
2024-02-07,712.4
2024-02-08,707.1
2024-02-09,711.3
2024-02-12,710.3
2024-02-13,710.0
2024-02-14,706.1
2024-02-15,707.8
2024-02-16,707.1
2024-02-19,700.3
2024-02-20,689.2
2024-02-21,684.5
2024-02-22,690.9
2024-02-26,698.6
2024-02-27,691.2
2024-02-28,694.8
2024-02-29,709.4
2024-03-01,713.8
2024-03-04,724.2
2024-03-05,724.9
2024-03-06,735.3
2024-03-07,738.8
2024-03-11,742.5
2024-03-12,743.7
2024-03-13,737.7
2024-03-14,744.8
2024-03-15,723.9
2024-03-18,713.5
2024-03-19,703.3
2024-03-20,696.2
2024-03-21,701.7
2024-03-22,690.0
2024-03-25,686.5
2024-03-26,692.4
2024-03-27,691.8
2024-03-28,686.7
2024-03-29,694.1
2024-04-01,711.1
2024-04-02,710.3
2024-04-03,707.0
2024-04-04,710.4
2024-04-05,710.7
2024-04-08,712.2
2024-04-09,707.0
2024-04-10,710.7
2024-04-11,709.5
2024-04-12,716.9
2024-04-15,738.3
2024-04-16,727.7
2024-04-17,719.0
2024-04-18,714.3
2024-04-19,719.1
2024-04-22,715.5
2024-04-23,722.3
2024-04-24,720.5
2024-04-25,721.6
2024-04-26,717.9
2024-04-27,719.9
2024-04-29,720.8
2024-04-30,718.2
2024-05-02,719.3
2024-05-03,716.9
2024-05-06,714.5
2024-05-07,715.2
2024-05-08,721.2
2024-05-10,725.6
2024-05-13,728.0
2024-05-14,726.1
2024-05-15,736.3
2024-05-16,747.7
2024-05-17,743.0
2024-05-20,732.2
2024-05-21,728.7
2024-05-22,739.2
2024-05-23,737.0
2024-05-24,723.3
2024-05-27,706.1
2024-05-28,705.9
2024-05-29,712.0
2024-05-30,696.0
2024-05-31,680.8
2024-06-03,675.9
2024-06-04,684.0
2024-06-05,680.1
2024-06-06,680.5
2024-06-07,681.8
2024-06-10,676.6
2024-06-11,680.0
2024-06-13,665.4
2024-06-14,682.4
2024-06-17,676.8
2024-06-18,667.3
2024-06-19,636.1
2024-06-20,666.4
2024-06-21,666.9
2024-06-24,662.2
2024-06-25,676.1
2024-06-26,688.5
2024-06-27,682.9
2024-06-28,683.4
2024-07-01,690.5
2024-07-02,691.3
2024-07-03,685.2
2024-07-04,676.7
2024-07-05,667.2
2024-07-08,673.9
2024-07-09,639.1
2024-07-10,613.0
2024-07-11,635.0
2024-07-12,639.7
2024-07-15,626.7
2024-07-16,637.4
2024-07-17,632.3
2024-07-18,639.6
2024-07-19,643.2
2024-07-22,651.1
2024-07-23,651.4
2024-07-24,655.0
2024-07-25,651.5
2024-07-26,643.2
2024-07-29,635.6
2024-07-30,634.0
2024-07-31,625.7
2024-08-01,618.6
2024-08-02,607.7
2024-08-05,594.4
2024-08-06,594.2
2024-08-07,612.9
2024-08-08,600.6
2024-08-09,597.9
2024-08-12,598.9
2024-08-13,605.9
2024-08-14,613.0
2024-08-15,608.3
2024-08-16,600.3
2024-08-19,591.0
2024-08-20,586.8
2024-08-21,601.4
2024-08-22,596.8
2024-08-23,592.9
2024-08-26,605.8
2024-08-27,607.4
2024-08-28,601.6
2024-08-29,596.7
2024-08-30,587.4
2024-09-02,562.6
2024-09-03,559.0
2024-09-04,576.1
2024-09-05,574.4
2024-09-06,586.7
2024-09-09,604.9
2024-09-10,593.4
2024-09-11,587.9
2024-09-12,587.1
2024-09-13,601.7
2024-09-16,617.9
2024-09-17,629.0
2024-09-18,621.6
2024-09-19,619.7
2024-09-20,628.3
2024-09-23,639.2
2024-09-24,640.3
2024-09-25,637.8
2024-09-26,635.1
2024-09-27,639.3
2024-09-30,639.6
2024-10-01,642.2
2024-10-02,648.5
2024-10-03,644.1
2024-10-04,653.9
2024-10-07,660.0
2024-10-08,621.1
2024-10-09,609.8
2024-10-10,615.7
2024-10-11,611.2
2024-10-14,609.0
2024-10-15,607.1
2024-10-16,601.2
2024-10-17,592.2
2024-10-18,594.2
2024-10-21,593.5
2024-10-22,591.2
2024-10-23,586.3
2024-10-24,584.4
2024-10-25,571.3
2024-10-28,541.8
2024-10-29,546.0
2024-10-30,537.9
2024-10-31,535.6
2024-11-01,535.1
2024-11-02,549.5
2024-11-05,548.1
2024-11-06,568.0
2024-11-07,577.3
2024-11-08,593.4
2024-11-11,592.5
2024-11-12,592.8
2024-11-13,581.9
2024-11-14,568.5
2024-11-15,575.4
2024-11-18,561.4
2024-11-19,544.9
2024-11-20,536.9
2024-11-21,542.9
2024-11-22,540.8
2024-11-25,515.9
2024-11-26,506.1
2024-11-27,518.2
2024-11-28,534.0
2024-11-29,542.7
2024-12-02,548.2
2024-12-03,536.2
2024-12-04,520.6
2024-12-05,547.3
2024-12-06,557.6
2024-12-09,565.5
2024-12-10,560.5
2024-12-11,568.0
2024-12-12,553.2
2024-12-13,562.7
2024-12-16,543.9
2024-12-17,553.7
2024-12-18,564.8
2024-12-19,563.4
2024-12-20,601.3
2024-12-23,633.2
2024-12-24,624.6
2024-12-25,628.5
2024-12-26,630.5
2024-12-27,633.0
2024-12-28,647.5
2024-12-30,680.3
2025-01-03,658.3
2025-01-06,656.3
2025-01-08,645.5
2025-01-09,624.3
2025-01-10,644.2
2025-01-13,652.6
2025-01-14,650.0
2025-01-15,652.4
2025-01-16,658.4
2025-01-17,659.2
2025-01-20,657.5
2025-01-21,662.5
2025-01-22,663.4
2025-01-23,668.4
2025-01-24,666.3
2025-01-27,656.3
2025-01-28,664.9
2025-01-29,664.0
2025-01-30,671.9
2025-01-31,667.0
2025-02-03,667.7
2025-02-04,667.4
2025-02-05,668.5
2025-02-06,673.7
2025-02-07,674.4
2025-02-10,676.6
2025-02-11,679.4
2025-02-12,718.0
2025-02-13,700.9
2025-02-14,693.9
2025-02-17,716.5
2025-02-18,705.3
2025-02-19,713.6
2025-02-20,714.1
2025-02-21,722.6
2025-02-24,714.0
2025-02-25,715.1
2025-02-26,692.3
2025-02-27,674.1
2025-02-28,694.2
2025-03-03,676.3
2025-03-04,680.4
2025-03-05,675.7
2025-03-06,662.1
2025-03-07,658.3
2025-03-10,650.7
2025-03-11,653.2
2025-03-12,649.5
2025-03-13,657.6
2025-03-14,668.2
2025-03-17,670.0
2025-03-18,661.7
2025-03-19,661.2
2025-03-20,656.2
2025-03-21,654.1
2025-03-24,645.8
2025-03-25,655.2
2025-03-26,651.8
2025-03-27,649.0
2025-03-28,642.5
2025-03-31,628.6
2025-04-01,615.0
2025-04-02,628.2
2025-04-03,618.4
2025-04-04,598.8
2025-04-07,611.8
2025-04-08,598.2
2025-04-09,608.1
2025-04-10,630.2
2025-04-11,651.9
2025-04-14,648.6
2025-04-15,646.2
2025-04-16,648.0
2025-04-17,656.9
2025-04-18,653.5
2025-04-21,669.3
2025-04-22,673.6
2025-04-23,666.6
2025-04-24,662.5
2025-04-25,680.5
2025-04-28,683.6
2025-04-29,680.0
2025-04-30,672.7
2025-05-02,661.7
2025-05-05,645.2
2025-05-06,645.4
2025-05-07,652.4
2025-05-08,655.5
2025-05-12,677.1
2025-05-13,675.0
2025-05-14,666.6
2025-05-15,659.8
2025-05-16,663.4
2025-05-19,664.9
2025-05-20,653.4
2025-05-21,649.1
2025-05-22,651.7
2025-05-23,657.9
2025-05-26,649.7
2025-05-27,652.8
2025-05-28,665.6
2025-05-29,668.3
2025-05-30,677.0
2025-06-02,627.6
2025-06-03,638.0
2025-06-04,635.3
2025-06-05,637.2
2025-06-06,629.3
2025-06-09,624.7
2025-06-10,599.3
2025-06-11,603.6
2025-06-13,628.3
2025-06-16,613.8
2025-06-17,627.8
2025-06-18,626.0
2025-06-19,623.3
2025-06-20,621.1
2025-06-23,615.5
2025-06-24,616.7
2025-06-25,621.1
2025-06-26,620.8
2025-06-27,629.0
2025-06-30,629.9
2025-07-01,619.1
2025-07-02,616.6
2025-07-03,612.5
2025-07-04,618.5
2025-07-07,613.3
2025-07-08,603.5
2025-07-09,587.0
2025-07-10,600.8
2025-07-11,579.0
2025-07-14,596.3
2025-07-15,595.1
2025-07-16,602.2
2025-07-17,600.8
2025-07-18,627.6
2025-07-21,628.0
2025-07-22,631.4
2025-07-23,633.7
2025-07-24,633.2
2025-07-25,628.6
2025-07-28,621.3
2025-07-29,610.3
2025-07-30,609.0
2025-07-31,608.1
2025-08-01,610.6
2025-08-04,623.4
2025-08-05,629.1
2025-08-06,643.1
2025-08-07,659.1
2025-08-08,686.3
2025-08-11,686.8
2025-08-12,688.8
2025-08-13,674.1
2025-08-14,688.7
2025-08-15,689.9
2025-08-18,668.4
2025-08-19,660.5
2025-08-20,656.0
2025-08-21,643.2
2025-08-22,636.5
2025-08-25,630.2
2025-08-26,626.1
2025-08-27,623.1
2025-08-28,611.6
2025-08-29,617.7
2025-09-01,616.0
2025-09-02,613.2
2025-09-03,618.9
2025-09-04,619.9
2025-09-05,624.9
2025-09-08,618.9
2025-09-09,620.1
2025-09-10,617.0
2025-09-11,620.1
2025-09-12,613.0
2025-09-15,607.0
2025-09-16,602.2
2025-09-17,600.6
2025-09-18,590.6
2025-09-19,588.2
2025-09-22,590.5
2025-09-23,578.7
2025-09-24,590.1
2025-09-25,590.9
2025-09-26,606.6
2025-09-29,595.1
2025-09-30,590.0
2025-10-01,578.4
2025-10-02,562.8
2025-10-03,546.8
2025-10-06,555.0
2025-10-07,567.9
2025-10-08,547.4
2025-10-09,571.7
2025-10-10,551.9
2025-10-13,562.0
2025-10-14,525.2
2025-10-15,509.7
2025-10-16,546.5
2025-10-17,562.9
2025-10-20,562.9
2025-10-21,555.1
2025-10-22,540.2
2025-10-23,524.5
2025-10-24,516.5
2025-10-27,485.1
2025-10-28,493.7
2025-10-29,507.8
2025-10-30,513.7
2025-10-31,501.8
2025-11-01,508.9
2025-11-03,523.6
2025-11-05,519.3
2025-11-06,513.7
2025-11-07,530.6
2025-11-10,526.3
2025-11-11,530.0
2025-11-12,521.9
2025-11-13,519.5
2025-11-14,517.1
2025-11-17,512.0
2025-11-18,531.2
2025-11-19,559.8
2025-11-20,590.2
2025-11-21,590.9
2025-11-24,562.9
2025-11-25,564.9
2025-11-26,552.0
2025-11-27,537.0
2025-11-28,561.0
2025-12-01,555.4
2025-12-02,556.0
2025-12-03,549.7
2025-12-04,548.4
2025-12-05,566.2
2025-12-08,552.9
2025-12-09,561.9
2025-12-10,559.7
2025-12-11,566.9
2025-12-12,555.2
2025-12-15,564.7
2025-12-16,566.3
2025-12-17,559.9
2025-12-18,550.3
2025-12-19,547.4
2025-12-22,534.8
2025-12-23,534.3
2025-12-24,531.2
2025-12-25,529.4
2025-12-26,541.0
2025-12-29,528.8
2025-12-30,541.9
2026-01-05,540.7
2026-01-06,537.5
2026-01-08,533.0
2026-01-09,527.0
2026-01-12,522.3
2026-01-13,514.1
2026-01-14,521.1
2026-01-15,527.9
2026-01-16,528.0
2026-01-19,526.3
2026-01-20,523.0
2026-01-21,535.4
2026-01-22,534.9
2026-01-23,536.3
2026-01-26,529.5
2026-01-27,537.5
2026-01-28,541.8
2026-01-29,549.1
2026-01-30,545.3
2026-02-02,541.4
2026-02-03,539.2
2026-02-04,538.6
2026-02-05,534.4
2026-02-06,530.0
2026-02-09,524.8
2026-02-10,518.2
2026-02-11,521.3
2026-02-12,522.2
2026-02-13,523.8
2026-02-16,522.8
2026-02-17,523.8
2026-02-18,523.5
2026-02-19,517.0
2026-02-20,518.2
2026-02-24,515.8
2026-02-25,517.8
2026-02-26,515.8
2026-02-27,519.5
2026-03-02,572.1
2026-03-03,581.8
2026-03-04,568.9
2026-03-05,582.5
2026-03-06,599.3
2026-03-09,600.1
2026-03-10,592.4
2026-03-11,586.9
2026-03-12,595.5
2026-03-13,591.0
2026-03-16,589.1
2026-03-17,587.0
2026-03-18,593.6
2026-03-19,602.0
2026-03-20,609.9
2026-03-23,597.1
2026-03-24,598.2
2026-03-25,599.1
2026-03-26,604.6
2026-03-27,613.0
2026-03-30,613.0
2026-03-31,595.9
2026-04-01,587.7
2026-04-02,591.7
2026-04-03,588.5
2026-04-06,588.0
2026-04-07,590.2
2026-04-08,574.9
2026-04-09,570.0
2026-04-10,560.2
2026-04-13,562.0
2026-04-14,551.8
2026-04-15,552.7
2026-04-16,549.6
2026-04-17,535.2
2026-04-20,546.3
2026-04-21,553.7
2026-04-22,560.4
2026-04-23,563.3
2026-04-24,557.7
2026-04-27,569.8
2026-04-28,565.2
2026-04-29,547.6
2026-04-30,549.5
2026-05-04,545.9
2026-05-05,549.0
2026-05-06,536.8
2026-05-07,534.9
2026-05-08,544.0
2026-05-11,549.3
2026-05-12,564.7
2026-05-13,571.9
2026-05-14,571.5
2026-05-15,574.0
2026-05-18,586.9
2026-05-19,586.9
2026-05-20,579.8
2026-05-21,589.3
2026-05-22,583.6
2026-05-25,564.9
2026-05-26,564.4
2026-05-27,564.6
2026-05-28,568.3
2026-05-29,564.0
2026-06-01,571.2
2026-06-02,574.8
2026-06-03,574.6
2026-06-04,571.7
2026-06-05,572.1
2026-06-08,558.9
2026-06-09,561.5
2026-06-10,563.8
2026-06-11,558.4
2026-06-15,540.4
2026-06-16,503.6
2026-06-17,511.0
2026-06-18,494.6
2026-06-19,499.7
2026-06-22,465.0
2026-06-23,471.0
2026-06-24,445.5
2026-06-25,442.9
2026-06-26,466.6
2026-06-29,485.6
2026-06-30,476.9
2026-07-01,462.0
2026-07-02,435.8
2026-07-03,428.6
2026-07-06,420.1
2026-07-07,439.0
2026-07-08,466.8
2026-07-09,442.2
2026-07-10,440.2
2026-07-13,456.5
2026-07-14,458.4
2026-07-15,439.7
2026-07-16,416.1
2026-07-17,399.5
2026-07-20,428.4
2026-07-21,439.1
2026-07-22,461.5
2026-07-23,467.6
2026-07-24,484.0
2026-07-27,473.7
2026-07-28,473.1
2026-07-29,497.3
2026-07-30,501.5
2026-07-31,509.9
2026-08-03,513.7
2026-08-04,506.4
2026-08-05,512.1
2026-08-06,524.2
2026-08-07,526.9
2026-08-10,542.7
2026-08-11,556.6
2026-08-12,553.7
2026-08-13,531.1
2026-08-14,509.8
2026-08-17,495.8
2026-08-18,508.8
2026-08-19,513.2
2026-08-20,510.4
2026-08-21,521.8
2026-08-24,504.7
2026-08-25,511.9
2026-08-26,509.9
2026-08-27,529.1
2026-08-28,532.3
2026-08-31,559.0
2026-09-01,551.6
2026-09-02,558.9
2026-09-03,567.2
2026-09-04,572.1
2026-09-07,572.2
2026-09-08,591.0
2026-09-09,591.7
2026-09-10,600.4
2026-09-11,594.4
2026-09-14,610.1
2026-09-15,606.2
2026-09-16,597.0
2026-09-17,591.8
