date,VTBR
2016-09-20,0.0745
2016-09-21,0.07471
2016-09-22,0.07585
2016-09-23,0.07529
2016-09-26,0.0748
2016-09-27,0.073
2016-09-28,0.07272
2016-09-29,0.0733
2016-09-30,0.0721
2016-10-03,0.07183
2016-10-04,0.07145
2016-10-05,0.0701
2016-10-06,0.07015
2016-10-07,0.07018
2016-10-10,0.07076
2016-10-11,0.0702
2016-10-12,0.0691
2016-10-13,0.06869
2016-10-14,0.0678
2016-10-17,0.06756
2016-10-18,0.06805
2016-10-19,0.0687
2016-10-20,0.06715
2016-10-21,0.06753
2016-10-24,0.06879
2016-10-25,0.06925
2016-10-26,0.06915
2016-10-27,0.06801
2016-10-28,0.06822
2016-10-31,0.06775
2016-11-01,0.06877
2016-11-02,0.0675
2016-11-03,0.06754
2016-11-07,0.06753
2016-11-08,0.06797
2016-11-09,0.0692
2016-11-10,0.06877
2016-11-11,0.06821
2016-11-14,0.06799
2016-11-15,0.06804
2016-11-16,0.06815
2016-11-17,0.06802
2016-11-18,0.06775
2016-11-21,0.0685
2016-11-22,0.06821
2016-11-23,0.06875
2016-11-24,0.0683
2016-11-25,0.0685
2016-11-28,0.06875
2016-11-29,0.06876
2016-11-30,0.0694
2016-12-01,0.06831
2016-12-02,0.06835
2016-12-05,0.06866
2016-12-06,0.068
2016-12-07,0.06815
2016-12-08,0.069
2016-12-09,0.07523
2016-12-12,0.0734
2016-12-13,0.0736
2016-12-14,0.07228
2016-12-15,0.0723
2016-12-16,0.0737
2016-12-19,0.07255
2016-12-20,0.07259
2016-12-21,0.07175
2016-12-22,0.0715
2016-12-23,0.07204
2016-12-26,0.0713
2016-12-27,0.07278
2016-12-28,0.07302
2016-12-29,0.07399
2016-12-30,0.074
2017-01-03,0.07401
2017-01-04,0.07315
2017-01-05,0.07149
2017-01-06,0.07097
2017-01-09,0.07058
2017-01-10,0.07125
2017-01-11,0.07021
2017-01-12,0.06955
2017-01-13,0.06925
2017-01-16,0.06941
2017-01-17,0.06921
2017-01-18,0.06861
2017-01-19,0.06869
2017-01-20,0.06843
2017-01-23,0.06868
2017-01-24,0.0685
2017-01-25,0.0685
2017-01-26,0.06909
2017-01-27,0.0697
2017-01-30,0.0694
2017-01-31,0.06897
2017-02-01,0.06947
2017-02-02,0.06909
2017-02-03,0.06929
2017-02-06,0.06868
2017-02-07,0.06879
2017-02-08,0.0687
2017-02-09,0.0687
2017-02-10,0.06843
2017-02-13,0.06816
2017-02-14,0.06788
2017-02-15,0.06777
2017-02-16,0.06799
2017-02-17,0.06793
2017-02-20,0.06799
2017-02-21,0.06792
2017-02-22,0.06742
2017-02-24,0.06715
2017-02-27,0.06675
2017-02-28,0.06608
2017-03-01,0.06725
2017-03-02,0.066
2017-03-03,0.066
2017-03-06,0.066
2017-03-07,0.066
2017-03-09,0.0646
2017-03-10,0.06505
2017-03-13,0.06526
2017-03-14,0.06506
2017-03-15,0.06514
2017-03-16,0.0655
2017-03-17,0.06625
2017-03-20,0.0672
2017-03-21,0.0668
2017-03-22,0.06697
2017-03-23,0.06678
2017-03-24,0.0664
2017-03-27,0.0655
2017-03-28,0.06552
2017-03-29,0.06619
2017-03-30,0.0668
2017-03-31,0.06625
2017-04-03,0.06686
2017-04-04,0.0671
2017-04-05,0.0669
2017-04-06,0.06615
2017-04-07,0.06559
2017-04-10,0.06473
2017-04-11,0.0649
2017-04-12,0.0641
2017-04-13,0.064
2017-04-14,0.06409
2017-04-17,0.0642
2017-04-18,0.064
2017-04-19,0.064
2017-04-20,0.0644
2017-04-21,0.065
2017-04-24,0.06515
2017-04-25,0.06612
2017-04-26,0.06843
2017-04-27,0.06671
2017-04-28,0.06671
2017-05-02,0.06737
2017-05-03,0.0675
2017-05-04,0.0671
2017-05-05,0.06573
2017-05-10,0.0669
2017-05-11,0.06589
2017-05-12,0.06567
2017-05-15,0.0666
2017-05-16,0.067
2017-05-17,0.0666
2017-05-18,0.06554
2017-05-19,0.06639
2017-05-22,0.06565
2017-05-23,0.06721
2017-05-24,0.06702
2017-05-25,0.06694
2017-05-26,0.06637
2017-05-29,0.066
2017-05-30,0.06594
2017-05-31,0.06615
2017-06-01,0.06473
2017-06-02,0.0652
2017-06-05,0.06505
2017-06-06,0.06435
2017-06-07,0.06411
2017-06-08,0.0645
2017-06-09,0.06525
2017-06-13,0.0645
2017-06-14,0.064
2017-06-15,0.0639
2017-06-16,0.0639
2017-06-19,0.06322
2017-06-20,0.0639
2017-06-21,0.06334
2017-06-22,0.0639
2017-06-23,0.064
2017-06-26,0.06349
2017-06-27,0.06338
2017-06-28,0.0638
2017-06-29,0.0639
2017-06-30,0.064
2017-07-03,0.0643
2017-07-04,0.0644
2017-07-05,0.064
2017-07-06,0.06387
2017-07-07,0.06368
2017-07-10,0.0638
2017-07-11,0.06387
2017-07-12,0.064
2017-07-13,0.06371
2017-07-14,0.0638
2017-07-17,0.06387
2017-07-18,0.0635
2017-07-19,0.0641
2017-07-20,0.0649
2017-07-21,0.06373
2017-07-24,0.0635
2017-07-25,0.0635
2017-07-26,0.0636
2017-07-27,0.06341
2017-07-28,0.0609
2017-07-31,0.05969
2017-08-01,0.06005
2017-08-02,0.06171
2017-08-03,0.06186
2017-08-04,0.06082
2017-08-07,0.06211
2017-08-08,0.06206
2017-08-09,0.06199
2017-08-10,0.06068
2017-08-11,0.06
2017-08-14,0.0605
2017-08-15,0.06102
2017-08-16,0.06037
2017-08-17,0.06
2017-08-18,0.05945
2017-08-21,0.05925
2017-08-22,0.0594
2017-08-23,0.06048
2017-08-24,0.06092
2017-08-25,0.0602
2017-08-28,0.06017
2017-08-29,0.05999
2017-08-30,0.0648
2017-08-31,0.06456
2017-09-01,0.06345
2017-09-04,0.06163
2017-09-05,0.0601
2017-09-06,0.0602
2017-09-07,0.0601
2017-09-08,0.0616
2017-09-11,0.06211
2017-09-12,0.06373
2017-09-13,0.06239
2017-09-14,0.06289
2017-09-15,0.0616
2017-09-18,0.06227
2017-09-19,0.06188
2017-09-20,0.0618
2017-09-21,0.06163
2017-09-22,0.06129
2017-09-25,0.06254
2017-09-26,0.06233
2017-09-27,0.06163
2017-09-28,0.06191
2017-09-29,0.06159
2017-10-02,0.06144
2017-10-03,0.06161
2017-10-04,0.0614
2017-10-05,0.0612
2017-10-06,0.06145
2017-10-09,0.06157
2017-10-10,0.06158
2017-10-11,0.06118
2017-10-12,0.0612
2017-10-13,0.061
2017-10-16,0.06115
2017-10-17,0.0606
2017-10-18,0.06023
2017-10-19,0.06021
2017-10-20,0.06025
2017-10-23,0.06025
2017-10-24,0.06104
2017-10-25,0.06043
2017-10-26,0.06022
2017-10-27,0.06049
2017-10-30,0.06023
2017-10-31,0.06
2017-11-01,0.05995
2017-11-02,0.05976
2017-11-03,0.0595
2017-11-07,0.06075
2017-11-08,0.0601
2017-11-09,0.06127
2017-11-10,0.06011
2017-11-13,0.06001
2017-11-14,0.0588
2017-11-15,0.05549
2017-11-16,0.05205
2017-11-17,0.05338
2017-11-20,0.05398
2017-11-21,0.0532
2017-11-22,0.0529
2017-11-23,0.05222
2017-11-24,0.05338
2017-11-27,0.05267
2017-11-28,0.0528
2017-11-29,0.0522
2017-11-30,0.05078
2017-12-01,0.0516
2017-12-04,0.051
2017-12-05,0.05086
2017-12-06,0.0515
2017-12-07,0.05103
2017-12-08,0.05066
2017-12-11,0.05122
2017-12-12,0.05125
2017-12-13,0.0501
2017-12-14,0.0504
2017-12-15,0.05
2017-12-18,0.04987
2017-12-19,0.0484
2017-12-20,0.04591
2017-12-21,0.04535
2017-12-22,0.04655
2017-12-25,0.0473
2017-12-26,0.04685
2017-12-27,0.04745
2017-12-28,0.04696
2017-12-29,0.04732
2018-01-03,0.0495
2018-01-04,0.05005
2018-01-05,0.0502
2018-01-09,0.0508
2018-01-10,0.05051
2018-01-11,0.0505
2018-01-12,0.05096
2018-01-15,0.05081
2018-01-16,0.0509
2018-01-17,0.05139
2018-01-18,0.0506
2018-01-19,0.04965
2018-01-22,0.05014
2018-01-23,0.04978
2018-01-24,0.04902
2018-01-25,0.0499
2018-01-26,0.04935
2018-01-29,0.049
2018-01-30,0.0488
2018-01-31,0.0494
2018-02-01,0.04938
2018-02-02,0.0492
2018-02-05,0.04908
2018-02-06,0.04702
2018-02-07,0.04761
2018-02-08,0.04751
2018-02-09,0.04707
2018-02-12,0.04712
2018-02-13,0.04767
2018-02-14,0.0477
2018-02-15,0.04735
2018-02-16,0.0477
2018-02-19,0.04745
2018-02-20,0.04774
2018-02-21,0.0489
2018-02-22,0.05175
2018-02-26,0.05463
2018-02-27,0.0538
2018-02-28,0.05276
2018-03-01,0.0525
2018-03-02,0.05241
2018-03-05,0.05246
2018-03-06,0.053
2018-03-07,0.0547
2018-03-09,0.05628
2018-03-12,0.05571
2018-03-13,0.0558
2018-03-14,0.05354
2018-03-15,0.05384
2018-03-16,0.05348
2018-03-19,0.0534
2018-03-20,0.0539
2018-03-21,0.054
2018-03-22,0.054
2018-03-23,0.05328
2018-03-26,0.05099
2018-03-27,0.0518
2018-03-28,0.051
2018-03-29,0.05115
2018-03-30,0.05166
2018-04-02,0.05114
2018-04-03,0.0523
2018-04-04,0.05237
2018-04-05,0.05395
2018-04-06,0.0554
2018-04-09,0.0504
2018-04-10,0.05091
2018-04-11,0.05047
2018-04-12,0.05093
2018-04-13,0.05087
2018-04-16,0.05179
2018-04-17,0.05217
2018-04-18,0.053
2018-04-19,0.0525
2018-04-20,0.05289
2018-04-23,0.053
2018-04-24,0.053
2018-04-25,0.05287
2018-04-26,0.0524
2018-04-27,0.05257
2018-04-28,0.0527
2018-04-30,0.05397
2018-05-02,0.0534
2018-05-03,0.05261
2018-05-04,0.05275
2018-05-07,0.05277
2018-05-08,0.0527
2018-05-10,0.05225
2018-05-11,0.05238
2018-05-14,0.0525
2018-05-15,0.0515
2018-05-16,0.05132
2018-05-17,0.05122
2018-05-18,0.0512
2018-05-21,0.05156
2018-05-22,0.05139
2018-05-23,0.05115
2018-05-24,0.05121
2018-05-25,0.05106
2018-05-28,0.05145
2018-05-29,0.05128
2018-05-30,0.05134
2018-05-31,0.04989
2018-06-01,0.0474
2018-06-04,0.04703
2018-06-05,0.04744
2018-06-06,0.04725
2018-06-07,0.04681
2018-06-08,0.04531
2018-06-09,0.04552
2018-06-11,0.04514
2018-06-13,0.04475
2018-06-14,0.04465
2018-06-15,0.04451
2018-06-18,0.04611
2018-06-19,0.04519
2018-06-20,0.0472
2018-06-21,0.04696
2018-06-22,0.0466
2018-06-25,0.0467
2018-06-26,0.0469
2018-06-27,0.04735
2018-06-28,0.04783
2018-06-29,0.04801
2018-07-02,0.04833
2018-07-03,0.04838
2018-07-04,0.04856
2018-07-05,0.04866
2018-07-06,0.0485
2018-07-09,0.04939
2018-07-10,0.04903
2018-07-11,0.0486
2018-07-12,0.04831
2018-07-13,0.04975
2018-07-16,0.0494
2018-07-17,0.04872
2018-07-18,0.04853
2018-07-19,0.04784
2018-07-20,0.04825
2018-07-23,0.04824
2018-07-24,0.04822
2018-07-25,0.04795
2018-07-26,0.04758
2018-07-27,0.04782
2018-07-30,0.04797
2018-07-31,0.04828
2018-08-01,0.04828
2018-08-02,0.04758
2018-08-03,0.04735
2018-08-06,0.04681
2018-08-07,0.0468
2018-08-08,0.04569
2018-08-09,0.04511
2018-08-10,0.04337
2018-08-13,0.04295
2018-08-14,0.04364
2018-08-15,0.0434
2018-08-16,0.04388
2018-08-17,0.04371
2018-08-20,0.04415
2018-08-21,0.04415
2018-08-22,0.043
2018-08-23,0.04139
2018-08-24,0.04102
2018-08-27,0.04215
2018-08-28,0.04153
2018-08-29,0.04199
2018-08-30,0.04122
2018-08-31,0.0414
2018-09-03,0.04129
2018-09-04,0.04092
2018-09-05,0.04002
2018-09-06,0.0395
2018-09-07,0.03933
2018-09-10,0.0386
2018-09-11,0.039
2018-09-12,0.0396
2018-09-13,0.04048
2018-09-14,0.04005
2018-09-17,0.04004
2018-09-18,0.04118
2018-09-19,0.04128
2018-09-20,0.04111
2018-09-21,0.0422
2018-09-24,0.04191
2018-09-25,0.0416
2018-09-26,0.04118
2018-09-27,0.0413
2018-09-28,0.04076
2018-10-01,0.04031
2018-10-02,0.04037
2018-10-03,0.04071
2018-10-04,0.0399
2018-10-05,0.03958
2018-10-08,0.03921
2018-10-09,0.0384
2018-10-10,0.03813
2018-10-11,0.0377
2018-10-12,0.03795
2018-10-15,0.03849
2018-10-16,0.0384
2018-10-17,0.03846
2018-10-18,0.03793
2018-10-19,0.03689
2018-10-22,0.03614
2018-10-23,0.0362
2018-10-24,0.03685
2018-10-25,0.03635
2018-10-26,0.03574
2018-10-29,0.0364
2018-10-30,0.0366
2018-10-31,0.03658
2018-11-01,0.0362
2018-11-02,0.03613
2018-11-06,0.03615
2018-11-07,0.03819
2018-11-08,0.03803
2018-11-09,0.03757
2018-11-12,0.03818
2018-11-13,0.03844
2018-11-14,0.03815
2018-11-15,0.03928
2018-11-16,0.03916
2018-11-19,0.0388
2018-11-20,0.03743
2018-11-21,0.03722
2018-11-22,0.0373
2018-11-23,0.03706
2018-11-26,0.036695
2018-11-27,0.03683
2018-11-28,0.03758
2018-11-29,0.03803
2018-11-30,0.0373
2018-12-03,0.0376
2018-12-04,0.03699
2018-12-05,0.036995
2018-12-06,0.03671
2018-12-07,0.036555
2018-12-10,0.0361
2018-12-11,0.036005
2018-12-12,0.03625
2018-12-13,0.03608
2018-12-14,0.035995
2018-12-17,0.03634
2018-12-18,0.0362
2018-12-19,0.0363
2018-12-20,0.03587
2018-12-21,0.035245
2018-12-24,0.03472
2018-12-25,0.034175
2018-12-26,0.034455
2018-12-27,0.03405
2018-12-28,0.03391
2018-12-29,0.03385
2019-01-03,0.03421
2019-01-04,0.03462
2019-01-08,0.03484
2019-01-09,0.035
2019-01-10,0.035045
2019-01-11,0.035185
2019-01-14,0.0353
2019-01-15,0.035465
2019-01-16,0.03565
2019-01-17,0.035705
2019-01-18,0.0371
2019-01-21,0.03689
2019-01-22,0.0371
2019-01-23,0.037535
2019-01-24,0.036925
2019-01-25,0.03696
2019-01-28,0.03694
2019-01-29,0.03742
2019-01-30,0.03748
2019-01-31,0.03777
2019-02-01,0.037915
2019-02-04,0.038345
2019-02-05,0.03821
2019-02-06,0.03761
2019-02-07,0.03701
2019-02-08,0.03713
2019-02-11,0.0376
2019-02-12,0.0379
2019-02-13,0.036985
2019-02-14,0.03604
2019-02-15,0.0366
2019-02-18,0.03633
2019-02-19,0.036245
2019-02-20,0.03642
2019-02-21,0.036065
2019-02-22,0.03608
2019-02-25,0.03624
2019-02-26,0.0358
2019-02-27,0.035955
2019-02-28,0.0359
2019-03-01,0.03603
2019-03-04,0.03597
2019-03-05,0.0353
2019-03-06,0.035495
2019-03-07,0.03522
2019-03-11,0.03537
2019-03-12,0.03565
2019-03-13,0.03634
2019-03-14,0.036215
2019-03-15,0.03739
2019-03-18,0.03692
2019-03-19,0.03677
2019-03-20,0.03669
2019-03-21,0.036515
2019-03-22,0.036
2019-03-25,0.03633
2019-03-26,0.03625
2019-03-27,0.03595
2019-03-28,0.036
2019-03-29,0.035645
2019-04-01,0.036195
2019-04-02,0.0362
2019-04-03,0.03661
2019-04-04,0.0365
2019-04-05,0.03632
2019-04-08,0.0363
2019-04-09,0.03628
2019-04-10,0.036885
2019-04-11,0.036695
2019-04-12,0.036255
2019-04-15,0.03597
2019-04-16,0.03608
2019-04-17,0.0359
2019-04-18,0.03601
2019-04-19,0.03581
2019-04-22,0.035785
2019-04-23,0.03533
2019-04-24,0.03577
2019-04-25,0.035375
2019-04-26,0.03541
2019-04-29,0.03543
2019-04-30,0.0355
2019-05-02,0.03554
2019-05-03,0.03578
2019-05-06,0.03576
2019-05-07,0.035575
2019-05-08,0.03546
2019-05-10,0.035195
2019-05-13,0.034975
2019-05-14,0.03493
2019-05-15,0.035095
2019-05-16,0.03496
2019-05-17,0.0351
2019-05-20,0.03499
2019-05-21,0.0349
2019-05-22,0.035185
2019-05-23,0.03875
2019-05-24,0.0372
2019-05-27,0.03761
2019-05-28,0.036535
2019-05-29,0.0368
2019-05-30,0.0367
2019-05-31,0.036705
2019-06-03,0.03698
2019-06-04,0.03718
2019-06-05,0.0387
2019-06-06,0.03897
2019-06-07,0.039
2019-06-10,0.03945
2019-06-11,0.04
2019-06-13,0.04065
2019-06-14,0.04032
2019-06-17,0.040485
2019-06-18,0.04044
2019-06-19,0.04023
2019-06-20,0.040415
2019-06-21,0.0402
2019-06-24,0.040725
2019-06-25,0.040575
2019-06-26,0.04026
2019-06-27,0.04013
2019-06-28,0.03988
2019-07-01,0.04025
2019-07-02,0.0405
2019-07-03,0.040585
2019-07-04,0.041395
2019-07-05,0.041355
2019-07-08,0.04255
2019-07-09,0.04313
2019-07-10,0.04393
2019-07-11,0.044
2019-07-12,0.044
2019-07-15,0.04399
2019-07-16,0.04301
2019-07-17,0.042445
2019-07-18,0.04218
2019-07-19,0.0424
2019-07-22,0.043405
2019-07-23,0.04323
2019-07-24,0.04295
2019-07-25,0.04315
2019-07-26,0.0427
2019-07-29,0.04281
2019-07-30,0.0428
2019-07-31,0.0425
2019-08-01,0.042535
2019-08-02,0.042015
2019-08-05,0.041545
2019-08-06,0.0416
2019-08-07,0.04085
2019-08-08,0.041
2019-08-09,0.0406
2019-08-12,0.0406
2019-08-13,0.04022
2019-08-14,0.03901
2019-08-15,0.03863
2019-08-16,0.0381
2019-08-19,0.038365
2019-08-20,0.03932
2019-08-21,0.03933
2019-08-22,0.03857
2019-08-23,0.038105
2019-08-26,0.03806
2019-08-27,0.03838
2019-08-28,0.03847
2019-08-29,0.03858
2019-08-30,0.03868
2019-09-02,0.039405
2019-09-03,0.0392
2019-09-04,0.04291
2019-09-05,0.042005
2019-09-06,0.04195
2019-09-09,0.0415
2019-09-10,0.04265
2019-09-11,0.0427
2019-09-12,0.042875
2019-09-13,0.0425
2019-09-16,0.04267
2019-09-17,0.04234
2019-09-18,0.042555
2019-09-19,0.042455
2019-09-20,0.0424
2019-09-23,0.04207
2019-09-24,0.042075
2019-09-25,0.0423
2019-09-26,0.04292
2019-09-27,0.042695
2019-09-30,0.042595
2019-10-01,0.0423
2019-10-02,0.04131
2019-10-03,0.0409
2019-10-04,0.04075
2019-10-07,0.041465
2019-10-08,0.040655
2019-10-09,0.0408
2019-10-10,0.04135
2019-10-11,0.041925
2019-10-14,0.04175
2019-10-15,0.0417
2019-10-16,0.04198
2019-10-17,0.042005
2019-10-18,0.0428
2019-10-21,0.04364
2019-10-22,0.0437
2019-10-23,0.0432
2019-10-24,0.042855
2019-10-25,0.042985
2019-10-28,0.042825
2019-10-29,0.04306
2019-10-30,0.0435
2019-10-31,0.04309
2019-11-01,0.043145
2019-11-05,0.044025
2019-11-06,0.0442
2019-11-07,0.0443
2019-11-08,0.046
2019-11-11,0.04695
2019-11-12,0.047
2019-11-13,0.04733
2019-11-14,0.047065
2019-11-15,0.04692
2019-11-18,0.0462
2019-11-19,0.04646
2019-11-20,0.046
2019-11-21,0.045995
2019-11-22,0.04619
2019-11-25,0.04625
2019-11-26,0.045875
2019-11-27,0.0458
2019-11-28,0.04543
2019-11-29,0.04533
2019-12-02,0.044915
2019-12-03,0.044245
2019-12-04,0.044595
2019-12-05,0.044715
2019-12-06,0.045275
2019-12-09,0.04545
2019-12-10,0.04517
2019-12-11,0.045305
2019-12-12,0.045355
2019-12-13,0.04635
2019-12-16,0.04651
2019-12-17,0.04655
2019-12-18,0.04692
2019-12-19,0.046515
2019-12-20,0.0463
2019-12-23,0.046505
2019-12-24,0.04635
2019-12-25,0.04598
2019-12-26,0.046
2019-12-27,0.04588
2019-12-30,0.0459
2020-01-03,0.04624
2020-01-06,0.04611
2020-01-08,0.046525
2020-01-09,0.047075
2020-01-10,0.0476
2020-01-13,0.04806
2020-01-14,0.04726
2020-01-15,0.046805
2020-01-16,0.047825
2020-01-17,0.048035
2020-01-20,0.048015
2020-01-21,0.04981
2020-01-22,0.04897
2020-01-23,0.0485
2020-01-24,0.048
2020-01-27,0.04682
2020-01-28,0.0472
2020-01-29,0.04754
2020-01-30,0.047045
2020-01-31,0.0464
2020-02-03,0.04615
2020-02-04,0.047255
2020-02-05,0.04768
2020-02-06,0.048075
2020-02-07,0.04809
2020-02-10,0.0474
2020-02-11,0.04744
2020-02-12,0.04787
2020-02-13,0.048
2020-02-14,0.047885
2020-02-17,0.048095
2020-02-18,0.047205
2020-02-19,0.04747
2020-02-20,0.04751
2020-02-21,0.04796
2020-02-25,0.047295
2020-02-26,0.04723
2020-02-27,0.04539
2020-02-28,0.04333
2020-03-02,0.043
2020-03-03,0.043255
2020-03-04,0.043155
2020-03-05,0.04307
2020-03-06,0.04122
2020-03-10,0.03745
2020-03-11,0.036355
2020-03-12,0.03112
2020-03-13,0.031575
2020-03-16,0.03015
2020-03-17,0.029735
2020-03-18,0.02814
2020-03-19,0.03057
2020-03-20,0.0315
2020-03-23,0.0316
2020-03-24,0.03288
2020-03-25,0.0328
2020-03-26,0.0325
2020-03-27,0.0311
2020-03-30,0.03165
2020-03-31,0.0326
2020-04-01,0.03203
2020-04-02,0.032175
2020-04-03,0.03208
2020-04-06,0.03367
2020-04-07,0.03437
2020-04-08,0.035
2020-04-09,0.0364
2020-04-10,0.03659
2020-04-13,0.0359
2020-04-14,0.035415
2020-04-15,0.03324
2020-04-16,0.034
2020-04-17,0.0343
2020-04-20,0.033805
2020-04-21,0.0331
2020-04-22,0.034
2020-04-23,0.03427
2020-04-24,0.033705
2020-04-27,0.0339
2020-04-28,0.0345
2020-04-29,0.035195
2020-04-30,0.0349
2020-05-04,0.03486
2020-05-05,0.035475
2020-05-06,0.03531
2020-05-07,0.03553
2020-05-08,0.035375
2020-05-12,0.035185
2020-05-13,0.034205
2020-05-14,0.03431
2020-05-15,0.034215
2020-05-18,0.03499
2020-05-19,0.03483
2020-05-20,0.03521
2020-05-21,0.03496
2020-05-22,0.03467
2020-05-25,0.035005
2020-05-26,0.0351
2020-05-27,0.03539
2020-05-28,0.03597
2020-05-29,0.03631
2020-06-01,0.03664
2020-06-02,0.037175
2020-06-03,0.03798
2020-06-04,0.03715
2020-06-05,0.037595
2020-06-08,0.037695
2020-06-09,0.0377
2020-06-10,0.03758
2020-06-11,0.036745
2020-06-15,0.036845
2020-06-16,0.03688
2020-06-17,0.0365
2020-06-18,0.0359
2020-06-19,0.035255
2020-06-22,0.035565
2020-06-23,0.03554
2020-06-25,0.0356
2020-06-26,0.03515
2020-06-29,0.035485
2020-06-30,0.03505
2020-07-02,0.03541
2020-07-03,0.03567
2020-07-06,0.03608
2020-07-07,0.035735
2020-07-08,0.03551
2020-07-09,0.035175
2020-07-10,0.035235
2020-07-13,0.035
2020-07-14,0.034915
2020-07-15,0.034995
2020-07-16,0.03481
2020-07-17,0.0348
2020-07-20,0.0371
2020-07-21,0.03807
2020-07-22,0.03789
2020-07-23,0.037465
2020-07-24,0.03795
2020-07-27,0.03921
2020-07-28,0.038905
2020-07-29,0.03924
2020-07-30,0.03861
2020-07-31,0.038755
2020-08-03,0.040125
2020-08-04,0.040385
2020-08-05,0.03855
2020-08-06,0.03783
2020-08-07,0.03672
2020-08-10,0.036755
2020-08-11,0.03693
2020-08-12,0.03768
2020-08-13,0.03764
2020-08-14,0.03772
2020-08-17,0.03761
2020-08-18,0.037355
2020-08-19,0.037445
2020-08-20,0.03697
2020-08-21,0.03636
2020-08-24,0.036315
2020-08-25,0.03585
2020-08-26,0.036065
2020-08-27,0.03609
2020-08-28,0.03595
2020-08-31,0.035375
2020-09-01,0.036065
2020-09-02,0.035555
2020-09-03,0.03508
2020-09-04,0.035335
2020-09-07,0.03521
2020-09-08,0.034825
2020-09-09,0.03503
2020-09-10,0.03515
2020-09-11,0.03542
2020-09-14,0.0358
2020-09-15,0.036185
2020-09-16,0.035795
2020-09-17,0.035705
2020-09-18,0.03549
2020-09-21,0.034855
2020-09-22,0.034635
2020-09-23,0.034355
2020-09-24,0.034275
2020-09-25,0.034225
2020-09-28,0.034495
2020-09-29,0.03458
2020-09-30,0.034475
2020-10-01,0.03425
2020-10-02,0.033835
2020-10-05,0.03375
2020-10-06,0.03379
2020-10-07,0.033405
2020-10-08,0.033395
2020-10-09,0.033205
2020-10-12,0.03323
2020-10-13,0.03304
2020-10-14,0.033225
2020-10-15,0.032655
2020-10-16,0.03202
2020-10-19,0.031725
2020-10-20,0.03389
2020-10-21,0.0336
2020-10-22,0.03464
2020-10-23,0.034785
2020-10-26,0.034115
2020-10-27,0.033435
2020-10-28,0.032225
2020-10-29,0.03276
2020-10-30,0.032665
2020-11-02,0.032865
2020-11-03,0.032955
2020-11-05,0.033645
2020-11-06,0.033605
2020-11-09,0.03439
2020-11-10,0.03464
2020-11-11,0.03414
2020-11-12,0.035935
2020-11-13,0.0366
2020-11-16,0.0372
2020-11-17,0.0362
2020-11-18,0.03605
2020-11-19,0.0361
2020-11-20,0.036545
2020-11-23,0.03653
2020-11-24,0.036935
2020-11-25,0.03682
2020-11-26,0.037
2020-11-27,0.037765
2020-11-30,0.03721
2020-12-01,0.0377
2020-12-02,0.03797
2020-12-03,0.037755
2020-12-04,0.037835
2020-12-07,0.03749
2020-12-08,0.03748
2020-12-09,0.03732
2020-12-10,0.03803
2020-12-11,0.037945
2020-12-14,0.03783
2020-12-15,0.037765
2020-12-16,0.038315
2020-12-17,0.03835
2020-12-18,0.03815
2020-12-21,0.03718
2020-12-22,0.037205
2020-12-23,0.037945
2020-12-24,0.03783
2020-12-25,0.03795
2020-12-28,0.03801
2020-12-29,0.037755
2020-12-30,0.037895
2021-01-04,0.037925
2021-01-05,0.038445
2021-01-06,0.038235
2021-01-08,0.03894
2021-01-11,0.03989
2021-01-12,0.040175
2021-01-13,0.039735
2021-01-14,0.039875
2021-01-15,0.03956
2021-01-18,0.03916
2021-01-19,0.038645
2021-01-20,0.03879
2021-01-21,0.03787
2021-01-22,0.03737
2021-01-25,0.03772
2021-01-26,0.03772
2021-01-27,0.037065
2021-01-28,0.03709
2021-01-29,0.036635
2021-02-01,0.036945
2021-02-02,0.036945
2021-02-03,0.037
2021-02-04,0.03738
2021-02-05,0.037885
2021-02-08,0.038285
2021-02-09,0.037805
2021-02-10,0.03737
2021-02-11,0.03747
2021-02-12,0.037685
2021-02-15,0.03808
2021-02-16,0.03789
2021-02-17,0.03768
2021-02-18,0.03694
2021-02-19,0.03738
2021-02-20,0.03731
2021-02-22,0.03735
2021-02-24,0.03748
2021-02-25,0.037415
2021-02-26,0.037075
2021-03-01,0.037385
2021-03-02,0.037605
2021-03-03,0.037445
2021-03-04,0.036975
2021-03-05,0.03759
2021-03-09,0.038465
2021-03-10,0.03831
2021-03-11,0.038265
2021-03-12,0.038175
2021-03-15,0.03857
2021-03-16,0.038765
2021-03-17,0.038215
2021-03-18,0.03761
2021-03-19,0.03785
2021-03-22,0.03816
2021-03-23,0.0378
2021-03-24,0.037915
2021-03-25,0.03805
2021-03-26,0.03838
2021-03-29,0.038785
2021-03-30,0.03986
2021-03-31,0.042715
2021-04-01,0.04258
2021-04-02,0.042855
2021-04-05,0.044375
2021-04-06,0.0429
2021-04-07,0.0441
2021-04-08,0.044055
2021-04-09,0.04375
2021-04-12,0.04402
2021-04-13,0.04548
2021-04-14,0.04676
2021-04-15,0.046355
2021-04-16,0.047475
2021-04-19,0.04642
2021-04-20,0.046825
2021-04-21,0.04786
2021-04-22,0.048
2021-04-23,0.05136
2021-04-26,0.051315
2021-04-27,0.051295
2021-04-28,0.05033
2021-04-29,0.05001
2021-04-30,0.0516
2021-05-04,0.054695
2021-05-05,0.054125
2021-05-06,0.054285
2021-05-07,0.052725
2021-05-10,0.050895
2021-05-11,0.04958
2021-05-12,0.048605
2021-05-13,0.051055
2021-05-14,0.050075
2021-05-17,0.04796
2021-05-18,0.04567
2021-05-19,0.0453
2021-05-20,0.04632
2021-05-21,0.045605
2021-05-24,0.045415
2021-05-25,0.04536
2021-05-26,0.047485
2021-05-27,0.048695
2021-05-28,0.048395
2021-05-31,0.04875
2021-06-01,0.04955
2021-06-02,0.04992
2021-06-03,0.049385
2021-06-04,0.048615
2021-06-07,0.048795
2021-06-08,0.05
2021-06-09,0.051165
2021-06-10,0.05026
2021-06-11,0.050405
2021-06-14,0.049935
2021-06-15,0.049165
2021-06-16,0.04838
2021-06-17,0.04846
2021-06-18,0.047345
2021-06-21,0.048265
2021-06-22,0.048225
2021-06-23,0.048225
2021-06-24,0.0485
2021-06-25,0.048635
2021-06-28,0.04961
2021-06-29,0.04866
2021-06-30,0.048475
2021-07-01,0.048915
2021-07-02,0.04877
2021-07-05,0.050545
2021-07-06,0.04948
2021-07-07,0.0494
2021-07-08,0.048695
2021-07-09,0.048995
2021-07-12,0.04889
2021-07-13,0.048225
2021-07-14,0.04731
2021-07-15,0.04719
2021-07-16,0.04725
2021-07-19,0.046
2021-07-20,0.04625
2021-07-21,0.04693
2021-07-22,0.04676
2021-07-23,0.046735
2021-07-26,0.04658
2021-07-27,0.046235
2021-07-28,0.048
2021-07-29,0.04836
2021-07-30,0.04846
2021-08-02,0.048785
2021-08-03,0.048995
2021-08-04,0.049125
2021-08-05,0.04968
2021-08-06,0.049945
2021-08-09,0.051005
2021-08-10,0.05185
2021-08-11,0.05312
2021-08-12,0.052075
2021-08-13,0.051445
2021-08-16,0.052385
2021-08-17,0.052385
2021-08-18,0.05119
2021-08-19,0.05048
2021-08-20,0.050685
2021-08-23,0.0513
2021-08-24,0.051065
2021-08-25,0.051085
2021-08-26,0.050045
2021-08-27,0.050805
2021-08-30,0.05215
2021-08-31,0.05269
2021-09-01,0.0532
2021-09-02,0.052445
2021-09-03,0.0524
2021-09-06,0.05409
2021-09-07,0.05364
2021-09-08,0.053785
2021-09-09,0.05239
2021-09-10,0.05195
2021-09-13,0.05255
2021-09-14,0.051495
2021-09-15,0.05212
2021-09-16,0.051635
2021-09-17,0.0514
2021-09-20,0.04998
2021-09-21,0.050065
2021-09-22,0.050815
2021-09-23,0.050795
2021-09-24,0.050925
2021-09-27,0.052345
2021-09-28,0.050855
2021-09-29,0.05096
2021-09-30,0.05167
2021-10-01,0.051485
2021-10-04,0.05168
2021-10-05,0.053835
2021-10-06,0.05416
2021-10-07,0.05428
2021-10-08,0.054595
2021-10-11,0.05619
2021-10-12,0.05539
2021-10-13,0.05511
2021-10-14,0.05537
2021-10-15,0.0556
2021-10-18,0.055765
2021-10-19,0.0574
2021-10-20,0.05661
2021-10-21,0.05516
2021-10-22,0.0544
2021-10-25,0.05617
2021-10-26,0.05597
2021-10-27,0.05506
2021-10-28,0.053765
2021-10-29,0.05273
2021-11-01,0.05354
2021-11-02,0.05282
2021-11-03,0.052885
2021-11-05,0.052815
2021-11-08,0.05237
2021-11-09,0.05152
2021-11-10,0.050025
2021-11-11,0.05125
2021-11-12,0.05029
2021-11-15,0.05189
2021-11-16,0.05104
2021-11-17,0.051565
2021-11-18,0.05255
2021-11-19,0.050495
2021-11-22,0.048405
2021-11-23,0.049875
2021-11-24,0.04935
2021-11-25,0.04879
2021-11-26,0.04658
2021-11-29,0.047375
2021-11-30,0.047195
2021-12-01,0.04758
2021-12-02,0.04893
2021-12-03,0.04861
2021-12-06,0.04801
2021-12-07,0.04838
2021-12-08,0.047255
2021-12-09,0.046915
2021-12-10,0.045935
2021-12-13,0.04293
2021-12-14,0.04444
2021-12-15,0.044795
2021-12-16,0.04624
2021-12-17,0.046905
2021-12-20,0.046365
2021-12-21,0.04734
2021-12-22,0.047575
2021-12-23,0.0472
2021-12-24,0.04709
2021-12-27,0.04773
2021-12-28,0.048395
2021-12-29,0.04843
2021-12-30,0.048195
2022-01-03,0.04945
2022-01-04,0.0497
2022-01-05,0.04736
2022-01-06,0.048445
2022-01-10,0.04895
2022-01-11,0.05026
2022-01-12,0.05011
2022-01-13,0.047075
2022-01-14,0.04641
2022-01-17,0.0465
2022-01-18,0.043635
2022-01-19,0.045275
2022-01-20,0.045415
2022-01-21,0.043935
2022-01-24,0.04118
2022-01-25,0.042535
2022-01-26,0.04129
2022-01-27,0.0431
2022-01-28,0.043395
2022-01-31,0.04378
2022-02-01,0.042695
2022-02-02,0.0424
2022-02-03,0.041245
2022-02-04,0.04125
2022-02-07,0.0411
2022-02-08,0.042205
2022-02-09,0.04274
2022-02-10,0.0419
2022-02-11,0.0405
2022-02-14,0.040285
2022-02-15,0.041885
2022-02-16,0.042925
2022-02-17,0.041185
2022-02-18,0.03929
2022-02-21,0.03212
2022-02-22,0.034215
2022-02-24,0.0201
2022-02-25,0.02011
2022-03-24,0.019
2022-03-25,0.0175
2022-03-28,0.01685
2022-03-29,0.0165
2022-03-30,0.017155
2022-03-31,0.0198
2022-04-01,0.0225
2022-04-04,0.0251
2022-04-05,0.02308
2022-04-06,0.02195
2022-04-07,0.02281
2022-04-08,0.02236
2022-04-11,0.0215
2022-04-12,0.02111
2022-04-13,0.021135
2022-04-14,0.019935
2022-04-15,0.020125
2022-04-18,0.019025
2022-04-19,0.018695
2022-04-20,0.019295
2022-04-21,0.01898
2022-04-22,0.01881
2022-04-25,0.018155
2022-04-26,0.019125
2022-04-27,0.0199
2022-04-28,0.019115
2022-04-29,0.020095
2022-05-04,0.01959
2022-05-05,0.019795
2022-05-06,0.01948
2022-05-11,0.019305
2022-05-12,0.018555
2022-05-13,0.01865
2022-05-16,0.01898
2022-05-17,0.01933
2022-05-18,0.0192
2022-05-19,0.01917
2022-05-20,0.018875
2022-05-23,0.01857
2022-05-24,0.018705
2022-05-25,0.01881
2022-05-26,0.0188
2022-05-27,0.0186
2022-05-30,0.0183
2022-05-31,0.01831
2022-06-01,0.018495
2022-06-02,0.017935
2022-06-03,0.01755
2022-06-06,0.017415
2022-06-07,0.01721
2022-06-08,0.01734
2022-06-09,0.01703
2022-06-10,0.017
2022-06-14,0.017495
2022-06-15,0.0176
2022-06-16,0.017795
2022-06-17,0.0179
2022-06-20,0.01874
2022-06-21,0.018205
2022-06-22,0.01851
2022-06-23,0.018585
2022-06-24,0.0186
2022-06-27,0.0191
2022-06-28,0.0193
2022-06-29,0.018705
2022-06-30,0.01778
2022-07-01,0.017505
2022-07-04,0.01855
2022-07-05,0.018785
2022-07-06,0.01872
2022-07-07,0.018735
2022-07-08,0.01883
2022-07-11,0.018325
2022-07-12,0.018165
2022-07-13,0.017885
2022-07-14,0.01775
2022-07-15,0.017985
2022-07-18,0.01808
2022-07-19,0.018405
2022-07-20,0.01823
2022-07-21,0.01818
2022-07-22,0.01839
2022-07-25,0.01851
2022-07-26,0.01863
2022-07-27,0.01845
2022-07-28,0.0185
2022-07-29,0.018585
2022-08-01,0.018155
2022-08-02,0.01801
2022-08-03,0.0178
2022-08-04,0.017945
2022-08-05,0.01762
2022-08-08,0.017655
2022-08-09,0.01792
2022-08-10,0.01807
2022-08-11,0.01785
2022-08-12,0.017955
2022-08-15,0.018
2022-08-16,0.018065
2022-08-17,0.01818
2022-08-18,0.01814
2022-08-19,0.018
2022-08-22,0.01804
2022-08-23,0.01833
2022-08-24,0.018275
2022-08-25,0.018145
2022-08-26,0.01824
2022-08-29,0.01865
2022-08-30,0.018795
2022-08-31,0.019345
2022-09-01,0.01953
2022-09-02,0.02009
2022-09-05,0.02067
2022-09-06,0.01991
2022-09-07,0.01988
2022-09-08,0.01965
2022-09-09,0.01986
2022-09-12,0.02013
2022-09-13,0.019945
2022-09-14,0.020045
2022-09-15,0.020035
2022-09-16,0.01994
2022-09-19,0.019875
2022-09-20,0.01845
2022-09-21,0.01743
2022-09-22,0.01795
2022-09-23,0.017015
2022-09-26,0.015375
2022-09-27,0.015865
2022-09-28,0.015515
2022-09-29,0.01497
2022-09-30,0.01493
2022-10-03,0.015725
2022-10-04,0.0153
2022-10-05,0.0152
2022-10-06,0.01514
2022-10-07,0.014425
2022-10-10,0.01492
2022-10-11,0.015225
2022-10-12,0.01523
2022-10-13,0.015275
2022-10-14,0.0152
2022-10-17,0.015795
2022-10-18,0.01573
2022-10-19,0.015835
2022-10-20,0.01606
2022-10-21,0.01618
2022-10-24,0.01608
2022-10-25,0.01655
2022-10-26,0.016755
2022-10-27,0.016835
2022-10-28,0.016915
2022-10-31,0.01684
2022-11-01,0.016845
2022-11-02,0.0164
2022-11-03,0.0164
2022-11-07,0.01686
2022-11-08,0.01725
2022-11-09,0.01659
2022-11-10,0.01729
2022-11-11,0.01716
2022-11-14,0.017425
2022-11-15,0.016805
2022-11-16,0.01708
2022-11-17,0.017115
2022-11-18,0.017035
2022-11-21,0.01688
2022-11-22,0.01699
2022-11-23,0.01706
2022-11-24,0.017035
2022-11-25,0.01698
2022-11-28,0.01685
2022-11-29,0.016915
2022-11-30,0.01694
2022-12-01,0.016935
2022-12-02,0.01683
2022-12-05,0.01698
2022-12-06,0.01671
2022-12-07,0.0168
2022-12-08,0.01671
2022-12-09,0.016715
2022-12-12,0.01669
2022-12-13,0.01663
2022-12-14,0.016415
2022-12-15,0.016125
2022-12-16,0.01618
2022-12-19,0.01603
2022-12-20,0.016425
2022-12-21,0.01638
2022-12-22,0.017045
2022-12-23,0.01693
2022-12-26,0.017105
2022-12-27,0.017
2022-12-28,0.016475
2022-12-29,0.01661
2022-12-30,0.01639
2023-01-03,0.016445
2023-01-04,0.01643
2023-01-05,0.01632
2023-01-06,0.016205
2023-01-09,0.01646
2023-01-10,0.016365
2023-01-11,0.01668
2023-01-12,0.016585
2023-01-13,0.016645
2023-01-16,0.01713
2023-01-17,0.01671
2023-01-18,0.01673
2023-01-19,0.01665
2023-01-20,0.016715
2023-01-23,0.01682
2023-01-24,0.01659
2023-01-25,0.01663
2023-01-26,0.0166
2023-01-27,0.016585
2023-01-30,0.016795
2023-01-31,0.01695
2023-02-01,0.017115
2023-02-02,0.017025
2023-02-03,0.016915
2023-02-06,0.01713
2023-02-07,0.0171
2023-02-08,0.01702
2023-02-09,0.016995
2023-02-10,0.016945
2023-02-13,0.01683
2023-02-14,0.01684
2023-02-15,0.01604
2023-02-16,0.016
2023-02-17,0.015985
2023-02-20,0.016215
2023-02-21,0.0164
2023-02-22,0.01634
2023-02-24,0.016205
2023-02-27,0.016415
2023-02-28,0.01646
2023-03-01,0.01665
2023-03-02,0.016405
2023-03-03,0.016585
2023-03-06,0.01677
2023-03-07,0.016765
2023-03-09,0.01668
2023-03-10,0.01649
2023-03-13,0.016455
2023-03-14,0.01655
2023-03-15,0.01646
2023-03-16,0.016425
2023-03-17,0.01669
2023-03-20,0.018995
2023-03-21,0.018275
2023-03-22,0.018405
2023-03-23,0.018155
2023-03-24,0.0179
2023-03-27,0.01834
2023-03-28,0.0183
2023-03-29,0.01834
2023-03-30,0.01836
2023-03-31,0.01814
2023-04-03,0.01991
2023-04-04,0.02037
2023-04-05,0.018895
2023-04-06,0.01877
2023-04-07,0.01883
2023-04-10,0.01904
2023-04-11,0.01858
2023-04-12,0.018655
2023-04-13,0.01864
2023-04-14,0.018695
2023-04-17,0.01931
2023-04-18,0.01941
2023-04-19,0.019315
2023-04-20,0.02003
2023-04-21,0.020195
2023-04-24,0.02001
2023-04-25,0.019765
2023-04-26,0.02074
2023-04-27,0.022465
2023-04-28,0.02222
2023-05-02,0.02188
2023-05-03,0.020955
2023-05-04,0.021095
2023-05-05,0.02106
2023-05-08,0.02069
2023-05-10,0.0221
2023-05-11,0.021665
2023-05-12,0.02171
2023-05-15,0.02248
2023-05-16,0.02233
2023-05-17,0.023345
2023-05-18,0.02321
2023-05-19,0.02313
2023-05-22,0.022885
2023-05-23,0.02366
2023-05-24,0.023625
2023-05-25,0.02322
2023-05-26,0.02325
2023-05-29,0.023205
2023-05-30,0.022485
2023-05-31,0.0222
2023-06-01,0.021425
2023-06-02,0.02263
2023-06-05,0.021905
2023-06-06,0.022335
2023-06-07,0.02296
2023-06-08,0.02275
2023-06-09,0.022785
2023-06-13,0.02302
2023-06-14,0.02305
2023-06-15,0.02305
2023-06-16,0.022975
2023-06-19,0.022885
2023-06-20,0.022695
2023-06-21,0.022775
2023-06-22,0.02233
2023-06-23,0.022
2023-06-26,0.02188
2023-06-27,0.02181
2023-06-28,0.021675
2023-06-29,0.021805
2023-06-30,0.021685
2023-07-03,0.02209
2023-07-04,0.02243
2023-07-05,0.02244
2023-07-06,0.022415
2023-07-07,0.022485
2023-07-10,0.02301
2023-07-11,0.02336
2023-07-12,0.0232
2023-07-13,0.023075
2023-07-14,0.023275
2023-07-17,0.02323
2023-07-18,0.02354
2023-07-19,0.02335
2023-07-20,0.02276
2023-07-21,0.023035
2023-07-24,0.023225
2023-07-25,0.02331
2023-07-26,0.02349
2023-07-27,0.0251
2023-07-28,0.02508
2023-07-31,0.025815
2023-08-01,0.02563
2023-08-02,0.0256
2023-08-03,0.02707
2023-08-04,0.026525
2023-08-07,0.026075
2023-08-08,0.02666
2023-08-09,0.026545
2023-08-10,0.02855
2023-08-11,0.0283
2023-08-14,0.02746
2023-08-15,0.027195
2023-08-16,0.026775
2023-08-17,0.027845
2023-08-18,0.02796
2023-08-21,0.02787
2023-08-22,0.027735
2023-08-23,0.02702
2023-08-24,0.027625
2023-08-25,0.027855
2023-08-28,0.028435
2023-08-29,0.02824
2023-08-30,0.0281
2023-08-31,0.028825
2023-09-01,0.02879
2023-09-04,0.029295
2023-09-05,0.028995
2023-09-06,0.028515
2023-09-07,0.027545
2023-09-08,0.02719
2023-09-11,0.026665
2023-09-12,0.027355
2023-09-13,0.02667
2023-09-14,0.026605
2023-09-15,0.027085
2023-09-18,0.02687
2023-09-19,0.02567
2023-09-20,0.02554
2023-09-21,0.0246
2023-09-22,0.025125
2023-09-25,0.02512
2023-09-26,0.0255
2023-09-27,0.025615
2023-09-28,0.025805
2023-09-29,0.0257
2023-10-02,0.02531
2023-10-03,0.02519
2023-10-04,0.02489
2023-10-05,0.024795
2023-10-06,0.02515
2023-10-09,0.02547
2023-10-10,0.02534
2023-10-11,0.024845
2023-10-12,0.025175
2023-10-13,0.02538
2023-10-16,0.02598
2023-10-17,0.026195
2023-10-18,0.02612
2023-10-19,0.02617
2023-10-20,0.025995
2023-10-23,0.02611
2023-10-24,0.026615
2023-10-25,0.026395
2023-10-26,0.02555
2023-10-27,0.02533
2023-10-30,0.02516
2023-10-31,0.025315
2023-11-01,0.0252
2023-11-02,0.025055
2023-11-03,0.0249
2023-11-06,0.025365
2023-11-07,0.02517
2023-11-08,0.025215
2023-11-09,0.025005
2023-11-10,0.024905
2023-11-13,0.024775
2023-11-14,0.024105
2023-11-15,0.024435
2023-11-16,0.02415
2023-11-17,0.024385
2023-11-20,0.024415
2023-11-21,0.02448
2023-11-22,0.0252
2023-11-23,0.02491
2023-11-24,0.024845
2023-11-27,0.0243
2023-11-28,0.02413
2023-11-29,0.0239
2023-11-30,0.023885
2023-12-01,0.02361
2023-12-04,0.022545
2023-12-05,0.022885
2023-12-06,0.02207
2023-12-07,0.02246
2023-12-08,0.02233
2023-12-11,0.022045
2023-12-12,0.02235
2023-12-13,0.022785
2023-12-14,0.0226
2023-12-15,0.023485
2023-12-18,0.02346
2023-12-19,0.02355
2023-12-20,0.023305
2023-12-21,0.022935
2023-12-22,0.022975
2023-12-25,0.023195
2023-12-26,0.02316
2023-12-27,0.022875
2023-12-28,0.022695
2023-12-29,0.02268
2024-01-03,0.023025
2024-01-04,0.02311
2024-01-05,0.024
2024-01-08,0.024855
2024-01-09,0.0247
2024-01-10,0.024435
2024-01-11,0.02519
2024-01-12,0.025025
2024-01-15,0.02486
2024-01-16,0.024985
2024-01-17,0.024995
2024-01-18,0.024515
2024-01-19,0.02455
2024-01-22,0.024835
2024-01-23,0.024595
2024-01-24,0.02417
2024-01-25,0.024395
2024-01-26,0.02415
2024-01-29,0.024365
2024-01-30,0.024525
2024-01-31,0.024575
2024-02-01,0.024625
2024-02-02,0.02444
2024-02-05,0.024455
2024-02-06,0.02438
2024-02-07,0.02469
2024-02-08,0.02426
2024-02-09,0.02433
2024-02-12,0.024465
2024-02-13,0.024395
2024-02-14,0.0245
2024-02-15,0.024385
2024-02-16,0.02425
2024-02-19,0.02494
2024-02-20,0.023575
2024-02-21,0.0231
2024-02-22,0.02319
2024-02-26,0.0236
2024-02-27,0.023385
2024-02-28,0.02331
2024-02-29,0.023425
2024-03-01,0.023655
2024-03-04,0.02378
2024-03-05,0.023505
2024-03-06,0.02344
2024-03-07,0.02331
2024-03-11,0.02333
2024-03-12,0.023395
2024-03-13,0.023385
2024-03-14,0.02309
2024-03-15,0.023195
2024-03-18,0.02287
2024-03-19,0.022365
2024-03-20,0.02247
2024-03-21,0.022475
2024-03-22,0.0223
2024-03-25,0.02264
2024-03-26,0.022575
2024-03-27,0.022595
2024-03-28,0.02258
2024-03-29,0.022925
2024-04-01,0.023295
2024-04-02,0.02363
2024-04-03,0.02367
2024-04-04,0.02394
2024-04-05,0.023875
2024-04-08,0.024025
2024-04-09,0.023665
2024-04-10,0.02374
2024-04-11,0.023685
2024-04-12,0.02386
2024-04-15,0.023735
2024-04-16,0.023715
2024-04-17,0.02372
2024-04-18,0.023825
2024-04-19,0.023895
2024-04-22,0.024095
2024-04-23,0.023675
2024-04-24,0.023395
2024-04-25,0.02361
2024-04-26,0.02353
2024-04-27,0.023305
2024-04-29,0.023495
2024-04-30,0.023365
2024-05-02,0.023225
2024-05-03,0.022995
2024-05-06,0.023
2024-05-07,0.02304
2024-05-08,0.023045
2024-05-10,0.02308
2024-05-13,0.0231
2024-05-14,0.02306
2024-05-15,0.023205
2024-05-16,0.02319
2024-05-17,0.023075
2024-05-20,0.022575
2024-05-21,0.02249
2024-05-22,0.0225
2024-05-23,0.02252
2024-05-24,0.02201
2024-05-27,0.02102
2024-05-28,0.020855
2024-05-29,0.02101
2024-05-30,0.02021
2024-05-31,0.019765
2024-06-03,0.019885
2024-06-04,0.02037
2024-06-05,0.02007
2024-06-06,0.02003
2024-06-07,0.0204
2024-06-10,0.02034
2024-06-11,0.01982
2024-06-13,0.020165
2024-06-14,0.02012
2024-06-17,0.020395
2024-06-18,0.019875
2024-06-19,0.019245
2024-06-20,0.019585
2024-06-21,0.01946
2024-06-24,0.019545
2024-06-25,0.02047
2024-06-26,0.02165
2024-06-27,0.02126
2024-06-28,0.02114
2024-07-01,0.02131
2024-07-02,0.02101
2024-07-03,0.020365
2024-07-04,0.020505
2024-07-05,0.02027
2024-07-08,0.01993
2024-07-15,92.95
2024-07-16,95.32
2024-07-17,93.72
2024-07-18,95.89
2024-07-19,96.33
2024-07-22,99.75
2024-07-23,100.75
2024-07-24,99.9
2024-07-25,99.2
2024-07-26,96.73
2024-07-29,93.4
2024-07-30,99.09
2024-07-31,97.82
2024-08-01,98.13
2024-08-02,97.69
2024-08-05,95.36
2024-08-06,96.21
2024-08-07,98.35
2024-08-08,96.85
2024-08-09,97.09
2024-08-12,98.03
2024-08-13,100.69
2024-08-14,99.81
2024-08-15,99.28
2024-08-16,97.85
2024-08-19,98.78
2024-08-20,99.47
2024-08-21,100.19
2024-08-22,96.64
2024-08-23,96.47
2024-08-26,99.09
2024-08-27,96.88
2024-08-28,97.02
2024-08-29,96.02
2024-08-30,91.48
2024-09-02,86.1
2024-09-03,86.23
2024-09-04,89.03
2024-09-05,87.2
2024-09-06,87.3
2024-09-09,90.9
2024-09-10,88.89
2024-09-11,87.2
2024-09-12,86.2
2024-09-13,87.14
2024-09-16,88.62
2024-09-17,90.1
2024-09-18,87.93
2024-09-19,88.53
2024-09-20,89.35
2024-09-23,91.96
2024-09-24,92.65
2024-09-25,90.83
2024-09-26,90.76
2024-09-27,90.57
2024-09-30,89.03
2024-10-01,87.52
2024-10-02,86.16
2024-10-03,87.23
2024-10-04,86.63
2024-10-07,86.43
2024-10-08,85.85
2024-10-09,89.79
2024-10-10,86.16
2024-10-11,85.61
2024-10-14,86.7
2024-10-15,86.67
2024-10-16,85.82
2024-10-17,85.09
2024-10-18,84.84
2024-10-21,84.71
2024-10-22,83.58
2024-10-23,82.22
2024-10-24,82.64
2024-10-25,79.89
2024-10-28,76.2
2024-10-29,77.45
2024-10-30,76.19
2024-10-31,75.25
2024-11-01,76.62
2024-11-02,77.12
2024-11-05,77.38
2024-11-06,78.32
2024-11-07,79.1
2024-11-08,80.2
2024-11-11,81.58
2024-11-12,80.68
2024-11-13,79.41
2024-11-14,79.19
2024-11-15,80.59
2024-11-18,78.95
2024-11-19,77.06
2024-11-20,75.64
2024-11-21,76.3
2024-11-22,74.05
2024-11-25,70.11
2024-11-26,68.23
2024-11-27,70.02
2024-11-28,69.28
2024-11-29,69.5
2024-12-02,69.27
2024-12-03,67.28
2024-12-04,65.38
2024-12-05,66.95
2024-12-06,67.52
2024-12-09,68.1
2024-12-10,66.94
2024-12-11,67.81
2024-12-12,66.57
2024-12-13,66.38
2024-12-16,64.25
2024-12-17,64.21
2024-12-18,65.23
2024-12-19,65.95
2024-12-20,72.88
2024-12-23,74.19
2024-12-24,73.89
2024-12-25,76.53
2024-12-26,75.74
2024-12-27,76.49
2024-12-28,78.09
2024-12-30,80.03
2025-01-03,77.78
2025-01-06,77.97
2025-01-08,78.64
2025-01-09,76.04
2025-01-10,79.28
2025-01-13,79.36
2025-01-14,81.27
2025-01-15,82.5
2025-01-16,84.56
2025-01-17,87.0
2025-01-20,86.17
2025-01-21,87.69
2025-01-22,86.01
2025-01-23,87.8
2025-01-24,87.54
2025-01-27,83.72
2025-01-28,84.66
2025-01-29,83.95
2025-01-30,83.85
2025-01-31,83.89
2025-02-03,81.96
2025-02-04,80.35
2025-02-05,82.09
2025-02-06,82.4
2025-02-07,81.19
2025-02-10,80.0
2025-02-11,82.11
2025-02-12,88.14
2025-02-13,89.54
2025-02-14,87.79
2025-02-17,98.76
2025-02-18,91.73
2025-02-19,94.5
2025-02-20,92.92
2025-02-21,92.36
2025-02-24,96.22
2025-02-25,93.68
2025-02-26,90.48
2025-02-27,89.3
2025-02-28,91.7
2025-03-03,90.77
2025-03-04,93.18
2025-03-05,90.52
2025-03-06,91.15
2025-03-07,91.07
2025-03-10,90.99
2025-03-11,90.7
2025-03-12,90.31
2025-03-13,89.86
2025-03-14,90.99
2025-03-17,92.6
2025-03-18,90.13
2025-03-19,90.65
2025-03-20,90.72
2025-03-21,89.82
2025-03-24,89.05
2025-03-25,90.99
2025-03-26,89.11
2025-03-27,87.07
2025-03-28,82.35
2025-03-31,81.96
2025-04-01,78.78
2025-04-02,79.88
2025-04-03,77.86
2025-04-04,72.25
2025-04-07,70.89
2025-04-08,67.76
2025-04-09,73.28
2025-04-10,73.16
2025-04-11,76.76
2025-04-14,75.5
2025-04-15,77.1
2025-04-16,79.73
2025-04-17,83.28
2025-04-18,83.3
2025-04-21,85.39
2025-04-22,86.32
2025-04-23,85.4
2025-04-24,85.52
2025-04-25,87.24
2025-04-28,98.55
2025-04-29,97.3
2025-04-30,98.1
2025-05-02,96.6
2025-05-05,96.19
2025-05-06,97.42
2025-05-07,97.64
2025-05-08,97.75
2025-05-12,99.72
2025-05-13,99.17
2025-05-14,97.0
2025-05-15,97.25
2025-05-16,97.19
2025-05-19,96.97
2025-05-20,96.3
2025-05-21,95.65
2025-05-22,95.18
2025-05-23,95.5
2025-05-26,92.25
2025-05-27,93.59
2025-05-28,95.78
2025-05-29,94.17
2025-05-30,93.9
2025-06-02,93.47
2025-06-03,95.41
2025-06-04,95.1
2025-06-05,95.44
2025-06-06,93.27
2025-06-09,94.27
2025-06-10,93.5
2025-06-11,93.44
2025-06-13,98.12
2025-06-16,96.69
2025-06-17,97.85
2025-06-18,97.37
2025-06-19,97.97
2025-06-20,101.75
2025-06-23,104.23
2025-06-24,106.45
2025-06-25,107.48
2025-06-26,106.46
2025-06-27,106.75
2025-06-30,106.22
2025-07-01,104.69
2025-07-02,102.57
2025-07-03,99.94
2025-07-04,99.38
2025-07-07,96.6
2025-07-08,94.38
2025-07-09,94.45
2025-07-10,93.46
2025-07-11,72.79
2025-07-14,74.91
2025-07-15,78.85
2025-07-16,79.38
2025-07-17,78.02
2025-07-18,81.0
2025-07-21,82.05
2025-07-22,82.51
2025-07-23,82.6
2025-07-24,82.28
2025-07-25,83.6
2025-07-28,79.59
2025-07-29,78.72
2025-07-30,78.19
2025-07-31,77.77
2025-08-01,76.68
2025-08-04,76.62
2025-08-05,78.85
2025-08-06,79.6
2025-08-07,79.6
2025-08-08,80.53
2025-08-11,79.52
2025-08-12,79.38
2025-08-13,78.98
2025-08-14,80.28
2025-08-15,80.28
2025-08-18,80.1
2025-08-19,79.51
2025-08-20,77.99
2025-08-21,76.63
2025-08-22,76.98
2025-08-25,76.32
2025-08-26,76.4
2025-08-27,76.55
2025-08-28,75.9
2025-08-29,75.15
2025-09-01,74.79
2025-09-02,74.02
2025-09-03,75.13
2025-09-04,75.74
2025-09-05,75.5
2025-09-08,75.23
2025-09-09,74.97
2025-09-10,74.1
2025-09-11,77.86
2025-09-12,75.86
2025-09-15,74.11
2025-09-16,72.97
2025-09-17,72.09
2025-09-18,71.83
2025-09-19,71.54
2025-09-22,70.94
2025-09-23,70.25
2025-09-24,70.78
2025-09-25,69.97
2025-09-26,69.19
2025-09-29,68.2
2025-09-30,68.16
2025-10-01,67.96
2025-10-02,67.49
2025-10-03,66.6
2025-10-06,67.52
2025-10-07,68.7
2025-10-08,66.04
2025-10-09,67.8
2025-10-10,67.0
2025-10-13,67.98
2025-10-14,67.25
2025-10-15,67.53
2025-10-16,71.24
2025-10-17,70.38
2025-10-20,70.69
2025-10-21,68.08
2025-10-22,67.13
2025-10-23,67.98
2025-10-24,67.28
2025-10-27,66.08
2025-10-28,68.1
2025-10-29,67.83
2025-10-30,68.82
2025-10-31,68.02
2025-11-01,68.25
2025-11-03,68.66
2025-11-05,69.41
2025-11-06,69.63
2025-11-07,69.89
2025-11-10,69.96
2025-11-11,70.21
2025-11-12,69.25
2025-11-13,69.18
2025-11-14,68.64
2025-11-17,68.49
2025-11-18,69.02
2025-11-19,69.9
2025-11-20,71.86
2025-11-21,71.16
2025-11-24,71.29
2025-11-25,72.04
2025-11-26,71.5
2025-11-27,70.51
2025-11-28,72.85
2025-12-01,72.47
2025-12-02,71.96
2025-12-03,71.87
2025-12-04,72.16
2025-12-05,73.17
2025-12-08,72.22
2025-12-09,72.87
2025-12-10,72.68
2025-12-11,72.9
2025-12-12,71.62
2025-12-15,71.85
2025-12-16,72.1
2025-12-17,72.0
2025-12-18,73.32
2025-12-19,73.07
2025-12-22,71.19
2025-12-23,71.88
2025-12-24,71.6
2025-12-25,71.4
2025-12-26,72.92
2025-12-29,72.17
2025-12-30,72.22
2026-01-05,71.55
2026-01-06,71.5
2026-01-08,71.07
2026-01-09,71.22
2026-01-12,71.34
2026-01-13,71.16
2026-01-14,70.91
2026-01-15,71.13
2026-01-16,71.98
2026-01-19,71.91
2026-01-20,71.85
2026-01-21,72.72
2026-01-22,72.82
2026-01-23,73.12
2026-01-26,72.29
2026-01-27,72.92
2026-01-28,73.28
2026-01-29,77.75
2026-01-30,77.47
2026-02-02,82.25
2026-02-03,81.37
2026-02-04,82.26
2026-02-05,81.27
2026-02-06,83.2
2026-02-09,82.615
2026-02-10,83.48
2026-02-11,83.9
2026-02-12,83.965
2026-02-13,87.62
2026-02-16,87.795
2026-02-17,89.4
2026-02-18,87.375
2026-02-19,85.51
2026-02-20,88.88
2026-02-24,87.38
2026-02-25,88.1
2026-02-26,87.32
2026-02-27,86.925
2026-03-02,85.045
2026-03-03,84.3
2026-03-04,83.8
2026-03-05,85.93
2026-03-06,86.02
2026-03-09,86.07
2026-03-10,85.51
2026-03-11,85.9
2026-03-12,85.69
2026-03-13,86.2
2026-03-16,86.45
2026-03-17,86.445
2026-03-18,86.445
2026-03-19,85.965
2026-03-20,85.905
2026-03-23,85.17
2026-03-24,85.56
2026-03-25,86.78
2026-03-26,84.52
2026-03-27,82.995
2026-03-30,83.39
2026-03-31,86.045
2026-04-01,88.135
2026-04-02,89.91
2026-04-03,91.66
2026-04-06,90.81
2026-04-07,91.15
2026-04-08,90.93
2026-04-09,90.145
2026-04-10,90.4
2026-04-13,91.955
2026-04-14,91.93
2026-04-15,93.75
2026-04-16,95.135
2026-04-17,95.405
2026-04-20,98.1
2026-04-21,95.81
2026-04-22,95.37
2026-04-23,94.02
2026-04-24,94.24
2026-04-27,93.31
2026-04-28,92.64
2026-04-29,92.86
2026-04-30,91.3
2026-05-04,89.91
2026-05-05,92.1
2026-05-06,91.92
2026-05-07,92.495
2026-05-08,92.35
2026-05-11,92.795
2026-05-12,94.05
2026-05-13,93.495
2026-05-14,90.11
2026-05-15,89.79
2026-05-18,90.21
2026-05-19,89.99
2026-05-20,89.755
2026-05-21,89.7
2026-05-22,89.81
2026-05-25,86.65
2026-05-26,80.215
2026-05-27,81.225
2026-05-28,79.0
2026-05-29,78.965
2026-06-01,78.255
2026-06-02,77.82
2026-06-03,76.79
2026-06-04,76.425
2026-06-05,76.04
2026-06-08,74.705
2026-06-09,74.77
2026-06-10,74.66
2026-06-11,75.1
2026-06-15,79.45
2026-06-16,78.545
2026-06-17,78.81
2026-06-18,76.58
2026-06-19,75.435
2026-06-22,71.055
2026-06-23,72.7
2026-06-24,71.455
2026-06-25,70.785
2026-06-26,71.67
2026-06-29,74.48
2026-06-30,73.825
2026-07-01,73.385
2026-07-02,71.17
2026-07-03,70.155
2026-07-06,64.185
2026-07-07,65.05
2026-07-08,64.605
2026-07-09,64.765
2026-07-10,64.32
2026-07-13,64.56
2026-07-14,65.0
2026-07-15,61.485
2026-07-16,57.175
2026-07-17,59.405
2026-07-20,55.885
2026-07-21,56.34
2026-07-22,57.67
2026-07-23,57.3
2026-07-24,59.3
2026-07-27,58.4
2026-07-28,56.675
2026-07-29,57.05
2026-07-30,56.335
2026-07-31,56.39
2026-08-03,57.565
2026-08-04,56.79
2026-08-05,56.82
2026-08-06,55.75
2026-08-07,55.55
2026-08-10,56.17
2026-08-11,58.46
2026-08-12,56.95
2026-08-13,55.495
2026-08-14,54.255
2026-08-17,52.17
2026-08-18,53.835
2026-08-19,53.88
2026-08-20,52.86
2026-08-21,53.075
2026-08-24,51.165
2026-08-25,51.445
2026-08-26,50.085
2026-08-27,50.79
2026-08-28,50.16
2026-08-31,51.865
2026-09-01,51.145
2026-09-02,51.85
2026-09-03,52.38
2026-09-04,52.895
2026-09-07,52.675
2026-09-08,52.28
2026-09-09,51.32
2026-09-10,52.165
2026-09-11,51.89
2026-09-14,52.39
2026-09-15,51.24
2026-09-16,50.38
2026-09-17,50.08
2026-09-18,50.16
